sample_id,relative_path,label
0,train/anger/10_image0000343.jpg,0
1,train/anger/10_image0000400.jpg,0
2,train/anger/10_image0000416.jpg,0
3,train/anger/10_image0000593.jpg,0
4,train/anger/10_image0000602.jpg,0
5,train/anger/10_image0000724.jpg,0
6,train/anger/10_image0000996.jpg,0
7,train/anger/10_image0001161.jpg,0
8,train/anger/10_image0001322.jpg,0
9,train/anger/10_image0001527.jpg,0
10,train/anger/10_image0001600.jpg,0
11,train/anger/10_image0001623.jpg,0
12,train/anger/10_image0001794.jpg,0
13,train/anger/10_image0001933.jpg,0
14,train/anger/10_image0001956.jpg,0
15,train/anger/10_image0001974.jpg,0
16,train/anger/10_image0002009.jpg,0
17,train/anger/10_image0002049.jpg,0
18,train/anger/10_image0002230.jpg,0
19,train/anger/10_image0002412.jpg,0
20,train/anger/10_image0002429.jpg,0
21,train/anger/10_image0002705.jpg,0
22,train/anger/10_image0002961.jpg,0
23,train/anger/10_image0002976.jpg,0
24,train/anger/10_image0003046.jpg,0
25,train/anger/10_image0003112.jpg,0
26,train/anger/10_image0003212.jpg,0
27,train/anger/10_image0003295.jpg,0
28,train/anger/10_image0004099.jpg,0
29,train/anger/10_image0004181.jpg,0
30,train/anger/10_image0004345.jpg,0
31,train/anger/10_image0004381.jpg,0
32,train/anger/10_image0004683.jpg,0
33,train/anger/10_image0004819.jpg,0
34,train/anger/10_image0004835.jpg,0
35,train/anger/10_image0005102.jpg,0
36,train/anger/10_image0005303.jpg,0
37,train/anger/10_image0005334.jpg,0
38,train/anger/10_image0005366.jpg,0
39,train/anger/10_image0005763.jpg,0
40,train/anger/10_image0005857.jpg,0
41,train/anger/10_image0005983.jpg,0
42,train/anger/10_image0006566.jpg,0
43,train/anger/10_image0006756.jpg,0
44,train/anger/10_image0006895.jpg,0
45,train/anger/10_image0006976.jpg,0
46,train/anger/10_image0006986.jpg,0
47,train/anger/10_image0007124.jpg,0
48,train/anger/10_image0007271.jpg,0
49,train/anger/10_image0007290.jpg,0
50,train/anger/10_image0007612.jpg,0
51,train/anger/10_image0007626.jpg,0
52,train/anger/10_image0007755.jpg,0
53,train/anger/10_image0008086.jpg,0
54,train/anger/10_image0008226.jpg,0
55,train/anger/10_image0008228.jpg,0
56,train/anger/10_image0008255.jpg,0
57,train/anger/10_image0008442.jpg,0
58,train/anger/10_image0008544.jpg,0
59,train/anger/10_image0008645.jpg,0
60,train/anger/10_image0008820.jpg,0
61,train/anger/10_image0008856.jpg,0
62,train/anger/10_image0009140.jpg,0
63,train/anger/10_image0009171.jpg,0
64,train/anger/10_image0009259.jpg,0
65,train/anger/10_image0009337.jpg,0
66,train/anger/10_image0009343.jpg,0
67,train/anger/10_image0009492.jpg,0
68,train/anger/10_image0009826.jpg,0
69,train/anger/10_image0009873.jpg,0
70,train/anger/10_image0010162.jpg,0
71,train/anger/10_image0010245.jpg,0
72,train/anger/10_image0010503.jpg,0
73,train/anger/10_image0010522.jpg,0
74,train/anger/10_image0010547.jpg,0
75,train/anger/10_image0010660.jpg,0
76,train/anger/10_image0010755.jpg,0
77,train/anger/10_image0010797.jpg,0
78,train/anger/10_image0010849.jpg,0
79,train/anger/10_image0010992.jpg,0
80,train/anger/10_image0011040.jpg,0
81,train/anger/10_image0011053.jpg,0
82,train/anger/10_image0011280.jpg,0
83,train/anger/10_image0011726.jpg,0
84,train/anger/10_image0011770.jpg,0
85,train/anger/10_image0011953.jpg,0
86,train/anger/10_image0011988.jpg,0
87,train/anger/10_image0012043.jpg,0
88,train/anger/10_image0012110.jpg,0
89,train/anger/10_image0012111.jpg,0
90,train/anger/10_image0012202.jpg,0
91,train/anger/10_image0012265.jpg,0
92,train/anger/10_image0012384.jpg,0
93,train/anger/10_image0012456.jpg,0
94,train/anger/10_image0012582.jpg,0
95,train/anger/10_image0012673.jpg,0
96,train/anger/10_image0012853.jpg,0
97,train/anger/10_image0013049.jpg,0
98,train/anger/10_image0013090.jpg,0
99,train/anger/10_image0013102.jpg,0
100,train/anger/10_image0013205.jpg,0
101,train/anger/10_image0013245.jpg,0
102,train/anger/10_image0013259.jpg,0
103,train/anger/10_image0013326.jpg,0
104,train/anger/10_image0013411.jpg,0
105,train/anger/10_image0013462.jpg,0
106,train/anger/10_image0013502.jpg,0
107,train/anger/10_image0013767.jpg,0
108,train/anger/10_image0013864.jpg,0
109,train/anger/10_image0013877.jpg,0
110,train/anger/10_image0014093.jpg,0
111,train/anger/10_image0014397.jpg,0
112,train/anger/10_image0014428.jpg,0
113,train/anger/10_image0014455.jpg,0
114,train/anger/10_image0014503.jpg,0
115,train/anger/10_image0014580.jpg,0
116,train/anger/10_image0014604.jpg,0
117,train/anger/10_image0014612.jpg,0
118,train/anger/10_image0014847.jpg,0
119,train/anger/10_image0015040.jpg,0
120,train/anger/10_image0015067.jpg,0
121,train/anger/10_image0015145.jpg,0
122,train/anger/10_image0015393.jpg,0
123,train/anger/10_image0015427.jpg,0
124,train/anger/10_image0015630.jpg,0
125,train/anger/10_image0015709.jpg,0
126,train/anger/10_image0015727.jpg,0
127,train/anger/10_image0015819.jpg,0
128,train/anger/10_image0015858.jpg,0
129,train/anger/10_image0015888.jpg,0
130,train/anger/10_image0015914.jpg,0
131,train/anger/10_image0015921.jpg,0
132,train/anger/10_image0016000.jpg,0
133,train/anger/10_image0016049.jpg,0
134,train/anger/10_image0016098.jpg,0
135,train/anger/10_image0016211.jpg,0
136,train/anger/10_image0016337.jpg,0
137,train/anger/10_image0016473.jpg,0
138,train/anger/10_image0016558.jpg,0
139,train/anger/10_image0016725.jpg,0
140,train/anger/10_image0016779.jpg,0
141,train/anger/10_image0016786.jpg,0
142,train/anger/10_image0016882.jpg,0
143,train/anger/10_image0016900.jpg,0
144,train/anger/10_image0016940.jpg,0
145,train/anger/10_image0016981.jpg,0
146,train/anger/10_image0017069.jpg,0
147,train/anger/10_image0017093.jpg,0
148,train/anger/10_image0017141.jpg,0
149,train/anger/10_image0017225.jpg,0
150,train/anger/10_image0017334.jpg,0
151,train/anger/10_image0017335.jpg,0
152,train/anger/10_image0017478.jpg,0
153,train/anger/10_image0017553.jpg,0
154,train/anger/10_image0017583.jpg,0
155,train/anger/10_image0017662.jpg,0
156,train/anger/10_image0017685.jpg,0
157,train/anger/10_image0017731.jpg,0
158,train/anger/10_image0017803.jpg,0
159,train/anger/10_image0017868.jpg,0
160,train/anger/10_image0017917.jpg,0
161,train/anger/10_image0017988.jpg,0
162,train/anger/10_image0018010.jpg,0
163,train/anger/10_image0018019.jpg,0
164,train/anger/10_image0018033.jpg,0
165,train/anger/10_image0018063.jpg,0
166,train/anger/10_image0018145.jpg,0
167,train/anger/10_image0018271.jpg,0
168,train/anger/10_image0018397.jpg,0
169,train/anger/10_image0018430.jpg,0
170,train/anger/10_image0018472.jpg,0
171,train/anger/10_image0018547.jpg,0
172,train/anger/10_image0018590.jpg,0
173,train/anger/10_image0018618.jpg,0
174,train/anger/10_image0018636.jpg,0
175,train/anger/10_image0018682.jpg,0
176,train/anger/10_image0018710.jpg,0
177,train/anger/10_image0018744.jpg,0
178,train/anger/10_image0018776.jpg,0
179,train/anger/10_image0018835.jpg,0
180,train/anger/10_image0018843.jpg,0
181,train/anger/10_image0018892.jpg,0
182,train/anger/10_image0018912.jpg,0
183,train/anger/10_image0018927.jpg,0
184,train/anger/10_image0018928.jpg,0
185,train/anger/10_image0019032.jpg,0
186,train/anger/10_image0019039.jpg,0
187,train/anger/10_image0019043.jpg,0
188,train/anger/10_image0019128.jpg,0
189,train/anger/10_image0019134.jpg,0
190,train/anger/10_image0019225.jpg,0
191,train/anger/10_image0019247.jpg,0
192,train/anger/10_image0019314.jpg,0
193,train/anger/10_image0019435.jpg,0
194,train/anger/10_image0019505.jpg,0
195,train/anger/10_image0019531.jpg,0
196,train/anger/10_image0019536.jpg,0
197,train/anger/10_image0019603.jpg,0
198,train/anger/10_image0019637.jpg,0
199,train/anger/10_image0019639.jpg,0
200,train/anger/10_image0019659.jpg,0
201,train/anger/10_image0019679.jpg,0
202,train/anger/10_image0019716.jpg,0
203,train/anger/10_image0019966.jpg,0
204,train/anger/10_image0019980.jpg,0
205,train/anger/10_image0020003.jpg,0
206,train/anger/10_image0020026.jpg,0
207,train/anger/10_image0020046.jpg,0
208,train/anger/10_image0020066.jpg,0
209,train/anger/10_image0020125.jpg,0
210,train/anger/10_image0020149.jpg,0
211,train/anger/10_image0020188.jpg,0
212,train/anger/10_image0020233.jpg,0
213,train/anger/10_image0020296.jpg,0
214,train/anger/10_image0020375.jpg,0
215,train/anger/10_image0020422.jpg,0
216,train/anger/10_image0020435.jpg,0
217,train/anger/10_image0020586.jpg,0
218,train/anger/10_image0020663.jpg,0
219,train/anger/10_image0020731.jpg,0
220,train/anger/10_image0020794.jpg,0
221,train/anger/10_image0020806.jpg,0
222,train/anger/10_image0020896.jpg,0
223,train/anger/10_image0020929.jpg,0
224,train/anger/10_image0020941.jpg,0
225,train/anger/10_image0021004.jpg,0
226,train/anger/10_image0021061.jpg,0
227,train/anger/10_image0021117.jpg,0
228,train/anger/10_image0021118.jpg,0
229,train/anger/10_image0021168.jpg,0
230,train/anger/10_image0021222.jpg,0
231,train/anger/10_image0021230.jpg,0
232,train/anger/10_image0021317.jpg,0
233,train/anger/10_image0021336.jpg,0
234,train/anger/10_image0021361.jpg,0
235,train/anger/10_image0021402.jpg,0
236,train/anger/10_image0021421.jpg,0
237,train/anger/10_image0021469.jpg,0
238,train/anger/10_image0021519.jpg,0
239,train/anger/10_image0021533.jpg,0
240,train/anger/10_image0021542.jpg,0
241,train/anger/10_image0021598.jpg,0
242,train/anger/10_image0021641.jpg,0
243,train/anger/10_image0021663.jpg,0
244,train/anger/10_image0021704.jpg,0
245,train/anger/10_image0021748.jpg,0
246,train/anger/10_image0021783.jpg,0
247,train/anger/10_image0021784.jpg,0
248,train/anger/10_image0021841.jpg,0
249,train/anger/10_image0021900.jpg,0
250,train/anger/10_image0021945.jpg,0
251,train/anger/10_image0022022.jpg,0
252,train/anger/10_image0022223.jpg,0
253,train/anger/10_image0022258.jpg,0
254,train/anger/10_image0022273.jpg,0
255,train/anger/10_image0022294.jpg,0
256,train/anger/10_image0022327.jpg,0
257,train/anger/10_image0022399.jpg,0
258,train/anger/10_image0022456.jpg,0
259,train/anger/10_image0022500.jpg,0
260,train/anger/10_image0022557.jpg,0
261,train/anger/10_image0022562.jpg,0
262,train/anger/10_image0022595.jpg,0
263,train/anger/10_image0022607.jpg,0
264,train/anger/10_image0022626.jpg,0
265,train/anger/10_image0022635.jpg,0
266,train/anger/10_image0022637.jpg,0
267,train/anger/10_image0022676.jpg,0
268,train/anger/10_image0022694.jpg,0
269,train/anger/10_image0022718.jpg,0
270,train/anger/10_image0022756.jpg,0
271,train/anger/10_image0022817.jpg,0
272,train/anger/10_image0022836.jpg,0
273,train/anger/10_image0022839.jpg,0
274,train/anger/10_image0022840.jpg,0
275,train/anger/10_image0022911.jpg,0
276,train/anger/10_image0022924.jpg,0
277,train/anger/10_image0022988.jpg,0
278,train/anger/10_image0023006.jpg,0
279,train/anger/10_image0023068.jpg,0
280,train/anger/10_image0023109.jpg,0
281,train/anger/10_image0023134.jpg,0
282,train/anger/10_image0023167.jpg,0
283,train/anger/10_image0023169.jpg,0
284,train/anger/10_image0023187.jpg,0
285,train/anger/10_image0023191.jpg,0
286,train/anger/10_image0023193.jpg,0
287,train/anger/10_image0023271.jpg,0
288,train/anger/10_image0023272.jpg,0
289,train/anger/10_image0023289.jpg,0
290,train/anger/10_image0023326.jpg,0
291,train/anger/10_image0023364.jpg,0
292,train/anger/10_image0023428.jpg,0
293,train/anger/10_image0023624.jpg,0
294,train/anger/10_image0023639.jpg,0
295,train/anger/10_image0023765.jpg,0
296,train/anger/10_image0023780.jpg,0
297,train/anger/10_image0023821.jpg,0
298,train/anger/10_image0023981.jpg,0
299,train/anger/10_image0024038.jpg,0
300,train/anger/10_image0024193.jpg,0
301,train/anger/10_image0024213.jpg,0
302,train/anger/10_image0024305.jpg,0
303,train/anger/10_image0024327.jpg,0
304,train/anger/10_image0024417.jpg,0
305,train/anger/10_image0024444.jpg,0
306,train/anger/10_image0024488.jpg,0
307,train/anger/10_image0024551.jpg,0
308,train/anger/10_image0024649.jpg,0
309,train/anger/10_image0024857.jpg,0
310,train/anger/10_image0024878.jpg,0
311,train/anger/10_image0024913.jpg,0
312,train/anger/10_image0024990.jpg,0
313,train/anger/10_image0025093.jpg,0
314,train/anger/10_image0025216.jpg,0
315,train/anger/10_image0025281.jpg,0
316,train/anger/10_image0025326.jpg,0
317,train/anger/10_image0025350.jpg,0
318,train/anger/10_image0025546.jpg,0
319,train/anger/10_image0025559.jpg,0
320,train/anger/10_image0025593.jpg,0
321,train/anger/10_image0025722.jpg,0
322,train/anger/10_image0025723.jpg,0
323,train/anger/10_image0025751.jpg,0
324,train/anger/10_image0025789.jpg,0
325,train/anger/10_image0025817.jpg,0
326,train/anger/10_image0025852.jpg,0
327,train/anger/10_image0025856.jpg,0
328,train/anger/10_image0025924.jpg,0
329,train/anger/10_image0025990.jpg,0
330,train/anger/10_image0026112.jpg,0
331,train/anger/10_image0026181.jpg,0
332,train/anger/10_image0026214.jpg,0
333,train/anger/10_image0026281.jpg,0
334,train/anger/10_image0026288.jpg,0
335,train/anger/10_image0026304.jpg,0
336,train/anger/10_image0026344.jpg,0
337,train/anger/10_image0026372.jpg,0
338,train/anger/10_image0026404.jpg,0
339,train/anger/10_image0026473.jpg,0
340,train/anger/10_image0026488.jpg,0
341,train/anger/10_image0026505.jpg,0
342,train/anger/10_image0026609.jpg,0
343,train/anger/10_image0026616.jpg,0
344,train/anger/10_image0026663.jpg,0
345,train/anger/10_image0026717.jpg,0
346,train/anger/10_image0026748.jpg,0
347,train/anger/10_image0026817.jpg,0
348,train/anger/10_image0026820.jpg,0
349,train/anger/10_image0026821.jpg,0
350,train/anger/10_image0026827.jpg,0
351,train/anger/10_image0026836.jpg,0
352,train/anger/10_image0026862.jpg,0
353,train/anger/10_image0026870.jpg,0
354,train/anger/10_image0026966.jpg,0
355,train/anger/10_image0026981.jpg,0
356,train/anger/10_image0027121.jpg,0
357,train/anger/10_image0027145.jpg,0
358,train/anger/10_image0027253.jpg,0
359,train/anger/10_image0027399.jpg,0
360,train/anger/10_image0027419.jpg,0
361,train/anger/10_image0027435.jpg,0
362,train/anger/10_image0027475.jpg,0
363,train/anger/10_image0027477.jpg,0
364,train/anger/10_image0027496.jpg,0
365,train/anger/10_image0027545.jpg,0
366,train/anger/10_image0027554.jpg,0
367,train/anger/10_image0027589.jpg,0
368,train/anger/10_image0027660.jpg,0
369,train/anger/10_image0027670.jpg,0
370,train/anger/10_image0027699.jpg,0
371,train/anger/10_image0027716.jpg,0
372,train/anger/10_image0027734.jpg,0
373,train/anger/10_image0027790.jpg,0
374,train/anger/10_image0027803.jpg,0
375,train/anger/10_image0027812.jpg,0
376,train/anger/10_image0027874.jpg,0
377,train/anger/10_image0027882.jpg,0
378,train/anger/10_image0027903.jpg,0
379,train/anger/10_image0027926.jpg,0
380,train/anger/10_image0027974.jpg,0
381,train/anger/10_image0028071.jpg,0
382,train/anger/10_image0028092.jpg,0
383,train/anger/10_image0028152.jpg,0
384,train/anger/10_image0028176.jpg,0
385,train/anger/10_image0028194.jpg,0
386,train/anger/10_image0028232.jpg,0
387,train/anger/10_image0028255.jpg,0
388,train/anger/10_image0028260.jpg,0
389,train/anger/10_image0028289.jpg,0
390,train/anger/10_image0028332.jpg,0
391,train/anger/10_image0028397.jpg,0
392,train/anger/10_image0028518.jpg,0
393,train/anger/10_image0028540.jpg,0
394,train/anger/10_image0028678.jpg,0
395,train/anger/10_image0028684.jpg,0
396,train/anger/10_image0028905.jpg,0
397,train/anger/10_image0028964.jpg,0
398,train/anger/10_image0029003.jpg,0
399,train/anger/10_image0029027.jpg,0
400,train/anger/10_image0029107.jpg,0
401,train/anger/10_image0029188.jpg,0
402,train/anger/10_image0029220.jpg,0
403,train/anger/10_image0029237.jpg,0
404,train/anger/10_image0029254.jpg,0
405,train/anger/10_image0029293.jpg,0
406,train/anger/10_image0029317.jpg,0
407,train/anger/10_image0029334.jpg,0
408,train/anger/10_image0029379.jpg,0
409,train/anger/10_image0029416.jpg,0
410,train/anger/10_image0029438.jpg,0
411,train/anger/10_image0029635.jpg,0
412,train/anger/10_image0029638.jpg,0
413,train/anger/10_image0029753.jpg,0
414,train/anger/10_image0029801.jpg,0
415,train/anger/10_image0029819.jpg,0
416,train/anger/10_image0029990.jpg,0
417,train/anger/10_image0030119.jpg,0
418,train/anger/10_image0030128.jpg,0
419,train/anger/10_image0030130.jpg,0
420,train/anger/10_image0030228.jpg,0
421,train/anger/10_image0030257.jpg,0
422,train/anger/10_image0030258.jpg,0
423,train/anger/10_image0030338.jpg,0
424,train/anger/10_image0030375.jpg,0
425,train/anger/10_image0030382.jpg,0
426,train/anger/10_image0030396.jpg,0
427,train/anger/10_image0030417.jpg,0
428,train/anger/10_image0030476.jpg,0
429,train/anger/10_image0030480.jpg,0
430,train/anger/10_image0030486.jpg,0
431,train/anger/10_image0030497.jpg,0
432,train/anger/10_image0030532.jpg,0
433,train/anger/10_image0030535.jpg,0
434,train/anger/10_image0030553.jpg,0
435,train/anger/10_image0030604.jpg,0
436,train/anger/10_image0030624.jpg,0
437,train/anger/10_image0030693.jpg,0
438,train/anger/10_image0030722.jpg,0
439,train/anger/15_image0000061.jpg,0
440,train/anger/15_image0000343.jpg,0
441,train/anger/15_image0000441.jpg,0
442,train/anger/15_image0000513.jpg,0
443,train/anger/15_image0000697.jpg,0
444,train/anger/15_image0000722.jpg,0
445,train/anger/15_image0000923.jpg,0
446,train/anger/15_image0001453.jpg,0
447,train/anger/15_image0001529.jpg,0
448,train/anger/15_image0001794.jpg,0
449,train/anger/15_image0002049.jpg,0
450,train/anger/15_image0002281.jpg,0
451,train/anger/15_image0002369.jpg,0
452,train/anger/15_image0002378.jpg,0
453,train/anger/15_image0002524.jpg,0
454,train/anger/15_image0002797.jpg,0
455,train/anger/15_image0002840.jpg,0
456,train/anger/15_image0003003.jpg,0
457,train/anger/15_image0003019.jpg,0
458,train/anger/15_image0003046.jpg,0
459,train/anger/15_image0003428.jpg,0
460,train/anger/15_image0003455.jpg,0
461,train/anger/15_image0003666.jpg,0
462,train/anger/15_image0003857.jpg,0
463,train/anger/15_image0004026.jpg,0
464,train/anger/15_image0004298.jpg,0
465,train/anger/15_image0004383.jpg,0
466,train/anger/15_image0004550.jpg,0
467,train/anger/15_image0004588.jpg,0
468,train/anger/15_image0004618.jpg,0
469,train/anger/15_image0004642.jpg,0
470,train/anger/15_image0005269.jpg,0
471,train/anger/15_image0005298.jpg,0
472,train/anger/15_image0005565.jpg,0
473,train/anger/15_image0005865.jpg,0
474,train/anger/15_image0005983.jpg,0
475,train/anger/15_image0006260.jpg,0
476,train/anger/15_image0006335.jpg,0
477,train/anger/15_image0006503.jpg,0
478,train/anger/15_image0006566.jpg,0
479,train/anger/15_image0006601.jpg,0
480,train/anger/15_image0006689.jpg,0
481,train/anger/15_image0007612.jpg,0
482,train/anger/15_image0008156.jpg,0
483,train/anger/15_image0008210.jpg,0
484,train/anger/15_image0008228.jpg,0
485,train/anger/15_image0008461.jpg,0
486,train/anger/15_image0008479.jpg,0
487,train/anger/15_image0008528.jpg,0
488,train/anger/15_image0008538.jpg,0
489,train/anger/15_image0008685.jpg,0
490,train/anger/15_image0008810.jpg,0
491,train/anger/15_image0008857.jpg,0
492,train/anger/15_image0009502.jpg,0
493,train/anger/15_image0009551.jpg,0
494,train/anger/15_image0009775.jpg,0
495,train/anger/15_image0010009.jpg,0
496,train/anger/15_image0010169.jpg,0
497,train/anger/15_image0010214.jpg,0
498,train/anger/15_image0010503.jpg,0
499,train/anger/15_image0010590.jpg,0
500,train/anger/15_image0010836.jpg,0
501,train/anger/15_image0010849.jpg,0
502,train/anger/15_image0010948.jpg,0
503,train/anger/15_image0011097.jpg,0
504,train/anger/15_image0011280.jpg,0
505,train/anger/15_image0011609.jpg,0
506,train/anger/15_image0011938.jpg,0
507,train/anger/15_image0012060.jpg,0
508,train/anger/15_image0012248.jpg,0
509,train/anger/15_image0012265.jpg,0
510,train/anger/15_image0012268.jpg,0
511,train/anger/15_image0012357.jpg,0
512,train/anger/15_image0012405.jpg,0
513,train/anger/15_image0012443.jpg,0
514,train/anger/15_image0012456.jpg,0
515,train/anger/15_image0012552.jpg,0
516,train/anger/15_image0012579.jpg,0
517,train/anger/15_image0012639.jpg,0
518,train/anger/15_image0012928.jpg,0
519,train/anger/15_image0012944.jpg,0
520,train/anger/15_image0012970.jpg,0
521,train/anger/15_image0013009.jpg,0
522,train/anger/15_image0013049.jpg,0
523,train/anger/15_image0013078.jpg,0
524,train/anger/15_image0013193.jpg,0
525,train/anger/15_image0013259.jpg,0
526,train/anger/15_image0013282.jpg,0
527,train/anger/15_image0013284.jpg,0
528,train/anger/15_image0013469.jpg,0
529,train/anger/15_image0013486.jpg,0
530,train/anger/15_image0013826.jpg,0
531,train/anger/15_image0013835.jpg,0
532,train/anger/15_image0014590.jpg,0
533,train/anger/15_image0014651.jpg,0
534,train/anger/15_image0014975.jpg,0
535,train/anger/15_image0015369.jpg,0
536,train/anger/15_image0015557.jpg,0
537,train/anger/15_image0015572.jpg,0
538,train/anger/15_image0015577.jpg,0
539,train/anger/15_image0015642.jpg,0
540,train/anger/15_image0015727.jpg,0
541,train/anger/15_image0015776.jpg,0
542,train/anger/15_image0015833.jpg,0
543,train/anger/15_image0015856.jpg,0
544,train/anger/15_image0015921.jpg,0
545,train/anger/15_image0015963.jpg,0
546,train/anger/15_image0016083.jpg,0
547,train/anger/15_image0016260.jpg,0
548,train/anger/15_image0016378.jpg,0
549,train/anger/15_image0016533.jpg,0
550,train/anger/15_image0016730.jpg,0
551,train/anger/15_image0016779.jpg,0
552,train/anger/15_image0016847.jpg,0
553,train/anger/15_image0016993.jpg,0
554,train/anger/15_image0017151.jpg,0
555,train/anger/15_image0017373.jpg,0
556,train/anger/15_image0017646.jpg,0
557,train/anger/15_image0017649.jpg,0
558,train/anger/15_image0017693.jpg,0
559,train/anger/15_image0017731.jpg,0
560,train/anger/15_image0017769.jpg,0
561,train/anger/15_image0017890.jpg,0
562,train/anger/15_image0017917.jpg,0
563,train/anger/15_image0018142.jpg,0
564,train/anger/15_image0018152.jpg,0
565,train/anger/15_image0018236.jpg,0
566,train/anger/15_image0018363.jpg,0
567,train/anger/15_image0018372.jpg,0
568,train/anger/15_image0018424.jpg,0
569,train/anger/15_image0018446.jpg,0
570,train/anger/15_image0018526.jpg,0
571,train/anger/15_image0018547.jpg,0
572,train/anger/15_image0018590.jpg,0
573,train/anger/15_image0018636.jpg,0
574,train/anger/15_image0018647.jpg,0
575,train/anger/15_image0018738.jpg,0
576,train/anger/15_image0018808.jpg,0
577,train/anger/15_image0018839.jpg,0
578,train/anger/15_image0018872.jpg,0
579,train/anger/15_image0018882.jpg,0
580,train/anger/15_image0018902.jpg,0
581,train/anger/15_image0018949.jpg,0
582,train/anger/15_image0018981.jpg,0
583,train/anger/15_image0018987.jpg,0
584,train/anger/15_image0019019.jpg,0
585,train/anger/15_image0019020.jpg,0
586,train/anger/15_image0019053.jpg,0
587,train/anger/15_image0019182.jpg,0
588,train/anger/15_image0019308.jpg,0
589,train/anger/15_image0019349.jpg,0
590,train/anger/15_image0019353.jpg,0
591,train/anger/15_image0019507.jpg,0
592,train/anger/15_image0019549.jpg,0
593,train/anger/15_image0019570.jpg,0
594,train/anger/15_image0019573.jpg,0
595,train/anger/15_image0019649.jpg,0
596,train/anger/15_image0019661.jpg,0
597,train/anger/15_image0019669.jpg,0
598,train/anger/15_image0019707.jpg,0
599,train/anger/15_image0019708.jpg,0
600,train/anger/15_image0019709.jpg,0
601,train/anger/15_image0019788.jpg,0
602,train/anger/15_image0019804.jpg,0
603,train/anger/15_image0019929.jpg,0
604,train/anger/15_image0019950.jpg,0
605,train/anger/15_image0019993.jpg,0
606,train/anger/15_image0020017.jpg,0
607,train/anger/15_image0020043.jpg,0
608,train/anger/15_image0020103.jpg,0
609,train/anger/15_image0020125.jpg,0
610,train/anger/15_image0020149.jpg,0
611,train/anger/15_image0020216.jpg,0
612,train/anger/15_image0020244.jpg,0
613,train/anger/15_image0020291.jpg,0
614,train/anger/15_image0020356.jpg,0
615,train/anger/15_image0020435.jpg,0
616,train/anger/15_image0020503.jpg,0
617,train/anger/15_image0020521.jpg,0
618,train/anger/15_image0020540.jpg,0
619,train/anger/15_image0020613.jpg,0
620,train/anger/15_image0020729.jpg,0
621,train/anger/15_image0020751.jpg,0
622,train/anger/15_image0020821.jpg,0
623,train/anger/15_image0020825.jpg,0
624,train/anger/15_image0020872.jpg,0
625,train/anger/15_image0020904.jpg,0
626,train/anger/15_image0021004.jpg,0
627,train/anger/15_image0021045.jpg,0
628,train/anger/15_image0021056.jpg,0
629,train/anger/15_image0021112.jpg,0
630,train/anger/15_image0021210.jpg,0
631,train/anger/15_image0021250.jpg,0
632,train/anger/15_image0021299.jpg,0
633,train/anger/15_image0021317.jpg,0
634,train/anger/15_image0021361.jpg,0
635,train/anger/15_image0021436.jpg,0
636,train/anger/15_image0021444.jpg,0
637,train/anger/15_image0021502.jpg,0
638,train/anger/15_image0021575.jpg,0
639,train/anger/15_image0021607.jpg,0
640,train/anger/15_image0021678.jpg,0
641,train/anger/15_image0021695.jpg,0
642,train/anger/15_image0021722.jpg,0
643,train/anger/15_image0021810.jpg,0
644,train/anger/15_image0021846.jpg,0
645,train/anger/15_image0021881.jpg,0
646,train/anger/15_image0021889.jpg,0
647,train/anger/15_image0021900.jpg,0
648,train/anger/15_image0021955.jpg,0
649,train/anger/15_image0022045.jpg,0
650,train/anger/15_image0022105.jpg,0
651,train/anger/15_image0022130.jpg,0
652,train/anger/15_image0022225.jpg,0
653,train/anger/15_image0022267.jpg,0
654,train/anger/15_image0022289.jpg,0
655,train/anger/15_image0022383.jpg,0
656,train/anger/15_image0022418.jpg,0
657,train/anger/15_image0022455.jpg,0
658,train/anger/15_image0022456.jpg,0
659,train/anger/15_image0022495.jpg,0
660,train/anger/15_image0022500.jpg,0
661,train/anger/15_image0022523.jpg,0
662,train/anger/15_image0022532.jpg,0
663,train/anger/15_image0022557.jpg,0
664,train/anger/15_image0022616.jpg,0
665,train/anger/15_image0022681.jpg,0
666,train/anger/15_image0022698.jpg,0
667,train/anger/15_image0022810.jpg,0
668,train/anger/15_image0022865.jpg,0
669,train/anger/15_image0022876.jpg,0
670,train/anger/15_image0022877.jpg,0
671,train/anger/15_image0022976.jpg,0
672,train/anger/15_image0023014.jpg,0
673,train/anger/15_image0023016.jpg,0
674,train/anger/15_image0023228.jpg,0
675,train/anger/15_image0023279.jpg,0
676,train/anger/15_image0023396.jpg,0
677,train/anger/15_image0023471.jpg,0
678,train/anger/15_image0023528.jpg,0
679,train/anger/15_image0023571.jpg,0
680,train/anger/15_image0023601.jpg,0
681,train/anger/15_image0023717.jpg,0
682,train/anger/15_image0023733.jpg,0
683,train/anger/15_image0023765.jpg,0
684,train/anger/15_image0023827.jpg,0
685,train/anger/15_image0023829.jpg,0
686,train/anger/15_image0023832.jpg,0
687,train/anger/15_image0023944.jpg,0
688,train/anger/15_image0023981.jpg,0
689,train/anger/15_image0024068.jpg,0
690,train/anger/15_image0024155.jpg,0
691,train/anger/15_image0024244.jpg,0
692,train/anger/15_image0024258.jpg,0
693,train/anger/15_image0024272.jpg,0
694,train/anger/15_image0024273.jpg,0
695,train/anger/15_image0024280.jpg,0
696,train/anger/15_image0024303.jpg,0
697,train/anger/15_image0024308.jpg,0
698,train/anger/15_image0024340.jpg,0
699,train/anger/15_image0024343.jpg,0
700,train/anger/15_image0024347.jpg,0
701,train/anger/15_image0024386.jpg,0
702,train/anger/15_image0024402.jpg,0
703,train/anger/15_image0024425.jpg,0
704,train/anger/15_image0024454.jpg,0
705,train/anger/15_image0024488.jpg,0
706,train/anger/15_image0024632.jpg,0
707,train/anger/15_image0024646.jpg,0
708,train/anger/15_image0024704.jpg,0
709,train/anger/15_image0024773.jpg,0
710,train/anger/15_image0024857.jpg,0
711,train/anger/15_image0024865.jpg,0
712,train/anger/15_image0024939.jpg,0
713,train/anger/15_image0024969.jpg,0
714,train/anger/15_image0025045.jpg,0
715,train/anger/15_image0025079.jpg,0
716,train/anger/15_image0025081.jpg,0
717,train/anger/15_image0025099.jpg,0
718,train/anger/15_image0025126.jpg,0
719,train/anger/15_image0025255.jpg,0
720,train/anger/15_image0025281.jpg,0
721,train/anger/15_image0025288.jpg,0
722,train/anger/15_image0025337.jpg,0
723,train/anger/15_image0025385.jpg,0
724,train/anger/15_image0025390.jpg,0
725,train/anger/15_image0025393.jpg,0
726,train/anger/15_image0025410.jpg,0
727,train/anger/15_image0025491.jpg,0
728,train/anger/15_image0025498.jpg,0
729,train/anger/15_image0025499.jpg,0
730,train/anger/15_image0025545.jpg,0
731,train/anger/15_image0025546.jpg,0
732,train/anger/15_image0025593.jpg,0
733,train/anger/15_image0025624.jpg,0
734,train/anger/15_image0025647.jpg,0
735,train/anger/15_image0025685.jpg,0
736,train/anger/15_image0025695.jpg,0
737,train/anger/15_image0025700.jpg,0
738,train/anger/15_image0025723.jpg,0
739,train/anger/15_image0025749.jpg,0
740,train/anger/15_image0025789.jpg,0
741,train/anger/15_image0025840.jpg,0
742,train/anger/15_image0025852.jpg,0
743,train/anger/15_image0025860.jpg,0
744,train/anger/15_image0025917.jpg,0
745,train/anger/15_image0026258.jpg,0
746,train/anger/15_image0026280.jpg,0
747,train/anger/15_image0026389.jpg,0
748,train/anger/15_image0026483.jpg,0
749,train/anger/15_image0026591.jpg,0
750,train/anger/15_image0026594.jpg,0
751,train/anger/15_image0026609.jpg,0
752,train/anger/15_image0026616.jpg,0
753,train/anger/15_image0026643.jpg,0
754,train/anger/15_image0026680.jpg,0
755,train/anger/15_image0026705.jpg,0
756,train/anger/15_image0026752.jpg,0
757,train/anger/15_image0026759.jpg,0
758,train/anger/15_image0026778.jpg,0
759,train/anger/15_image0026820.jpg,0
760,train/anger/15_image0026823.jpg,0
761,train/anger/15_image0026853.jpg,0
762,train/anger/15_image0026911.jpg,0
763,train/anger/15_image0026971.jpg,0
764,train/anger/15_image0027024.jpg,0
765,train/anger/15_image0027042.jpg,0
766,train/anger/15_image0027062.jpg,0
767,train/anger/15_image0027232.jpg,0
768,train/anger/15_image0027266.jpg,0
769,train/anger/15_image0027283.jpg,0
770,train/anger/15_image0027285.jpg,0
771,train/anger/15_image0027308.jpg,0
772,train/anger/15_image0027397.jpg,0
773,train/anger/15_image0027523.jpg,0
774,train/anger/15_image0027605.jpg,0
775,train/anger/15_image0027656.jpg,0
776,train/anger/15_image0027670.jpg,0
777,train/anger/15_image0027698.jpg,0
778,train/anger/15_image0027732.jpg,0
779,train/anger/15_image0027734.jpg,0
780,train/anger/15_image0027797.jpg,0
781,train/anger/15_image0027909.jpg,0
782,train/anger/15_image0027974.jpg,0
783,train/anger/15_image0028071.jpg,0
784,train/anger/15_image0028095.jpg,0
785,train/anger/15_image0028099.jpg,0
786,train/anger/15_image0028225.jpg,0
787,train/anger/15_image0028251.jpg,0
788,train/anger/15_image0028338.jpg,0
789,train/anger/15_image0028357.jpg,0
790,train/anger/15_image0028368.jpg,0
791,train/anger/15_image0028400.jpg,0
792,train/anger/15_image0028446.jpg,0
793,train/anger/15_image0028506.jpg,0
794,train/anger/15_image0028518.jpg,0
795,train/anger/15_image0028592.jpg,0
796,train/anger/15_image0028627.jpg,0
797,train/anger/15_image0028657.jpg,0
798,train/anger/15_image0028696.jpg,0
799,train/anger/15_image0028730.jpg,0
800,train/anger/15_image0028773.jpg,0
801,train/anger/15_image0028825.jpg,0
802,train/anger/15_image0028833.jpg,0
803,train/anger/15_image0028856.jpg,0
804,train/anger/15_image0028937.jpg,0
805,train/anger/15_image0028965.jpg,0
806,train/anger/15_image0029033.jpg,0
807,train/anger/15_image0029088.jpg,0
808,train/anger/15_image0029188.jpg,0
809,train/anger/15_image0029307.jpg,0
810,train/anger/15_image0029353.jpg,0
811,train/anger/15_image0029355.jpg,0
812,train/anger/15_image0029383.jpg,0
813,train/anger/15_image0029485.jpg,0
814,train/anger/15_image0029594.jpg,0
815,train/anger/15_image0029652.jpg,0
816,train/anger/15_image0029773.jpg,0
817,train/anger/15_image0029815.jpg,0
818,train/anger/15_image0029818.jpg,0
819,train/anger/15_image0029902.jpg,0
820,train/anger/15_image0029950.jpg,0
821,train/anger/15_image0029959.jpg,0
822,train/anger/15_image0030018.jpg,0
823,train/anger/15_image0030030.jpg,0
824,train/anger/15_image0030083.jpg,0
825,train/anger/15_image0030107.jpg,0
826,train/anger/15_image0030128.jpg,0
827,train/anger/15_image0030260.jpg,0
828,train/anger/15_image0030300.jpg,0
829,train/anger/15_image0030364.jpg,0
830,train/anger/15_image0030417.jpg,0
831,train/anger/15_image0030429.jpg,0
832,train/anger/15_image0030447.jpg,0
833,train/anger/15_image0030486.jpg,0
834,train/anger/15_image0030535.jpg,0
835,train/anger/15_image0030581.jpg,0
836,train/anger/15_image0030595.jpg,0
837,train/anger/15_image0030668.jpg,0
838,train/anger/15_image0030677.jpg,0
839,train/anger/15_image0030683.jpg,0
840,train/anger/15_image0030688.jpg,0
841,train/anger/15_image0030706.jpg,0
842,train/anger/15_image0030722.jpg,0
843,train/anger/15_image0030745.jpg,0
844,train/anger/5_image0000007.jpg,0
845,train/anger/5_image0000068.jpg,0
846,train/anger/5_image0000182.jpg,0
847,train/anger/5_image0000294.jpg,0
848,train/anger/5_image0000346.jpg,0
849,train/anger/5_image0000356.jpg,0
850,train/anger/5_image0000400.jpg,0
851,train/anger/5_image0000450.jpg,0
852,train/anger/5_image0000972.jpg,0
853,train/anger/5_image0001015.jpg,0
854,train/anger/5_image0001348.jpg,0
855,train/anger/5_image0001375.jpg,0
856,train/anger/5_image0001524.jpg,0
857,train/anger/5_image0001688.jpg,0
858,train/anger/5_image0001741.jpg,0
859,train/anger/5_image0001857.jpg,0
860,train/anger/5_image0001916.jpg,0
861,train/anger/5_image0001956.jpg,0
862,train/anger/5_image0002046.jpg,0
863,train/anger/5_image0002378.jpg,0
864,train/anger/5_image0002429.jpg,0
865,train/anger/5_image0002520.jpg,0
866,train/anger/5_image0002639.jpg,0
867,train/anger/5_image0002685.jpg,0
868,train/anger/5_image0002725.jpg,0
869,train/anger/5_image0002955.jpg,0
870,train/anger/5_image0002986.jpg,0
871,train/anger/5_image0002989.jpg,0
872,train/anger/5_image0003019.jpg,0
873,train/anger/5_image0003112.jpg,0
874,train/anger/5_image0003305.jpg,0
875,train/anger/5_image0003351.jpg,0
876,train/anger/5_image0003820.jpg,0
877,train/anger/5_image0003920.jpg,0
878,train/anger/5_image0003961.jpg,0
879,train/anger/5_image0004004.jpg,0
880,train/anger/5_image0004341.jpg,0
881,train/anger/5_image0004445.jpg,0
882,train/anger/5_image0004496.jpg,0
883,train/anger/5_image0004504.jpg,0
884,train/anger/5_image0004835.jpg,0
885,train/anger/5_image0004848.jpg,0
886,train/anger/5_image0005124.jpg,0
887,train/anger/5_image0005396.jpg,0
888,train/anger/5_image0005516.jpg,0
889,train/anger/5_image0005558.jpg,0
890,train/anger/5_image0005680.jpg,0
891,train/anger/5_image0005865.jpg,0
892,train/anger/5_image0006224.jpg,0
893,train/anger/5_image0006294.jpg,0
894,train/anger/5_image0006544.jpg,0
895,train/anger/5_image0006661.jpg,0
896,train/anger/5_image0006756.jpg,0
897,train/anger/5_image0006839.jpg,0
898,train/anger/5_image0006945.jpg,0
899,train/anger/5_image0006971.jpg,0
900,train/anger/5_image0007281.jpg,0
901,train/anger/5_image0007612.jpg,0
902,train/anger/5_image0007945.jpg,0
903,train/anger/5_image0008030.jpg,0
904,train/anger/5_image0008411.jpg,0
905,train/anger/5_image0008605.jpg,0
906,train/anger/5_image0008695.jpg,0
907,train/anger/5_image0008894.jpg,0
908,train/anger/5_image0008971.jpg,0
909,train/anger/5_image0009020.jpg,0
910,train/anger/5_image0009055.jpg,0
911,train/anger/5_image0009066.jpg,0
912,train/anger/5_image0009157.jpg,0
913,train/anger/5_image0009337.jpg,0
914,train/anger/5_image0009439.jpg,0
915,train/anger/5_image0009551.jpg,0
916,train/anger/5_image0009654.jpg,0
917,train/anger/5_image0010009.jpg,0
918,train/anger/5_image0010015.jpg,0
919,train/anger/5_image0010050.jpg,0
920,train/anger/5_image0010151.jpg,0
921,train/anger/5_image0010590.jpg,0
922,train/anger/5_image0010859.jpg,0
923,train/anger/5_image0011040.jpg,0
924,train/anger/5_image0011187.jpg,0
925,train/anger/5_image0011356.jpg,0
926,train/anger/5_image0011411.jpg,0
927,train/anger/5_image0011609.jpg,0
928,train/anger/5_image0011843.jpg,0
929,train/anger/5_image0012110.jpg,0
930,train/anger/5_image0012225.jpg,0
931,train/anger/5_image0012330.jpg,0
932,train/anger/5_image0012379.jpg,0
933,train/anger/5_image0012579.jpg,0
934,train/anger/5_image0012695.jpg,0
935,train/anger/5_image0012775.jpg,0
936,train/anger/5_image0012884.jpg,0
937,train/anger/5_image0013025.jpg,0
938,train/anger/5_image0013203.jpg,0
939,train/anger/5_image0013247.jpg,0
940,train/anger/5_image0013257.jpg,0
941,train/anger/5_image0013345.jpg,0
942,train/anger/5_image0013498.jpg,0
943,train/anger/5_image0013514.jpg,0
944,train/anger/5_image0013550.jpg,0
945,train/anger/5_image0013627.jpg,0
946,train/anger/5_image0013786.jpg,0
947,train/anger/5_image0013831.jpg,0
948,train/anger/5_image0013835.jpg,0
949,train/anger/5_image0013857.jpg,0
950,train/anger/5_image0013872.jpg,0
951,train/anger/5_image0013918.jpg,0
952,train/anger/5_image0013974.jpg,0
953,train/anger/5_image0014100.jpg,0
954,train/anger/5_image0014344.jpg,0
955,train/anger/5_image0014354.jpg,0
956,train/anger/5_image0014503.jpg,0
957,train/anger/5_image0014542.jpg,0
958,train/anger/5_image0014776.jpg,0
959,train/anger/5_image0014798.jpg,0
960,train/anger/5_image0015004.jpg,0
961,train/anger/5_image0015044.jpg,0
962,train/anger/5_image0015111.jpg,0
963,train/anger/5_image0015244.jpg,0
964,train/anger/5_image0015639.jpg,0
965,train/anger/5_image0015727.jpg,0
966,train/anger/5_image0015833.jpg,0
967,train/anger/5_image0015924.jpg,0
968,train/anger/5_image0015939.jpg,0
969,train/anger/5_image0016055.jpg,0
970,train/anger/5_image0016098.jpg,0
971,train/anger/5_image0016173.jpg,0
972,train/anger/5_image0016323.jpg,0
973,train/anger/5_image0016392.jpg,0
974,train/anger/5_image0016473.jpg,0
975,train/anger/5_image0016476.jpg,0
976,train/anger/5_image0016495.jpg,0
977,train/anger/5_image0016780.jpg,0
978,train/anger/5_image0016786.jpg,0
979,train/anger/5_image0016847.jpg,0
980,train/anger/5_image0017225.jpg,0
981,train/anger/5_image0017324.jpg,0
982,train/anger/5_image0017367.jpg,0
983,train/anger/5_image0017883.jpg,0
984,train/anger/5_image0017917.jpg,0
985,train/anger/5_image0017922.jpg,0
986,train/anger/5_image0017988.jpg,0
987,train/anger/5_image0018002.jpg,0
988,train/anger/5_image0018015.jpg,0
989,train/anger/5_image0018033.jpg,0
990,train/anger/5_image0018102.jpg,0
991,train/anger/5_image0018156.jpg,0
992,train/anger/5_image0018172.jpg,0
993,train/anger/5_image0018175.jpg,0
994,train/anger/5_image0018220.jpg,0
995,train/anger/5_image0018233.jpg,0
996,train/anger/5_image0018361.jpg,0
997,train/anger/5_image0018487.jpg,0
998,train/anger/5_image0018522.jpg,0
999,train/anger/5_image0018544.jpg,0
1000,train/anger/5_image0018611.jpg,0
1001,train/anger/5_image0018618.jpg,0
1002,train/anger/5_image0018709.jpg,0
1003,train/anger/5_image0018776.jpg,0
1004,train/anger/5_image0018827.jpg,0
1005,train/anger/5_image0018854.jpg,0
1006,train/anger/5_image0018877.jpg,0
1007,train/anger/5_image0018915.jpg,0
1008,train/anger/5_image0019039.jpg,0
1009,train/anger/5_image0019058.jpg,0
1010,train/anger/5_image0019165.jpg,0
1011,train/anger/5_image0019310.jpg,0
1012,train/anger/5_image0019436.jpg,0
1013,train/anger/5_image0019449.jpg,0
1014,train/anger/5_image0019467.jpg,0
1015,train/anger/5_image0019513.jpg,0
1016,train/anger/5_image0019515.jpg,0
1017,train/anger/5_image0019570.jpg,0
1018,train/anger/5_image0019603.jpg,0
1019,train/anger/5_image0019606.jpg,0
1020,train/anger/5_image0019621.jpg,0
1021,train/anger/5_image0019679.jpg,0
1022,train/anger/5_image0019750.jpg,0
1023,train/anger/5_image0019774.jpg,0
1024,train/anger/5_image0019792.jpg,0
1025,train/anger/5_image0019892.jpg,0
1026,train/anger/5_image0019930.jpg,0
1027,train/anger/5_image0020017.jpg,0
1028,train/anger/5_image0020026.jpg,0
1029,train/anger/5_image0020027.jpg,0
1030,train/anger/5_image0020112.jpg,0
1031,train/anger/5_image0020219.jpg,0
1032,train/anger/5_image0020265.jpg,0
1033,train/anger/5_image0020375.jpg,0
1034,train/anger/5_image0020386.jpg,0
1035,train/anger/5_image0020585.jpg,0
1036,train/anger/5_image0020685.jpg,0
1037,train/anger/5_image0020783.jpg,0
1038,train/anger/5_image0020892.jpg,0
1039,train/anger/5_image0020904.jpg,0
1040,train/anger/5_image0020908.jpg,0
1041,train/anger/5_image0020941.jpg,0
1042,train/anger/5_image0021004.jpg,0
1043,train/anger/5_image0021062.jpg,0
1044,train/anger/5_image0021102.jpg,0
1045,train/anger/5_image0021124.jpg,0
1046,train/anger/5_image0021167.jpg,0
1047,train/anger/5_image0021361.jpg,0
1048,train/anger/5_image0021388.jpg,0
1049,train/anger/5_image0021396.jpg,0
1050,train/anger/5_image0021458.jpg,0
1051,train/anger/5_image0021520.jpg,0
1052,train/anger/5_image0021539.jpg,0
1053,train/anger/5_image0021542.jpg,0
1054,train/anger/5_image0021732.jpg,0
1055,train/anger/5_image0021747.jpg,0
1056,train/anger/5_image0021790.jpg,0
1057,train/anger/5_image0021822.jpg,0
1058,train/anger/5_image0021825.jpg,0
1059,train/anger/5_image0021869.jpg,0
1060,train/anger/5_image0021964.jpg,0
1061,train/anger/5_image0021977.jpg,0
1062,train/anger/5_image0022023.jpg,0
1063,train/anger/5_image0022071.jpg,0
1064,train/anger/5_image0022096.jpg,0
1065,train/anger/5_image0022103.jpg,0
1066,train/anger/5_image0022139.jpg,0
1067,train/anger/5_image0022156.jpg,0
1068,train/anger/5_image0022165.jpg,0
1069,train/anger/5_image0022209.jpg,0
1070,train/anger/5_image0022292.jpg,0
1071,train/anger/5_image0022327.jpg,0
1072,train/anger/5_image0022392.jpg,0
1073,train/anger/5_image0022443.jpg,0
1074,train/anger/5_image0022679.jpg,0
1075,train/anger/5_image0022697.jpg,0
1076,train/anger/5_image0022718.jpg,0
1077,train/anger/5_image0022756.jpg,0
1078,train/anger/5_image0022839.jpg,0
1079,train/anger/5_image0022876.jpg,0
1080,train/anger/5_image0022966.jpg,0
1081,train/anger/5_image0022973.jpg,0
1082,train/anger/5_image0022975.jpg,0
1083,train/anger/5_image0022976.jpg,0
1084,train/anger/5_image0023010.jpg,0
1085,train/anger/5_image0023013.jpg,0
1086,train/anger/5_image0023018.jpg,0
1087,train/anger/5_image0023066.jpg,0
1088,train/anger/5_image0023113.jpg,0
1089,train/anger/5_image0023132.jpg,0
1090,train/anger/5_image0023134.jpg,0
1091,train/anger/5_image0023153.jpg,0
1092,train/anger/5_image0023174.jpg,0
1093,train/anger/5_image0023191.jpg,0
1094,train/anger/5_image0023212.jpg,0
1095,train/anger/5_image0023272.jpg,0
1096,train/anger/5_image0023289.jpg,0
1097,train/anger/5_image0023348.jpg,0
1098,train/anger/5_image0023366.jpg,0
1099,train/anger/5_image0023425.jpg,0
1100,train/anger/5_image0023537.jpg,0
1101,train/anger/5_image0023564.jpg,0
1102,train/anger/5_image0023618.jpg,0
1103,train/anger/5_image0023666.jpg,0
1104,train/anger/5_image0023709.jpg,0
1105,train/anger/5_image0023723.jpg,0
1106,train/anger/5_image0023764.jpg,0
1107,train/anger/5_image0023829.jpg,0
1108,train/anger/5_image0023944.jpg,0
1109,train/anger/5_image0024023.jpg,0
1110,train/anger/5_image0024055.jpg,0
1111,train/anger/5_image0024073.jpg,0
1112,train/anger/5_image0024110.jpg,0
1113,train/anger/5_image0024161.jpg,0
1114,train/anger/5_image0024202.jpg,0
1115,train/anger/5_image0024223.jpg,0
1116,train/anger/5_image0024261.jpg,0
1117,train/anger/5_image0024263.jpg,0
1118,train/anger/5_image0024325.jpg,0
1119,train/anger/5_image0024340.jpg,0
1120,train/anger/5_image0024344.jpg,0
1121,train/anger/5_image0024376.jpg,0
1122,train/anger/5_image0024454.jpg,0
1123,train/anger/5_image0024478.jpg,0
1124,train/anger/5_image0024516.jpg,0
1125,train/anger/5_image0024658.jpg,0
1126,train/anger/5_image0024704.jpg,0
1127,train/anger/5_image0024716.jpg,0
1128,train/anger/5_image0024820.jpg,0
1129,train/anger/5_image0024862.jpg,0
1130,train/anger/5_image0024891.jpg,0
1131,train/anger/5_image0024936.jpg,0
1132,train/anger/5_image0024939.jpg,0
1133,train/anger/5_image0024941.jpg,0
1134,train/anger/5_image0024990.jpg,0
1135,train/anger/5_image0025093.jpg,0
1136,train/anger/5_image0025126.jpg,0
1137,train/anger/5_image0025255.jpg,0
1138,train/anger/5_image0025288.jpg,0
1139,train/anger/5_image0025369.jpg,0
1140,train/anger/5_image0025386.jpg,0
1141,train/anger/5_image0025428.jpg,0
1142,train/anger/5_image0025440.jpg,0
1143,train/anger/5_image0025445.jpg,0
1144,train/anger/5_image0025459.jpg,0
1145,train/anger/5_image0025617.jpg,0
1146,train/anger/5_image0025700.jpg,0
1147,train/anger/5_image0025817.jpg,0
1148,train/anger/5_image0025829.jpg,0
1149,train/anger/5_image0025948.jpg,0
1150,train/anger/5_image0026001.jpg,0
1151,train/anger/5_image0026181.jpg,0
1152,train/anger/5_image0026269.jpg,0
1153,train/anger/5_image0026309.jpg,0
1154,train/anger/5_image0026324.jpg,0
1155,train/anger/5_image0026381.jpg,0
1156,train/anger/5_image0026404.jpg,0
1157,train/anger/5_image0026477.jpg,0
1158,train/anger/5_image0026483.jpg,0
1159,train/anger/5_image0026543.jpg,0
1160,train/anger/5_image0026586.jpg,0
1161,train/anger/5_image0026587.jpg,0
1162,train/anger/5_image0026594.jpg,0
1163,train/anger/5_image0026667.jpg,0
1164,train/anger/5_image0026674.jpg,0
1165,train/anger/5_image0026690.jpg,0
1166,train/anger/5_image0026817.jpg,0
1167,train/anger/5_image0026836.jpg,0
1168,train/anger/5_image0026844.jpg,0
1169,train/anger/5_image0026859.jpg,0
1170,train/anger/5_image0026902.jpg,0
1171,train/anger/5_image0026940.jpg,0
1172,train/anger/5_image0026956.jpg,0
1173,train/anger/5_image0026971.jpg,0
1174,train/anger/5_image0026996.jpg,0
1175,train/anger/5_image0026998.jpg,0
1176,train/anger/5_image0027024.jpg,0
1177,train/anger/5_image0027042.jpg,0
1178,train/anger/5_image0027063.jpg,0
1179,train/anger/5_image0027074.jpg,0
1180,train/anger/5_image0027082.jpg,0
1181,train/anger/5_image0027097.jpg,0
1182,train/anger/5_image0027142.jpg,0
1183,train/anger/5_image0027175.jpg,0
1184,train/anger/5_image0027245.jpg,0
1185,train/anger/5_image0027254.jpg,0
1186,train/anger/5_image0027276.jpg,0
1187,train/anger/5_image0027283.jpg,0
1188,train/anger/5_image0027308.jpg,0
1189,train/anger/5_image0027383.jpg,0
1190,train/anger/5_image0027397.jpg,0
1191,train/anger/5_image0027402.jpg,0
1192,train/anger/5_image0027450.jpg,0
1193,train/anger/5_image0027457.jpg,0
1194,train/anger/5_image0027637.jpg,0
1195,train/anger/5_image0027670.jpg,0
1196,train/anger/5_image0027698.jpg,0
1197,train/anger/5_image0027745.jpg,0
1198,train/anger/5_image0027752.jpg,0
1199,train/anger/5_image0027812.jpg,0
1200,train/anger/5_image0027857.jpg,0
1201,train/anger/5_image0027901.jpg,0
1202,train/anger/5_image0027918.jpg,0
1203,train/anger/5_image0027955.jpg,0
1204,train/anger/5_image0027957.jpg,0
1205,train/anger/5_image0028043.jpg,0
1206,train/anger/5_image0028085.jpg,0
1207,train/anger/5_image0028116.jpg,0
1208,train/anger/5_image0028131.jpg,0
1209,train/anger/5_image0028160.jpg,0
1210,train/anger/5_image0028176.jpg,0
1211,train/anger/5_image0028194.jpg,0
1212,train/anger/5_image0028197.jpg,0
1213,train/anger/5_image0028289.jpg,0
1214,train/anger/5_image0028339.jpg,0
1215,train/anger/5_image0028514.jpg,0
1216,train/anger/5_image0028517.jpg,0
1217,train/anger/5_image0028550.jpg,0
1218,train/anger/5_image0028562.jpg,0
1219,train/anger/5_image0028563.jpg,0
1220,train/anger/5_image0028597.jpg,0
1221,train/anger/5_image0028667.jpg,0
1222,train/anger/5_image0028808.jpg,0
1223,train/anger/5_image0028889.jpg,0
1224,train/anger/5_image0028894.jpg,0
1225,train/anger/5_image0028928.jpg,0
1226,train/anger/5_image0029006.jpg,0
1227,train/anger/5_image0029184.jpg,0
1228,train/anger/5_image0029188.jpg,0
1229,train/anger/5_image0029208.jpg,0
1230,train/anger/5_image0029216.jpg,0
1231,train/anger/5_image0029228.jpg,0
1232,train/anger/5_image0029411.jpg,0
1233,train/anger/5_image0029469.jpg,0
1234,train/anger/5_image0029497.jpg,0
1235,train/anger/5_image0029576.jpg,0
1236,train/anger/5_image0029618.jpg,0
1237,train/anger/5_image0029663.jpg,0
1238,train/anger/5_image0029714.jpg,0
1239,train/anger/5_image0029719.jpg,0
1240,train/anger/5_image0029754.jpg,0
1241,train/anger/5_image0029761.jpg,0
1242,train/anger/5_image0029791.jpg,0
1243,train/anger/5_image0029817.jpg,0
1244,train/anger/5_image0029849.jpg,0
1245,train/anger/5_image0029904.jpg,0
1246,train/anger/5_image0030030.jpg,0
1247,train/anger/5_image0030095.jpg,0
1248,train/anger/5_image0030124.jpg,0
1249,train/anger/5_image0030128.jpg,0
1250,train/anger/5_image0030162.jpg,0
1251,train/anger/5_image0030164.jpg,0
1252,train/anger/5_image0030228.jpg,0
1253,train/anger/5_image0030237.jpg,0
1254,train/anger/5_image0030257.jpg,0
1255,train/anger/5_image0030260.jpg,0
1256,train/anger/5_image0030272.jpg,0
1257,train/anger/5_image0030338.jpg,0
1258,train/anger/5_image0030401.jpg,0
1259,train/anger/5_image0030435.jpg,0
1260,train/anger/5_image0030453.jpg,0
1261,train/anger/5_image0030467.jpg,0
1262,train/anger/5_image0030511.jpg,0
1263,train/anger/5_image0030517.jpg,0
1264,train/anger/5_image0030534.jpg,0
1265,train/anger/5_image0030562.jpg,0
1266,train/anger/5_image0030618.jpg,0
1267,train/anger/5_image0030632.jpg,0
1268,train/anger/5_image0030636.jpg,0
1269,train/anger/5_image0030654.jpg,0
1270,train/anger/5_image0030677.jpg,0
1271,train/anger/5_image0030693.jpg,0
1272,train/anger/5_image0030696.jpg,0
1273,train/anger/5_image0030706.jpg,0
1274,train/anger/5_image0030737.jpg,0
1275,train/contempt/10_ffhq_103.png,1
1276,train/contempt/10_ffhq_28.png,1
1277,train/contempt/10_ffhq_31.png,1
1278,train/contempt/10_ffhq_38.png,1
1279,train/contempt/10_ffhq_40.png,1
1280,train/contempt/10_ffhq_42.png,1
1281,train/contempt/10_ffhq_46.png,1
1282,train/contempt/10_ffhq_51.png,1
1283,train/contempt/10_ffhq_55.png,1
1284,train/contempt/10_ffhq_59.png,1
1285,train/contempt/10_ffhq_62.png,1
1286,train/contempt/10_ffhq_74.png,1
1287,train/contempt/10_ffhq_78.png,1
1288,train/contempt/10_ffhq_8.png,1
1289,train/contempt/10_ffhq_96.png,1
1290,train/contempt/10_image0001105.jpg,1
1291,train/contempt/10_image0001426.jpg,1
1292,train/contempt/10_image0001548.jpg,1
1293,train/contempt/10_image0003677.jpg,1
1294,train/contempt/10_image0004082.jpg,1
1295,train/contempt/10_image0004543.jpg,1
1296,train/contempt/10_image0004625.jpg,1
1297,train/contempt/10_image0005049.jpg,1
1298,train/contempt/10_image0005168.jpg,1
1299,train/contempt/10_image0005400.jpg,1
1300,train/contempt/10_image0005444.jpg,1
1301,train/contempt/10_image0005446.jpg,1
1302,train/contempt/10_image0005904.jpg,1
1303,train/contempt/10_image0006716.jpg,1
1304,train/contempt/10_image0008189.jpg,1
1305,train/contempt/10_image0008252.jpg,1
1306,train/contempt/10_image0008574.jpg,1
1307,train/contempt/10_image0009728.jpg,1
1308,train/contempt/10_image0010401.jpg,1
1309,train/contempt/10_image0011115.jpg,1
1310,train/contempt/10_image0011207.jpg,1
1311,train/contempt/10_image0013217.jpg,1
1312,train/contempt/10_image0013280.jpg,1
1313,train/contempt/10_image0013393.jpg,1
1314,train/contempt/10_image0014112.jpg,1
1315,train/contempt/10_image0014228.jpg,1
1316,train/contempt/10_image0014242.jpg,1
1317,train/contempt/10_image0014390.jpg,1
1318,train/contempt/10_image0014656.jpg,1
1319,train/contempt/10_image0016145.jpg,1
1320,train/contempt/10_image0016807.jpg,1
1321,train/contempt/10_image0016888.jpg,1
1322,train/contempt/10_image0017537.jpg,1
1323,train/contempt/10_image0017968.jpg,1
1324,train/contempt/10_image0018018.jpg,1
1325,train/contempt/10_image0018022.jpg,1
1326,train/contempt/10_image0018023.jpg,1
1327,train/contempt/10_image0018777.jpg,1
1328,train/contempt/10_image0018960.jpg,1
1329,train/contempt/10_image0018978.jpg,1
1330,train/contempt/10_image0019015.jpg,1
1331,train/contempt/10_image0019296.jpg,1
1332,train/contempt/10_image0019462.jpg,1
1333,train/contempt/10_image0020071.jpg,1
1334,train/contempt/10_image0020127.jpg,1
1335,train/contempt/10_image0020163.jpg,1
1336,train/contempt/10_image0020261.jpg,1
1337,train/contempt/10_image0020298.jpg,1
1338,train/contempt/10_image0020492.jpg,1
1339,train/contempt/10_image0020693.jpg,1
1340,train/contempt/10_image0020708.jpg,1
1341,train/contempt/10_image0020810.jpg,1
1342,train/contempt/10_image0021012.jpg,1
1343,train/contempt/10_image0021019.jpg,1
1344,train/contempt/10_image0021186.jpg,1
1345,train/contempt/10_image0021198.jpg,1
1346,train/contempt/10_image0021209.jpg,1
1347,train/contempt/10_image0021263.jpg,1
1348,train/contempt/10_image0021302.jpg,1
1349,train/contempt/10_image0021935.jpg,1
1350,train/contempt/10_image0022259.jpg,1
1351,train/contempt/10_image0022333.jpg,1
1352,train/contempt/10_image0022580.jpg,1
1353,train/contempt/10_image0023051.jpg,1
1354,train/contempt/10_image0023740.jpg,1
1355,train/contempt/10_image0023868.jpg,1
1356,train/contempt/10_image0024044.jpg,1
1357,train/contempt/10_image0024701.jpg,1
1358,train/contempt/10_image0024780.jpg,1
1359,train/contempt/10_image0025077.jpg,1
1360,train/contempt/10_image0025475.jpg,1
1361,train/contempt/10_image0025839.jpg,1
1362,train/contempt/10_image0025935.jpg,1
1363,train/contempt/10_image0026243.jpg,1
1364,train/contempt/10_image0026640.jpg,1
1365,train/contempt/10_image0026685.jpg,1
1366,train/contempt/10_image0026795.jpg,1
1367,train/contempt/10_image0026892.jpg,1
1368,train/contempt/10_image0027022.jpg,1
1369,train/contempt/10_image0027174.jpg,1
1370,train/contempt/10_image0027237.jpg,1
1371,train/contempt/10_image0027258.jpg,1
1372,train/contempt/10_image0027280.jpg,1
1373,train/contempt/10_image0027552.jpg,1
1374,train/contempt/10_image0027894.jpg,1
1375,train/contempt/10_image0028105.jpg,1
1376,train/contempt/10_image0028249.jpg,1
1377,train/contempt/10_image0028526.jpg,1
1378,train/contempt/10_image0028546.jpg,1
1379,train/contempt/10_image0028738.jpg,1
1380,train/contempt/10_image0029150.jpg,1
1381,train/contempt/10_image0029176.jpg,1
1382,train/contempt/10_image0029437.jpg,1
1383,train/contempt/10_image0029624.jpg,1
1384,train/contempt/10_image0029872.jpg,1
1385,train/contempt/10_image0029919.jpg,1
1386,train/contempt/10_image0029944.jpg,1
1387,train/contempt/10_image0030003.jpg,1
1388,train/contempt/10_image0030070.jpg,1
1389,train/contempt/10_image0030187.jpg,1
1390,train/contempt/10_image0030769.jpg,1
1391,train/contempt/10_image0030802.jpg,1
1392,train/contempt/10_image0030814.jpg,1
1393,train/contempt/10_image0030872.jpg,1
1394,train/contempt/10_image0030873.jpg,1
1395,train/contempt/10_image0030887.jpg,1
1396,train/contempt/10_image0030901.jpg,1
1397,train/contempt/10_image0030920.jpg,1
1398,train/contempt/10_image0031015.jpg,1
1399,train/contempt/10_image0031023.jpg,1
1400,train/contempt/10_image0031032.jpg,1
1401,train/contempt/10_image0031100.jpg,1
1402,train/contempt/10_image0031104.jpg,1
1403,train/contempt/10_image0031492.jpg,1
1404,train/contempt/10_image0031575.jpg,1
1405,train/contempt/10_image0031616.jpg,1
1406,train/contempt/10_image0031659.jpg,1
1407,train/contempt/10_image0031664.jpg,1
1408,train/contempt/10_image0031704.jpg,1
1409,train/contempt/10_image0031707.jpg,1
1410,train/contempt/10_image0031731.jpg,1
1411,train/contempt/10_image0031880.jpg,1
1412,train/contempt/10_image0031889.jpg,1
1413,train/contempt/10_image0031942.jpg,1
1414,train/contempt/10_image0032294.jpg,1
1415,train/contempt/10_image0032304.jpg,1
1416,train/contempt/10_image0032344.jpg,1
1417,train/contempt/10_image0032363.jpg,1
1418,train/contempt/10_image0032396.jpg,1
1419,train/contempt/10_image0032442.jpg,1
1420,train/contempt/10_image0032450.jpg,1
1421,train/contempt/10_image0032548.jpg,1
1422,train/contempt/10_image0032672.jpg,1
1423,train/contempt/10_image0032679.jpg,1
1424,train/contempt/10_image0032729.jpg,1
1425,train/contempt/10_image0032915.jpg,1
1426,train/contempt/10_image0032996.jpg,1
1427,train/contempt/10_image0033076.jpg,1
1428,train/contempt/10_image0033184.jpg,1
1429,train/contempt/10_image0033411.jpg,1
1430,train/contempt/10_image0033491.jpg,1
1431,train/contempt/10_image0033561.jpg,1
1432,train/contempt/10_image0033582.jpg,1
1433,train/contempt/10_image0033594.jpg,1
1434,train/contempt/10_image0033659.jpg,1
1435,train/contempt/10_image0033685.jpg,1
1436,train/contempt/10_image0033688.jpg,1
1437,train/contempt/10_image0033721.jpg,1
1438,train/contempt/10_image0033911.jpg,1
1439,train/contempt/10_image0034118.jpg,1
1440,train/contempt/10_image0034142.jpg,1
1441,train/contempt/10_image0034247.jpg,1
1442,train/contempt/10_image0034468.jpg,1
1443,train/contempt/10_image0034492.jpg,1
1444,train/contempt/10_image0034510.jpg,1
1445,train/contempt/10_image0034591.jpg,1
1446,train/contempt/10_image0034840.jpg,1
1447,train/contempt/10_image0034851.jpg,1
1448,train/contempt/10_image0034922.jpg,1
1449,train/contempt/10_image0034972.jpg,1
1450,train/contempt/10_image0034984.jpg,1
1451,train/contempt/10_image0035016.jpg,1
1452,train/contempt/10_image0035022.jpg,1
1453,train/contempt/10_image0035035.jpg,1
1454,train/contempt/10_image0035045.jpg,1
1455,train/contempt/10_image0035074.jpg,1
1456,train/contempt/10_image0035122.jpg,1
1457,train/contempt/10_image0035132.jpg,1
1458,train/contempt/10_image0035236.jpg,1
1459,train/contempt/10_image0035252.jpg,1
1460,train/contempt/10_image0035272.jpg,1
1461,train/contempt/10_image0035318.jpg,1
1462,train/contempt/10_image0035382.jpg,1
1463,train/contempt/10_image0035385.jpg,1
1464,train/contempt/10_image0035443.jpg,1
1465,train/contempt/10_image0035473.jpg,1
1466,train/contempt/10_image0035509.jpg,1
1467,train/contempt/10_image0035534.jpg,1
1468,train/contempt/10_image0035608.jpg,1
1469,train/contempt/10_image0035697.jpg,1
1470,train/contempt/10_image0035762.jpg,1
1471,train/contempt/10_image0035779.jpg,1
1472,train/contempt/10_image0035798.jpg,1
1473,train/contempt/10_image0035825.jpg,1
1474,train/contempt/10_image0035921.jpg,1
1475,train/contempt/10_image0035983.jpg,1
1476,train/contempt/10_image0036037.jpg,1
1477,train/contempt/10_image0036039.jpg,1
1478,train/contempt/10_image0036070.jpg,1
1479,train/contempt/10_image0036130.jpg,1
1480,train/contempt/10_image0036144.jpg,1
1481,train/contempt/10_image0036152.jpg,1
1482,train/contempt/10_image0036243.jpg,1
1483,train/contempt/10_image0036270.jpg,1
1484,train/contempt/10_image0036299.jpg,1
1485,train/contempt/10_image0036308.jpg,1
1486,train/contempt/10_image0036323.jpg,1
1487,train/contempt/10_image0036404.jpg,1
1488,train/contempt/10_image0036414.jpg,1
1489,train/contempt/10_image0036418.jpg,1
1490,train/contempt/10_image0036426.jpg,1
1491,train/contempt/10_image0036478.jpg,1
1492,train/contempt/10_image0036677.jpg,1
1493,train/contempt/10_image0036701.jpg,1
1494,train/contempt/10_image0036750.jpg,1
1495,train/contempt/10_image0036768.jpg,1
1496,train/contempt/10_image0036852.jpg,1
1497,train/contempt/10_image0036865.jpg,1
1498,train/contempt/10_image0036896.jpg,1
1499,train/contempt/10_image0036958.jpg,1
1500,train/contempt/10_image0036976.jpg,1
1501,train/contempt/10_image0036978.jpg,1
1502,train/contempt/10_image0036985.jpg,1
1503,train/contempt/10_image0036999.jpg,1
1504,train/contempt/10_image0037015.jpg,1
1505,train/contempt/10_image0037040.jpg,1
1506,train/contempt/10_image0037049.jpg,1
1507,train/contempt/10_image0037067.jpg,1
1508,train/contempt/10_image0037106.jpg,1
1509,train/contempt/10_image0037119.jpg,1
1510,train/contempt/10_image0037153.jpg,1
1511,train/contempt/10_image0037163.jpg,1
1512,train/contempt/10_image0037170.jpg,1
1513,train/contempt/10_image0037197.jpg,1
1514,train/contempt/10_image0037227.jpg,1
1515,train/contempt/10_image0037248.jpg,1
1516,train/contempt/10_image0037249.jpg,1
1517,train/contempt/10_image0037281.jpg,1
1518,train/contempt/10_image0037344.jpg,1
1519,train/contempt/10_image0037348.jpg,1
1520,train/contempt/10_image0037389.jpg,1
1521,train/contempt/10_image0037411.jpg,1
1522,train/contempt/10_image0037431.jpg,1
1523,train/contempt/10_image0037477.jpg,1
1524,train/contempt/10_image0037497.jpg,1
1525,train/contempt/10_image0037508.jpg,1
1526,train/contempt/10_image0037522.jpg,1
1527,train/contempt/10_image0037551.jpg,1
1528,train/contempt/10_image0037563.jpg,1
1529,train/contempt/10_image0037577.jpg,1
1530,train/contempt/10_image0037596.jpg,1
1531,train/contempt/10_image0037621.jpg,1
1532,train/contempt/10_image0037724.jpg,1
1533,train/contempt/10_image0037770.jpg,1
1534,train/contempt/10_image0037797.jpg,1
1535,train/contempt/10_image0037810.jpg,1
1536,train/contempt/10_image0037840.jpg,1
1537,train/contempt/10_image0037900.jpg,1
1538,train/contempt/10_image0037901.jpg,1
1539,train/contempt/10_image0037983.jpg,1
1540,train/contempt/10_image0038011.jpg,1
1541,train/contempt/10_image0038046.jpg,1
1542,train/contempt/10_image0038183.jpg,1
1543,train/contempt/10_image0038236.jpg,1
1544,train/contempt/10_image0038279.jpg,1
1545,train/contempt/10_image0038322.jpg,1
1546,train/contempt/10_image0038371.jpg,1
1547,train/contempt/10_image0038397.jpg,1
1548,train/contempt/10_image0038418.jpg,1
1549,train/contempt/10_image0038506.jpg,1
1550,train/contempt/10_image0038510.jpg,1
1551,train/contempt/10_image0038591.jpg,1
1552,train/contempt/10_image0038646.jpg,1
1553,train/contempt/10_image0038650.jpg,1
1554,train/contempt/10_image0038708.jpg,1
1555,train/contempt/10_image0038831.jpg,1
1556,train/contempt/10_image0038844.jpg,1
1557,train/contempt/10_image0038851.jpg,1
1558,train/contempt/10_image0038866.jpg,1
1559,train/contempt/10_image0038891.jpg,1
1560,train/contempt/10_image0038900.jpg,1
1561,train/contempt/10_image0038949.jpg,1
1562,train/contempt/10_image0039067.jpg,1
1563,train/contempt/10_image0039081.jpg,1
1564,train/contempt/10_image0039126.jpg,1
1565,train/contempt/10_image0039136.jpg,1
1566,train/contempt/10_image0039153.jpg,1
1567,train/contempt/10_image0039164.jpg,1
1568,train/contempt/10_image0039210.jpg,1
1569,train/contempt/10_image0039219.jpg,1
1570,train/contempt/10_image0039253.jpg,1
1571,train/contempt/10_image0039258.jpg,1
1572,train/contempt/10_image0039259.jpg,1
1573,train/contempt/10_image0039270.jpg,1
1574,train/contempt/10_image0039304.jpg,1
1575,train/contempt/10_image0039409.jpg,1
1576,train/contempt/10_image0039436.jpg,1
1577,train/contempt/10_image0039456.jpg,1
1578,train/contempt/10_image0039481.jpg,1
1579,train/contempt/10_image0039557.jpg,1
1580,train/contempt/10_image0039596.jpg,1
1581,train/contempt/10_image0039621.jpg,1
1582,train/contempt/10_image0039736.jpg,1
1583,train/contempt/10_image0039775.jpg,1
1584,train/contempt/10_image0039791.jpg,1
1585,train/contempt/10_image0039828.jpg,1
1586,train/contempt/10_image0039832.jpg,1
1587,train/contempt/10_image0039837.jpg,1
1588,train/contempt/10_image0040000.jpg,1
1589,train/contempt/10_image0040038.jpg,1
1590,train/contempt/10_image0040055.jpg,1
1591,train/contempt/10_image0040116.jpg,1
1592,train/contempt/10_image0040147.jpg,1
1593,train/contempt/10_image0040203.jpg,1
1594,train/contempt/10_image0040216.jpg,1
1595,train/contempt/10_image0040253.jpg,1
1596,train/contempt/10_image0040266.jpg,1
1597,train/contempt/10_image0040341.jpg,1
1598,train/contempt/10_image0040572.jpg,1
1599,train/contempt/10_image0040618.jpg,1
1600,train/contempt/10_image0040713.jpg,1
1601,train/contempt/10_image0040751.jpg,1
1602,train/contempt/10_image0040799.jpg,1
1603,train/contempt/10_image0040835.jpg,1
1604,train/contempt/10_image0040853.jpg,1
1605,train/contempt/10_image0040866.jpg,1
1606,train/contempt/10_image0040897.jpg,1
1607,train/contempt/10_image0040910.jpg,1
1608,train/contempt/10_image0040911.jpg,1
1609,train/contempt/10_image0040919.jpg,1
1610,train/contempt/10_image0040922.jpg,1
1611,train/contempt/10_image0040958.jpg,1
1612,train/contempt/10_image0040969.jpg,1
1613,train/contempt/10_image0040992.jpg,1
1614,train/contempt/10_image0040995.jpg,1
1615,train/contempt/10_image0041005.jpg,1
1616,train/contempt/10_image0041020.jpg,1
1617,train/contempt/10_image0041027.jpg,1
1618,train/contempt/10_image0041039.jpg,1
1619,train/contempt/10_image0041045.jpg,1
1620,train/contempt/10_image0041049.jpg,1
1621,train/contempt/10_image0041050.jpg,1
1622,train/contempt/10_image0041054.jpg,1
1623,train/contempt/10_image0041114.jpg,1
1624,train/contempt/10_image0041116.jpg,1
1625,train/contempt/10_image0041144.jpg,1
1626,train/contempt/10_image0041153.jpg,1
1627,train/contempt/10_image0041163.jpg,1
1628,train/contempt/10_image0041179.jpg,1
1629,train/contempt/10_image0041184.jpg,1
1630,train/contempt/10_image0041193.jpg,1
1631,train/contempt/10_image0041236.jpg,1
1632,train/contempt/10_image0041253.jpg,1
1633,train/contempt/10_image0041256.jpg,1
1634,train/contempt/10_image0041277.jpg,1
1635,train/contempt/10_image0041283.jpg,1
1636,train/contempt/10_image0041325.jpg,1
1637,train/contempt/10_image0041327.jpg,1
1638,train/contempt/10_image0041360.jpg,1
1639,train/contempt/10_image0041378.jpg,1
1640,train/contempt/10_image0041397.jpg,1
1641,train/contempt/10_image0041418.jpg,1
1642,train/contempt/10_image0041448.jpg,1
1643,train/contempt/10_image0041454.jpg,1
1644,train/contempt/10_image0041484.jpg,1
1645,train/contempt/10_image0041505.jpg,1
1646,train/contempt/10_image0041506.jpg,1
1647,train/contempt/10_image0041553.jpg,1
1648,train/contempt/10_image0041564.jpg,1
1649,train/contempt/10_image0041594.jpg,1
1650,train/contempt/10_image0041606.jpg,1
1651,train/contempt/10_image0041620.jpg,1
1652,train/contempt/10_image0041621.jpg,1
1653,train/contempt/10_image0041701.jpg,1
1654,train/contempt/10_image0041712.jpg,1
1655,train/contempt/10_image0041751.jpg,1
1656,train/contempt/10_image0041764.jpg,1
1657,train/contempt/10_image0041781.jpg,1
1658,train/contempt/10_image0041784.jpg,1
1659,train/contempt/10_image0041790.jpg,1
1660,train/contempt/10_image0041801.jpg,1
1661,train/contempt/10_image0041811.jpg,1
1662,train/contempt/10_image0041815.jpg,1
1663,train/contempt/10_image0041822.jpg,1
1664,train/contempt/10_image0041825.jpg,1
1665,train/contempt/10_image0041858.jpg,1
1666,train/contempt/10_image0041864.jpg,1
1667,train/contempt/10_image0041868.jpg,1
1668,train/contempt/10_image0041917.jpg,1
1669,train/contempt/10_image0041941.jpg,1
1670,train/contempt/10_image0041958.jpg,1
1671,train/contempt/10_image0041984.jpg,1
1672,train/contempt/10_image0041991.jpg,1
1673,train/contempt/10_image0041998.jpg,1
1674,train/contempt/10_image0042002.jpg,1
1675,train/contempt/10_image0042025.jpg,1
1676,train/contempt/10_image0042029.jpg,1
1677,train/contempt/10_image0042061.jpg,1
1678,train/contempt/10_image0042085.jpg,1
1679,train/contempt/10_image0042088.jpg,1
1680,train/contempt/10_image0042103.jpg,1
1681,train/contempt/10_image0042159.jpg,1
1682,train/contempt/10_image0042168.jpg,1
1683,train/contempt/10_image0042179.jpg,1
1684,train/contempt/10_image0042216.jpg,1
1685,train/contempt/10_image0042231.jpg,1
1686,train/contempt/10_image0042249.jpg,1
1687,train/contempt/10_image0042313.jpg,1
1688,train/contempt/10_image0042321.jpg,1
1689,train/contempt/10_image0042361.jpg,1
1690,train/contempt/10_image0042401.jpg,1
1691,train/contempt/10_image0042418.jpg,1
1692,train/contempt/10_image0042419.jpg,1
1693,train/contempt/10_image0042428.jpg,1
1694,train/contempt/10_image0042430.jpg,1
1695,train/contempt/10_image0042459.jpg,1
1696,train/contempt/10_image0042470.jpg,1
1697,train/contempt/10_image0042471.jpg,1
1698,train/contempt/10_image0042478.jpg,1
1699,train/contempt/10_image0042500.jpg,1
1700,train/contempt/10_image0042512.jpg,1
1701,train/contempt/15_ffhq_104.png,1
1702,train/contempt/15_ffhq_11.png,1
1703,train/contempt/15_ffhq_31.png,1
1704,train/contempt/15_ffhq_37.png,1
1705,train/contempt/15_ffhq_77.png,1
1706,train/contempt/15_image0000094.jpg,1
1707,train/contempt/15_image0001151.jpg,1
1708,train/contempt/15_image0001548.jpg,1
1709,train/contempt/15_image0002529.jpg,1
1710,train/contempt/15_image0003252.jpg,1
1711,train/contempt/15_image0003550.jpg,1
1712,train/contempt/15_image0005049.jpg,1
1713,train/contempt/15_image0005168.jpg,1
1714,train/contempt/15_image0006798.jpg,1
1715,train/contempt/15_image0006942.jpg,1
1716,train/contempt/15_image0010551.jpg,1
1717,train/contempt/15_image0010927.jpg,1
1718,train/contempt/15_image0011103.jpg,1
1719,train/contempt/15_image0011688.jpg,1
1720,train/contempt/15_image0012347.jpg,1
1721,train/contempt/15_image0012419.jpg,1
1722,train/contempt/15_image0012652.jpg,1
1723,train/contempt/15_image0012700.jpg,1
1724,train/contempt/15_image0012729.jpg,1
1725,train/contempt/15_image0012831.jpg,1
1726,train/contempt/15_image0013113.jpg,1
1727,train/contempt/15_image0013370.jpg,1
1728,train/contempt/15_image0014656.jpg,1
1729,train/contempt/15_image0015117.jpg,1
1730,train/contempt/15_image0015511.jpg,1
1731,train/contempt/15_image0016446.jpg,1
1732,train/contempt/15_image0016547.jpg,1
1733,train/contempt/15_image0016888.jpg,1
1734,train/contempt/15_image0017158.jpg,1
1735,train/contempt/15_image0017601.jpg,1
1736,train/contempt/15_image0017629.jpg,1
1737,train/contempt/15_image0018023.jpg,1
1738,train/contempt/15_image0018128.jpg,1
1739,train/contempt/15_image0018234.jpg,1
1740,train/contempt/15_image0018458.jpg,1
1741,train/contempt/15_image0018524.jpg,1
1742,train/contempt/15_image0018777.jpg,1
1743,train/contempt/15_image0019201.jpg,1
1744,train/contempt/15_image0019359.jpg,1
1745,train/contempt/15_image0019462.jpg,1
1746,train/contempt/15_image0020008.jpg,1
1747,train/contempt/15_image0020181.jpg,1
1748,train/contempt/15_image0020298.jpg,1
1749,train/contempt/15_image0020865.jpg,1
1750,train/contempt/15_image0021012.jpg,1
1751,train/contempt/15_image0021030.jpg,1
1752,train/contempt/15_image0021134.jpg,1
1753,train/contempt/15_image0021209.jpg,1
1754,train/contempt/15_image0021302.jpg,1
1755,train/contempt/15_image0021568.jpg,1
1756,train/contempt/15_image0021921.jpg,1
1757,train/contempt/15_image0022706.jpg,1
1758,train/contempt/15_image0022812.jpg,1
1759,train/contempt/15_image0023043.jpg,1
1760,train/contempt/15_image0023211.jpg,1
1761,train/contempt/15_image0023251.jpg,1
1762,train/contempt/15_image0023324.jpg,1
1763,train/contempt/15_image0023414.jpg,1
1764,train/contempt/15_image0023439.jpg,1
1765,train/contempt/15_image0023658.jpg,1
1766,train/contempt/15_image0023773.jpg,1
1767,train/contempt/15_image0024541.jpg,1
1768,train/contempt/15_image0024569.jpg,1
1769,train/contempt/15_image0025343.jpg,1
1770,train/contempt/15_image0025398.jpg,1
1771,train/contempt/15_image0025603.jpg,1
1772,train/contempt/15_image0025935.jpg,1
1773,train/contempt/15_image0026047.jpg,1
1774,train/contempt/15_image0026636.jpg,1
1775,train/contempt/15_image0026726.jpg,1
1776,train/contempt/15_image0026765.jpg,1
1777,train/contempt/15_image0026897.jpg,1
1778,train/contempt/15_image0027207.jpg,1
1779,train/contempt/15_image0027258.jpg,1
1780,train/contempt/15_image0027668.jpg,1
1781,train/contempt/15_image0027708.jpg,1
1782,train/contempt/15_image0027813.jpg,1
1783,train/contempt/15_image0027927.jpg,1
1784,train/contempt/15_image0028188.jpg,1
1785,train/contempt/15_image0028378.jpg,1
1786,train/contempt/15_image0028449.jpg,1
1787,train/contempt/15_image0029049.jpg,1
1788,train/contempt/15_image0030772.jpg,1
1789,train/contempt/15_image0030823.jpg,1
1790,train/contempt/15_image0030873.jpg,1
1791,train/contempt/15_image0030942.jpg,1
1792,train/contempt/15_image0031068.jpg,1
1793,train/contempt/15_image0031104.jpg,1
1794,train/contempt/15_image0031137.jpg,1
1795,train/contempt/15_image0031139.jpg,1
1796,train/contempt/15_image0031184.jpg,1
1797,train/contempt/15_image0031365.jpg,1
1798,train/contempt/15_image0031380.jpg,1
1799,train/contempt/15_image0031479.jpg,1
1800,train/contempt/15_image0031562.jpg,1
1801,train/contempt/15_image0031575.jpg,1
1802,train/contempt/15_image0031642.jpg,1
1803,train/contempt/15_image0031659.jpg,1
1804,train/contempt/15_image0031742.jpg,1
1805,train/contempt/15_image0031784.jpg,1
1806,train/contempt/15_image0031798.jpg,1
1807,train/contempt/15_image0031849.jpg,1
1808,train/contempt/15_image0031898.jpg,1
1809,train/contempt/15_image0031961.jpg,1
1810,train/contempt/15_image0032089.jpg,1
1811,train/contempt/15_image0032131.jpg,1
1812,train/contempt/15_image0032252.jpg,1
1813,train/contempt/15_image0032256.jpg,1
1814,train/contempt/15_image0032294.jpg,1
1815,train/contempt/15_image0032433.jpg,1
1816,train/contempt/15_image0032442.jpg,1
1817,train/contempt/15_image0032485.jpg,1
1818,train/contempt/15_image0032522.jpg,1
1819,train/contempt/15_image0032550.jpg,1
1820,train/contempt/15_image0032722.jpg,1
1821,train/contempt/15_image0032796.jpg,1
1822,train/contempt/15_image0032803.jpg,1
1823,train/contempt/15_image0032811.jpg,1
1824,train/contempt/15_image0032822.jpg,1
1825,train/contempt/15_image0032868.jpg,1
1826,train/contempt/15_image0032870.jpg,1
1827,train/contempt/15_image0032887.jpg,1
1828,train/contempt/15_image0032943.jpg,1
1829,train/contempt/15_image0033038.jpg,1
1830,train/contempt/15_image0033052.jpg,1
1831,train/contempt/15_image0033088.jpg,1
1832,train/contempt/15_image0033091.jpg,1
1833,train/contempt/15_image0033093.jpg,1
1834,train/contempt/15_image0033198.jpg,1
1835,train/contempt/15_image0033281.jpg,1
1836,train/contempt/15_image0033354.jpg,1
1837,train/contempt/15_image0033493.jpg,1
1838,train/contempt/15_image0033504.jpg,1
1839,train/contempt/15_image0033538.jpg,1
1840,train/contempt/15_image0033593.jpg,1
1841,train/contempt/15_image0033609.jpg,1
1842,train/contempt/15_image0033749.jpg,1
1843,train/contempt/15_image0033819.jpg,1
1844,train/contempt/15_image0033820.jpg,1
1845,train/contempt/15_image0033899.jpg,1
1846,train/contempt/15_image0034187.jpg,1
1847,train/contempt/15_image0034222.jpg,1
1848,train/contempt/15_image0034256.jpg,1
1849,train/contempt/15_image0034279.jpg,1
1850,train/contempt/15_image0034453.jpg,1
1851,train/contempt/15_image0034520.jpg,1
1852,train/contempt/15_image0034921.jpg,1
1853,train/contempt/15_image0034923.jpg,1
1854,train/contempt/15_image0034936.jpg,1
1855,train/contempt/15_image0034994.jpg,1
1856,train/contempt/15_image0035012.jpg,1
1857,train/contempt/15_image0035051.jpg,1
1858,train/contempt/15_image0035064.jpg,1
1859,train/contempt/15_image0035080.jpg,1
1860,train/contempt/15_image0035122.jpg,1
1861,train/contempt/15_image0035168.jpg,1
1862,train/contempt/15_image0035232.jpg,1
1863,train/contempt/15_image0035243.jpg,1
1864,train/contempt/15_image0035246.jpg,1
1865,train/contempt/15_image0035270.jpg,1
1866,train/contempt/15_image0035308.jpg,1
1867,train/contempt/15_image0035312.jpg,1
1868,train/contempt/15_image0035376.jpg,1
1869,train/contempt/15_image0035382.jpg,1
1870,train/contempt/15_image0035383.jpg,1
1871,train/contempt/15_image0035439.jpg,1
1872,train/contempt/15_image0035443.jpg,1
1873,train/contempt/15_image0035456.jpg,1
1874,train/contempt/15_image0035486.jpg,1
1875,train/contempt/15_image0035495.jpg,1
1876,train/contempt/15_image0035501.jpg,1
1877,train/contempt/15_image0035502.jpg,1
1878,train/contempt/15_image0035572.jpg,1
1879,train/contempt/15_image0035684.jpg,1
1880,train/contempt/15_image0035691.jpg,1
1881,train/contempt/15_image0035728.jpg,1
1882,train/contempt/15_image0035765.jpg,1
1883,train/contempt/15_image0035790.jpg,1
1884,train/contempt/15_image0035796.jpg,1
1885,train/contempt/15_image0035819.jpg,1
1886,train/contempt/15_image0035870.jpg,1
1887,train/contempt/15_image0035871.jpg,1
1888,train/contempt/15_image0035892.jpg,1
1889,train/contempt/15_image0035929.jpg,1
1890,train/contempt/15_image0035971.jpg,1
1891,train/contempt/15_image0036095.jpg,1
1892,train/contempt/15_image0036120.jpg,1
1893,train/contempt/15_image0036135.jpg,1
1894,train/contempt/15_image0036150.jpg,1
1895,train/contempt/15_image0036193.jpg,1
1896,train/contempt/15_image0036225.jpg,1
1897,train/contempt/15_image0036256.jpg,1
1898,train/contempt/15_image0036326.jpg,1
1899,train/contempt/15_image0036339.jpg,1
1900,train/contempt/15_image0036346.jpg,1
1901,train/contempt/15_image0036369.jpg,1
1902,train/contempt/15_image0036414.jpg,1
1903,train/contempt/15_image0036418.jpg,1
1904,train/contempt/15_image0036419.jpg,1
1905,train/contempt/15_image0036438.jpg,1
1906,train/contempt/15_image0036515.jpg,1
1907,train/contempt/15_image0036563.jpg,1
1908,train/contempt/15_image0036572.jpg,1
1909,train/contempt/15_image0036632.jpg,1
1910,train/contempt/15_image0036634.jpg,1
1911,train/contempt/15_image0036704.jpg,1
1912,train/contempt/15_image0036814.jpg,1
1913,train/contempt/15_image0036849.jpg,1
1914,train/contempt/15_image0036852.jpg,1
1915,train/contempt/15_image0036923.jpg,1
1916,train/contempt/15_image0037005.jpg,1
1917,train/contempt/15_image0037031.jpg,1
1918,train/contempt/15_image0037071.jpg,1
1919,train/contempt/15_image0037074.jpg,1
1920,train/contempt/15_image0037130.jpg,1
1921,train/contempt/15_image0037153.jpg,1
1922,train/contempt/15_image0037163.jpg,1
1923,train/contempt/15_image0037249.jpg,1
1924,train/contempt/15_image0037325.jpg,1
1925,train/contempt/15_image0037431.jpg,1
1926,train/contempt/15_image0037593.jpg,1
1927,train/contempt/15_image0037596.jpg,1
1928,train/contempt/15_image0037598.jpg,1
1929,train/contempt/15_image0037600.jpg,1
1930,train/contempt/15_image0037615.jpg,1
1931,train/contempt/15_image0037669.jpg,1
1932,train/contempt/15_image0037715.jpg,1
1933,train/contempt/15_image0037719.jpg,1
1934,train/contempt/15_image0037721.jpg,1
1935,train/contempt/15_image0037757.jpg,1
1936,train/contempt/15_image0037801.jpg,1
1937,train/contempt/15_image0037807.jpg,1
1938,train/contempt/15_image0037810.jpg,1
1939,train/contempt/15_image0037840.jpg,1
1940,train/contempt/15_image0037955.jpg,1
1941,train/contempt/15_image0038009.jpg,1
1942,train/contempt/15_image0038032.jpg,1
1943,train/contempt/15_image0038045.jpg,1
1944,train/contempt/15_image0038066.jpg,1
1945,train/contempt/15_image0038120.jpg,1
1946,train/contempt/15_image0038126.jpg,1
1947,train/contempt/15_image0038167.jpg,1
1948,train/contempt/15_image0038208.jpg,1
1949,train/contempt/15_image0038222.jpg,1
1950,train/contempt/15_image0038231.jpg,1
1951,train/contempt/15_image0038244.jpg,1
1952,train/contempt/15_image0038279.jpg,1
1953,train/contempt/15_image0038283.jpg,1
1954,train/contempt/15_image0038307.jpg,1
1955,train/contempt/15_image0038312.jpg,1
1956,train/contempt/15_image0038327.jpg,1
1957,train/contempt/15_image0038372.jpg,1
1958,train/contempt/15_image0038377.jpg,1
1959,train/contempt/15_image0038399.jpg,1
1960,train/contempt/15_image0038418.jpg,1
1961,train/contempt/15_image0038446.jpg,1
1962,train/contempt/15_image0038466.jpg,1
1963,train/contempt/15_image0038469.jpg,1
1964,train/contempt/15_image0038489.jpg,1
1965,train/contempt/15_image0038587.jpg,1
1966,train/contempt/15_image0038591.jpg,1
1967,train/contempt/15_image0038633.jpg,1
1968,train/contempt/15_image0038636.jpg,1
1969,train/contempt/15_image0038645.jpg,1
1970,train/contempt/15_image0038646.jpg,1
1971,train/contempt/15_image0038697.jpg,1
1972,train/contempt/15_image0038700.jpg,1
1973,train/contempt/15_image0038789.jpg,1
1974,train/contempt/15_image0038831.jpg,1
1975,train/contempt/15_image0038844.jpg,1
1976,train/contempt/15_image0038859.jpg,1
1977,train/contempt/15_image0038866.jpg,1
1978,train/contempt/15_image0038875.jpg,1
1979,train/contempt/15_image0038979.jpg,1
1980,train/contempt/15_image0038992.jpg,1
1981,train/contempt/15_image0039018.jpg,1
1982,train/contempt/15_image0039106.jpg,1
1983,train/contempt/15_image0039131.jpg,1
1984,train/contempt/15_image0039151.jpg,1
1985,train/contempt/15_image0039153.jpg,1
1986,train/contempt/15_image0039215.jpg,1
1987,train/contempt/15_image0039279.jpg,1
1988,train/contempt/15_image0039292.jpg,1
1989,train/contempt/15_image0039323.jpg,1
1990,train/contempt/15_image0039327.jpg,1
1991,train/contempt/15_image0039346.jpg,1
1992,train/contempt/15_image0039370.jpg,1
1993,train/contempt/15_image0039373.jpg,1
1994,train/contempt/15_image0039438.jpg,1
1995,train/contempt/15_image0039445.jpg,1
1996,train/contempt/15_image0039458.jpg,1
1997,train/contempt/15_image0039553.jpg,1
1998,train/contempt/15_image0039584.jpg,1
1999,train/contempt/15_image0039637.jpg,1
2000,train/contempt/15_image0039673.jpg,1
2001,train/contempt/15_image0039675.jpg,1
2002,train/contempt/15_image0039680.jpg,1
2003,train/contempt/15_image0039703.jpg,1
2004,train/contempt/15_image0039738.jpg,1
2005,train/contempt/15_image0039743.jpg,1
2006,train/contempt/15_image0039772.jpg,1
2007,train/contempt/15_image0039775.jpg,1
2008,train/contempt/15_image0039785.jpg,1
2009,train/contempt/15_image0039805.jpg,1
2010,train/contempt/15_image0039810.jpg,1
2011,train/contempt/15_image0039831.jpg,1
2012,train/contempt/15_image0039891.jpg,1
2013,train/contempt/15_image0039918.jpg,1
2014,train/contempt/15_image0039938.jpg,1
2015,train/contempt/15_image0040000.jpg,1
2016,train/contempt/15_image0040102.jpg,1
2017,train/contempt/15_image0040118.jpg,1
2018,train/contempt/15_image0040178.jpg,1
2019,train/contempt/15_image0040216.jpg,1
2020,train/contempt/15_image0040270.jpg,1
2021,train/contempt/15_image0040272.jpg,1
2022,train/contempt/15_image0040283.jpg,1
2023,train/contempt/15_image0040303.jpg,1
2024,train/contempt/15_image0040348.jpg,1
2025,train/contempt/15_image0040399.jpg,1
2026,train/contempt/15_image0040476.jpg,1
2027,train/contempt/15_image0040490.jpg,1
2028,train/contempt/15_image0040492.jpg,1
2029,train/contempt/15_image0040495.jpg,1
2030,train/contempt/15_image0040562.jpg,1
2031,train/contempt/15_image0040584.jpg,1
2032,train/contempt/15_image0040626.jpg,1
2033,train/contempt/15_image0040632.jpg,1
2034,train/contempt/15_image0040659.jpg,1
2035,train/contempt/15_image0040676.jpg,1
2036,train/contempt/15_image0040687.jpg,1
2037,train/contempt/15_image0040824.jpg,1
2038,train/contempt/15_image0040832.jpg,1
2039,train/contempt/15_image0040866.jpg,1
2040,train/contempt/15_image0040871.jpg,1
2041,train/contempt/15_image0040873.jpg,1
2042,train/contempt/15_image0040995.jpg,1
2043,train/contempt/15_image0041020.jpg,1
2044,train/contempt/15_image0041052.jpg,1
2045,train/contempt/15_image0041080.jpg,1
2046,train/contempt/15_image0041094.jpg,1
2047,train/contempt/15_image0041133.jpg,1
2048,train/contempt/15_image0041141.jpg,1
2049,train/contempt/15_image0041144.jpg,1
2050,train/contempt/15_image0041152.jpg,1
2051,train/contempt/15_image0041153.jpg,1
2052,train/contempt/15_image0041158.jpg,1
2053,train/contempt/15_image0041162.jpg,1
2054,train/contempt/15_image0041166.jpg,1
2055,train/contempt/15_image0041235.jpg,1
2056,train/contempt/15_image0041279.jpg,1
2057,train/contempt/15_image0041283.jpg,1
2058,train/contempt/15_image0041290.jpg,1
2059,train/contempt/15_image0041303.jpg,1
2060,train/contempt/15_image0041325.jpg,1
2061,train/contempt/15_image0041328.jpg,1
2062,train/contempt/15_image0041378.jpg,1
2063,train/contempt/15_image0041380.jpg,1
2064,train/contempt/15_image0041397.jpg,1
2065,train/contempt/15_image0041418.jpg,1
2066,train/contempt/15_image0041420.jpg,1
2067,train/contempt/15_image0041448.jpg,1
2068,train/contempt/15_image0041457.jpg,1
2069,train/contempt/15_image0041462.jpg,1
2070,train/contempt/15_image0041497.jpg,1
2071,train/contempt/15_image0041519.jpg,1
2072,train/contempt/15_image0041525.jpg,1
2073,train/contempt/15_image0041550.jpg,1
2074,train/contempt/15_image0041555.jpg,1
2075,train/contempt/15_image0041569.jpg,1
2076,train/contempt/15_image0041580.jpg,1
2077,train/contempt/15_image0041635.jpg,1
2078,train/contempt/15_image0041662.jpg,1
2079,train/contempt/15_image0041676.jpg,1
2080,train/contempt/15_image0041680.jpg,1
2081,train/contempt/15_image0041686.jpg,1
2082,train/contempt/15_image0041695.jpg,1
2083,train/contempt/15_image0041712.jpg,1
2084,train/contempt/15_image0041714.jpg,1
2085,train/contempt/15_image0041719.jpg,1
2086,train/contempt/15_image0041781.jpg,1
2087,train/contempt/15_image0041801.jpg,1
2088,train/contempt/15_image0041828.jpg,1
2089,train/contempt/15_image0041836.jpg,1
2090,train/contempt/15_image0041853.jpg,1
2091,train/contempt/15_image0041854.jpg,1
2092,train/contempt/15_image0041868.jpg,1
2093,train/contempt/15_image0041903.jpg,1
2094,train/contempt/15_image0041916.jpg,1
2095,train/contempt/15_image0041917.jpg,1
2096,train/contempt/15_image0041931.jpg,1
2097,train/contempt/15_image0041954.jpg,1
2098,train/contempt/15_image0042000.jpg,1
2099,train/contempt/15_image0042005.jpg,1
2100,train/contempt/15_image0042011.jpg,1
2101,train/contempt/15_image0042015.jpg,1
2102,train/contempt/15_image0042025.jpg,1
2103,train/contempt/15_image0042040.jpg,1
2104,train/contempt/15_image0042058.jpg,1
2105,train/contempt/15_image0042062.jpg,1
2106,train/contempt/15_image0042082.jpg,1
2107,train/contempt/15_image0042098.jpg,1
2108,train/contempt/15_image0042104.jpg,1
2109,train/contempt/15_image0042146.jpg,1
2110,train/contempt/15_image0042171.jpg,1
2111,train/contempt/15_image0042185.jpg,1
2112,train/contempt/15_image0042206.jpg,1
2113,train/contempt/15_image0042209.jpg,1
2114,train/contempt/15_image0042211.jpg,1
2115,train/contempt/15_image0042220.jpg,1
2116,train/contempt/15_image0042248.jpg,1
2117,train/contempt/15_image0042286.jpg,1
2118,train/contempt/15_image0042290.jpg,1
2119,train/contempt/15_image0042300.jpg,1
2120,train/contempt/15_image0042307.jpg,1
2121,train/contempt/15_image0042359.jpg,1
2122,train/contempt/15_image0042379.jpg,1
2123,train/contempt/15_image0042405.jpg,1
2124,train/contempt/15_image0042407.jpg,1
2125,train/contempt/15_image0042422.jpg,1
2126,train/contempt/15_image0042458.jpg,1
2127,train/contempt/15_image0042469.jpg,1
2128,train/contempt/15_image0042499.jpg,1
2129,train/contempt/15_image0042528.jpg,1
2130,train/contempt/15_image0042545.jpg,1
2131,train/contempt/15_image0042551.jpg,1
2132,train/contempt/5_ffhq_11.png,1
2133,train/contempt/5_ffhq_12.png,1
2134,train/contempt/5_ffhq_23.png,1
2135,train/contempt/5_ffhq_26.png,1
2136,train/contempt/5_ffhq_34.png,1
2137,train/contempt/5_ffhq_36.png,1
2138,train/contempt/5_ffhq_44.png,1
2139,train/contempt/5_ffhq_53.png,1
2140,train/contempt/5_ffhq_69.png,1
2141,train/contempt/5_ffhq_71.png,1
2142,train/contempt/5_ffhq_85.png,1
2143,train/contempt/5_image0001171.jpg,1
2144,train/contempt/5_image0001821.jpg,1
2145,train/contempt/5_image0003229.jpg,1
2146,train/contempt/5_image0004839.jpg,1
2147,train/contempt/5_image0004905.jpg,1
2148,train/contempt/5_image0005168.jpg,1
2149,train/contempt/5_image0005338.jpg,1
2150,train/contempt/5_image0005748.jpg,1
2151,train/contempt/5_image0006153.jpg,1
2152,train/contempt/5_image0006345.jpg,1
2153,train/contempt/5_image0007160.jpg,1
2154,train/contempt/5_image0008252.jpg,1
2155,train/contempt/5_image0008617.jpg,1
2156,train/contempt/5_image0008880.jpg,1
2157,train/contempt/5_image0009953.jpg,1
2158,train/contempt/5_image0010118.jpg,1
2159,train/contempt/5_image0011084.jpg,1
2160,train/contempt/5_image0011103.jpg,1
2161,train/contempt/5_image0012419.jpg,1
2162,train/contempt/5_image0012498.jpg,1
2163,train/contempt/5_image0012592.jpg,1
2164,train/contempt/5_image0012871.jpg,1
2165,train/contempt/5_image0013115.jpg,1
2166,train/contempt/5_image0013370.jpg,1
2167,train/contempt/5_image0013842.jpg,1
2168,train/contempt/5_image0014032.jpg,1
2169,train/contempt/5_image0014228.jpg,1
2170,train/contempt/5_image0014251.jpg,1
2171,train/contempt/5_image0014817.jpg,1
2172,train/contempt/5_image0014850.jpg,1
2173,train/contempt/5_image0016388.jpg,1
2174,train/contempt/5_image0016491.jpg,1
2175,train/contempt/5_image0017504.jpg,1
2176,train/contempt/5_image0017622.jpg,1
2177,train/contempt/5_image0017711.jpg,1
2178,train/contempt/5_image0018332.jpg,1
2179,train/contempt/5_image0018539.jpg,1
2180,train/contempt/5_image0018607.jpg,1
2181,train/contempt/5_image0019061.jpg,1
2182,train/contempt/5_image0019559.jpg,1
2183,train/contempt/5_image0020071.jpg,1
2184,train/contempt/5_image0020242.jpg,1
2185,train/contempt/5_image0020400.jpg,1
2186,train/contempt/5_image0020882.jpg,1
2187,train/contempt/5_image0020913.jpg,1
2188,train/contempt/5_image0020971.jpg,1
2189,train/contempt/5_image0021030.jpg,1
2190,train/contempt/5_image0021134.jpg,1
2191,train/contempt/5_image0021186.jpg,1
2192,train/contempt/5_image0021528.jpg,1
2193,train/contempt/5_image0021568.jpg,1
2194,train/contempt/5_image0021687.jpg,1
2195,train/contempt/5_image0021864.jpg,1
2196,train/contempt/5_image0022333.jpg,1
2197,train/contempt/5_image0022706.jpg,1
2198,train/contempt/5_image0022851.jpg,1
2199,train/contempt/5_image0023211.jpg,1
2200,train/contempt/5_image0023324.jpg,1
2201,train/contempt/5_image0024569.jpg,1
2202,train/contempt/5_image0024640.jpg,1
2203,train/contempt/5_image0025336.jpg,1
2204,train/contempt/5_image0025505.jpg,1
2205,train/contempt/5_image0025839.jpg,1
2206,train/contempt/5_image0026228.jpg,1
2207,train/contempt/5_image0026400.jpg,1
2208,train/contempt/5_image0026439.jpg,1
2209,train/contempt/5_image0026636.jpg,1
2210,train/contempt/5_image0026761.jpg,1
2211,train/contempt/5_image0026765.jpg,1
2212,train/contempt/5_image0026910.jpg,1
2213,train/contempt/5_image0027022.jpg,1
2214,train/contempt/5_image0027087.jpg,1
2215,train/contempt/5_image0027280.jpg,1
2216,train/contempt/5_image0027708.jpg,1
2217,train/contempt/5_image0028272.jpg,1
2218,train/contempt/5_image0028438.jpg,1
2219,train/contempt/5_image0028738.jpg,1
2220,train/contempt/5_image0028854.jpg,1
2221,train/contempt/5_image0028910.jpg,1
2222,train/contempt/5_image0029150.jpg,1
2223,train/contempt/5_image0029298.jpg,1
2224,train/contempt/5_image0029344.jpg,1
2225,train/contempt/5_image0030123.jpg,1
2226,train/contempt/5_image0030187.jpg,1
2227,train/contempt/5_image0030659.jpg,1
2228,train/contempt/5_image0030821.jpg,1
2229,train/contempt/5_image0030873.jpg,1
2230,train/contempt/5_image0030888.jpg,1
2231,train/contempt/5_image0030920.jpg,1
2232,train/contempt/5_image0030928.jpg,1
2233,train/contempt/5_image0030945.jpg,1
2234,train/contempt/5_image0031032.jpg,1
2235,train/contempt/5_image0031035.jpg,1
2236,train/contempt/5_image0031061.jpg,1
2237,train/contempt/5_image0031062.jpg,1
2238,train/contempt/5_image0031100.jpg,1
2239,train/contempt/5_image0031102.jpg,1
2240,train/contempt/5_image0031152.jpg,1
2241,train/contempt/5_image0031467.jpg,1
2242,train/contempt/5_image0031569.jpg,1
2243,train/contempt/5_image0031742.jpg,1
2244,train/contempt/5_image0031798.jpg,1
2245,train/contempt/5_image0031812.jpg,1
2246,train/contempt/5_image0031835.jpg,1
2247,train/contempt/5_image0031866.jpg,1
2248,train/contempt/5_image0031948.jpg,1
2249,train/contempt/5_image0031979.jpg,1
2250,train/contempt/5_image0032029.jpg,1
2251,train/contempt/5_image0032078.jpg,1
2252,train/contempt/5_image0032131.jpg,1
2253,train/contempt/5_image0032193.jpg,1
2254,train/contempt/5_image0032344.jpg,1
2255,train/contempt/5_image0032374.jpg,1
2256,train/contempt/5_image0032390.jpg,1
2257,train/contempt/5_image0032423.jpg,1
2258,train/contempt/5_image0032522.jpg,1
2259,train/contempt/5_image0032526.jpg,1
2260,train/contempt/5_image0032546.jpg,1
2261,train/contempt/5_image0032548.jpg,1
2262,train/contempt/5_image0032554.jpg,1
2263,train/contempt/5_image0032592.jpg,1
2264,train/contempt/5_image0032707.jpg,1
2265,train/contempt/5_image0032768.jpg,1
2266,train/contempt/5_image0032870.jpg,1
2267,train/contempt/5_image0032876.jpg,1
2268,train/contempt/5_image0032887.jpg,1
2269,train/contempt/5_image0033123.jpg,1
2270,train/contempt/5_image0033307.jpg,1
2271,train/contempt/5_image0033320.jpg,1
2272,train/contempt/5_image0033482.jpg,1
2273,train/contempt/5_image0033487.jpg,1
2274,train/contempt/5_image0033491.jpg,1
2275,train/contempt/5_image0033538.jpg,1
2276,train/contempt/5_image0033595.jpg,1
2277,train/contempt/5_image0033742.jpg,1
2278,train/contempt/5_image0033767.jpg,1
2279,train/contempt/5_image0033864.jpg,1
2280,train/contempt/5_image0033874.jpg,1
2281,train/contempt/5_image0034083.jpg,1
2282,train/contempt/5_image0034144.jpg,1
2283,train/contempt/5_image0034164.jpg,1
2284,train/contempt/5_image0034222.jpg,1
2285,train/contempt/5_image0034310.jpg,1
2286,train/contempt/5_image0034341.jpg,1
2287,train/contempt/5_image0034402.jpg,1
2288,train/contempt/5_image0034464.jpg,1
2289,train/contempt/5_image0034591.jpg,1
2290,train/contempt/5_image0034705.jpg,1
2291,train/contempt/5_image0034752.jpg,1
2292,train/contempt/5_image0034797.jpg,1
2293,train/contempt/5_image0034935.jpg,1
2294,train/contempt/5_image0034952.jpg,1
2295,train/contempt/5_image0034984.jpg,1
2296,train/contempt/5_image0034988.jpg,1
2297,train/contempt/5_image0034991.jpg,1
2298,train/contempt/5_image0035026.jpg,1
2299,train/contempt/5_image0035045.jpg,1
2300,train/contempt/5_image0035064.jpg,1
2301,train/contempt/5_image0035071.jpg,1
2302,train/contempt/5_image0035114.jpg,1
2303,train/contempt/5_image0035120.jpg,1
2304,train/contempt/5_image0035122.jpg,1
2305,train/contempt/5_image0035128.jpg,1
2306,train/contempt/5_image0035202.jpg,1
2307,train/contempt/5_image0035236.jpg,1
2308,train/contempt/5_image0035334.jpg,1
2309,train/contempt/5_image0035343.jpg,1
2310,train/contempt/5_image0035352.jpg,1
2311,train/contempt/5_image0035376.jpg,1
2312,train/contempt/5_image0035448.jpg,1
2313,train/contempt/5_image0035467.jpg,1
2314,train/contempt/5_image0035476.jpg,1
2315,train/contempt/5_image0035498.jpg,1
2316,train/contempt/5_image0035502.jpg,1
2317,train/contempt/5_image0035526.jpg,1
2318,train/contempt/5_image0035543.jpg,1
2319,train/contempt/5_image0035549.jpg,1
2320,train/contempt/5_image0035671.jpg,1
2321,train/contempt/5_image0035808.jpg,1
2322,train/contempt/5_image0035833.jpg,1
2323,train/contempt/5_image0035871.jpg,1
2324,train/contempt/5_image0035911.jpg,1
2325,train/contempt/5_image0035955.jpg,1
2326,train/contempt/5_image0035956.jpg,1
2327,train/contempt/5_image0036019.jpg,1
2328,train/contempt/5_image0036028.jpg,1
2329,train/contempt/5_image0036093.jpg,1
2330,train/contempt/5_image0036117.jpg,1
2331,train/contempt/5_image0036152.jpg,1
2332,train/contempt/5_image0036161.jpg,1
2333,train/contempt/5_image0036227.jpg,1
2334,train/contempt/5_image0036230.jpg,1
2335,train/contempt/5_image0036264.jpg,1
2336,train/contempt/5_image0036291.jpg,1
2337,train/contempt/5_image0036314.jpg,1
2338,train/contempt/5_image0036323.jpg,1
2339,train/contempt/5_image0036346.jpg,1
2340,train/contempt/5_image0036404.jpg,1
2341,train/contempt/5_image0036415.jpg,1
2342,train/contempt/5_image0036423.jpg,1
2343,train/contempt/5_image0036427.jpg,1
2344,train/contempt/5_image0036493.jpg,1
2345,train/contempt/5_image0036516.jpg,1
2346,train/contempt/5_image0036548.jpg,1
2347,train/contempt/5_image0036555.jpg,1
2348,train/contempt/5_image0036557.jpg,1
2349,train/contempt/5_image0036617.jpg,1
2350,train/contempt/5_image0036621.jpg,1
2351,train/contempt/5_image0036665.jpg,1
2352,train/contempt/5_image0036677.jpg,1
2353,train/contempt/5_image0036805.jpg,1
2354,train/contempt/5_image0036841.jpg,1
2355,train/contempt/5_image0036851.jpg,1
2356,train/contempt/5_image0036899.jpg,1
2357,train/contempt/5_image0036921.jpg,1
2358,train/contempt/5_image0036947.jpg,1
2359,train/contempt/5_image0036973.jpg,1
2360,train/contempt/5_image0037015.jpg,1
2361,train/contempt/5_image0037054.jpg,1
2362,train/contempt/5_image0037061.jpg,1
2363,train/contempt/5_image0037119.jpg,1
2364,train/contempt/5_image0037236.jpg,1
2365,train/contempt/5_image0037248.jpg,1
2366,train/contempt/5_image0037258.jpg,1
2367,train/contempt/5_image0037322.jpg,1
2368,train/contempt/5_image0037335.jpg,1
2369,train/contempt/5_image0037348.jpg,1
2370,train/contempt/5_image0037397.jpg,1
2371,train/contempt/5_image0037410.jpg,1
2372,train/contempt/5_image0037500.jpg,1
2373,train/contempt/5_image0037551.jpg,1
2374,train/contempt/5_image0037621.jpg,1
2375,train/contempt/5_image0037687.jpg,1
2376,train/contempt/5_image0037749.jpg,1
2377,train/contempt/5_image0037753.jpg,1
2378,train/contempt/5_image0037770.jpg,1
2379,train/contempt/5_image0037774.jpg,1
2380,train/contempt/5_image0037801.jpg,1
2381,train/contempt/5_image0037813.jpg,1
2382,train/contempt/5_image0037816.jpg,1
2383,train/contempt/5_image0037901.jpg,1
2384,train/contempt/5_image0037943.jpg,1
2385,train/contempt/5_image0037998.jpg,1
2386,train/contempt/5_image0038007.jpg,1
2387,train/contempt/5_image0038043.jpg,1
2388,train/contempt/5_image0038129.jpg,1
2389,train/contempt/5_image0038146.jpg,1
2390,train/contempt/5_image0038157.jpg,1
2391,train/contempt/5_image0038195.jpg,1
2392,train/contempt/5_image0038225.jpg,1
2393,train/contempt/5_image0038244.jpg,1
2394,train/contempt/5_image0038256.jpg,1
2395,train/contempt/5_image0038279.jpg,1
2396,train/contempt/5_image0038283.jpg,1
2397,train/contempt/5_image0038367.jpg,1
2398,train/contempt/5_image0038377.jpg,1
2399,train/contempt/5_image0038471.jpg,1
2400,train/contempt/5_image0038474.jpg,1
2401,train/contempt/5_image0038497.jpg,1
2402,train/contempt/5_image0038532.jpg,1
2403,train/contempt/5_image0038538.jpg,1
2404,train/contempt/5_image0038591.jpg,1
2405,train/contempt/5_image0038663.jpg,1
2406,train/contempt/5_image0038688.jpg,1
2407,train/contempt/5_image0038741.jpg,1
2408,train/contempt/5_image0038760.jpg,1
2409,train/contempt/5_image0038815.jpg,1
2410,train/contempt/5_image0038821.jpg,1
2411,train/contempt/5_image0038822.jpg,1
2412,train/contempt/5_image0038858.jpg,1
2413,train/contempt/5_image0038871.jpg,1
2414,train/contempt/5_image0038880.jpg,1
2415,train/contempt/5_image0038979.jpg,1
2416,train/contempt/5_image0038992.jpg,1
2417,train/contempt/5_image0039040.jpg,1
2418,train/contempt/5_image0039060.jpg,1
2419,train/contempt/5_image0039105.jpg,1
2420,train/contempt/5_image0039151.jpg,1
2421,train/contempt/5_image0039189.jpg,1
2422,train/contempt/5_image0039201.jpg,1
2423,train/contempt/5_image0039210.jpg,1
2424,train/contempt/5_image0039261.jpg,1
2425,train/contempt/5_image0039306.jpg,1
2426,train/contempt/5_image0039322.jpg,1
2427,train/contempt/5_image0039395.jpg,1
2428,train/contempt/5_image0039400.jpg,1
2429,train/contempt/5_image0039409.jpg,1
2430,train/contempt/5_image0039438.jpg,1
2431,train/contempt/5_image0039449.jpg,1
2432,train/contempt/5_image0039458.jpg,1
2433,train/contempt/5_image0039507.jpg,1
2434,train/contempt/5_image0039527.jpg,1
2435,train/contempt/5_image0039580.jpg,1
2436,train/contempt/5_image0039682.jpg,1
2437,train/contempt/5_image0039683.jpg,1
2438,train/contempt/5_image0039726.jpg,1
2439,train/contempt/5_image0039760.jpg,1
2440,train/contempt/5_image0039828.jpg,1
2441,train/contempt/5_image0039846.jpg,1
2442,train/contempt/5_image0039869.jpg,1
2443,train/contempt/5_image0039881.jpg,1
2444,train/contempt/5_image0039916.jpg,1
2445,train/contempt/5_image0039993.jpg,1
2446,train/contempt/5_image0040008.jpg,1
2447,train/contempt/5_image0040060.jpg,1
2448,train/contempt/5_image0040099.jpg,1
2449,train/contempt/5_image0040120.jpg,1
2450,train/contempt/5_image0040122.jpg,1
2451,train/contempt/5_image0040174.jpg,1
2452,train/contempt/5_image0040225.jpg,1
2453,train/contempt/5_image0040237.jpg,1
2454,train/contempt/5_image0040240.jpg,1
2455,train/contempt/5_image0040349.jpg,1
2456,train/contempt/5_image0040358.jpg,1
2457,train/contempt/5_image0040388.jpg,1
2458,train/contempt/5_image0040453.jpg,1
2459,train/contempt/5_image0040458.jpg,1
2460,train/contempt/5_image0040652.jpg,1
2461,train/contempt/5_image0040676.jpg,1
2462,train/contempt/5_image0040715.jpg,1
2463,train/contempt/5_image0040769.jpg,1
2464,train/contempt/5_image0040814.jpg,1
2465,train/contempt/5_image0040832.jpg,1
2466,train/contempt/5_image0040834.jpg,1
2467,train/contempt/5_image0040847.jpg,1
2468,train/contempt/5_image0040903.jpg,1
2469,train/contempt/5_image0040930.jpg,1
2470,train/contempt/5_image0040974.jpg,1
2471,train/contempt/5_image0040990.jpg,1
2472,train/contempt/5_image0041011.jpg,1
2473,train/contempt/5_image0041034.jpg,1
2474,train/contempt/5_image0041088.jpg,1
2475,train/contempt/5_image0041106.jpg,1
2476,train/contempt/5_image0041116.jpg,1
2477,train/contempt/5_image0041136.jpg,1
2478,train/contempt/5_image0041152.jpg,1
2479,train/contempt/5_image0041166.jpg,1
2480,train/contempt/5_image0041187.jpg,1
2481,train/contempt/5_image0041192.jpg,1
2482,train/contempt/5_image0041193.jpg,1
2483,train/contempt/5_image0041205.jpg,1
2484,train/contempt/5_image0041222.jpg,1
2485,train/contempt/5_image0041231.jpg,1
2486,train/contempt/5_image0041242.jpg,1
2487,train/contempt/5_image0041247.jpg,1
2488,train/contempt/5_image0041318.jpg,1
2489,train/contempt/5_image0041332.jpg,1
2490,train/contempt/5_image0041356.jpg,1
2491,train/contempt/5_image0041391.jpg,1
2492,train/contempt/5_image0041397.jpg,1
2493,train/contempt/5_image0041407.jpg,1
2494,train/contempt/5_image0041437.jpg,1
2495,train/contempt/5_image0041464.jpg,1
2496,train/contempt/5_image0041493.jpg,1
2497,train/contempt/5_image0041501.jpg,1
2498,train/contempt/5_image0041525.jpg,1
2499,train/contempt/5_image0041553.jpg,1
2500,train/contempt/5_image0041579.jpg,1
2501,train/contempt/5_image0041598.jpg,1
2502,train/contempt/5_image0041622.jpg,1
2503,train/contempt/5_image0041635.jpg,1
2504,train/contempt/5_image0041689.jpg,1
2505,train/contempt/5_image0041712.jpg,1
2506,train/contempt/5_image0041713.jpg,1
2507,train/contempt/5_image0041726.jpg,1
2508,train/contempt/5_image0041793.jpg,1
2509,train/contempt/5_image0041801.jpg,1
2510,train/contempt/5_image0041809.jpg,1
2511,train/contempt/5_image0041815.jpg,1
2512,train/contempt/5_image0041826.jpg,1
2513,train/contempt/5_image0041831.jpg,1
2514,train/contempt/5_image0041837.jpg,1
2515,train/contempt/5_image0041843.jpg,1
2516,train/contempt/5_image0041854.jpg,1
2517,train/contempt/5_image0041858.jpg,1
2518,train/contempt/5_image0041894.jpg,1
2519,train/contempt/5_image0041916.jpg,1
2520,train/contempt/5_image0041921.jpg,1
2521,train/contempt/5_image0041956.jpg,1
2522,train/contempt/5_image0041971.jpg,1
2523,train/contempt/5_image0042002.jpg,1
2524,train/contempt/5_image0042013.jpg,1
2525,train/contempt/5_image0042044.jpg,1
2526,train/contempt/5_image0042045.jpg,1
2527,train/contempt/5_image0042061.jpg,1
2528,train/contempt/5_image0042062.jpg,1
2529,train/contempt/5_image0042098.jpg,1
2530,train/contempt/5_image0042102.jpg,1
2531,train/contempt/5_image0042129.jpg,1
2532,train/contempt/5_image0042130.jpg,1
2533,train/contempt/5_image0042146.jpg,1
2534,train/contempt/5_image0042197.jpg,1
2535,train/contempt/5_image0042213.jpg,1
2536,train/contempt/5_image0042218.jpg,1
2537,train/contempt/5_image0042237.jpg,1
2538,train/contempt/5_image0042258.jpg,1
2539,train/contempt/5_image0042262.jpg,1
2540,train/contempt/5_image0042300.jpg,1
2541,train/contempt/5_image0042311.jpg,1
2542,train/contempt/5_image0042322.jpg,1
2543,train/contempt/5_image0042351.jpg,1
2544,train/contempt/5_image0042365.jpg,1
2545,train/contempt/5_image0042385.jpg,1
2546,train/contempt/5_image0042392.jpg,1
2547,train/contempt/5_image0042419.jpg,1
2548,train/contempt/5_image0042434.jpg,1
2549,train/contempt/5_image0042470.jpg,1
2550,train/contempt/5_image0042472.jpg,1
2551,train/contempt/5_image0042488.jpg,1
2552,train/contempt/5_image0042490.jpg,1
2553,train/contempt/5_image0042507.jpg,1
2554,train/contempt/5_image0042533.jpg,1
2555,train/contempt/5_image0042545.jpg,1
2556,train/contempt/5_image0042551.jpg,1
2557,train/contempt/5_image0042552.jpg,1
2558,train/disgust/10_ffhq_10.png,2
2559,train/disgust/10_ffhq_38.png,2
2560,train/disgust/10_ffhq_46.png,2
2561,train/disgust/10_image0002805.jpg,2
2562,train/disgust/10_image0004710.jpg,2
2563,train/disgust/10_image0004758.jpg,2
2564,train/disgust/10_image0005115.jpg,2
2565,train/disgust/10_image0006955.jpg,2
2566,train/disgust/10_image0007085.jpg,2
2567,train/disgust/10_image0007850.jpg,2
2568,train/disgust/10_image0008568.jpg,2
2569,train/disgust/10_image0009222.jpg,2
2570,train/disgust/10_image0009785.jpg,2
2571,train/disgust/10_image0010494.jpg,2
2572,train/disgust/10_image0010825.jpg,2
2573,train/disgust/10_image0011333.jpg,2
2574,train/disgust/10_image0011455.jpg,2
2575,train/disgust/10_image0012636.jpg,2
2576,train/disgust/10_image0012922.jpg,2
2577,train/disgust/10_image0013310.jpg,2
2578,train/disgust/10_image0014462.jpg,2
2579,train/disgust/10_image0014713.jpg,2
2580,train/disgust/10_image0015655.jpg,2
2581,train/disgust/10_image0015712.jpg,2
2582,train/disgust/10_image0016320.jpg,2
2583,train/disgust/10_image0016685.jpg,2
2584,train/disgust/10_image0016954.jpg,2
2585,train/disgust/10_image0017239.jpg,2
2586,train/disgust/10_image0017513.jpg,2
2587,train/disgust/10_image0017886.jpg,2
2588,train/disgust/10_image0018119.jpg,2
2589,train/disgust/10_image0018413.jpg,2
2590,train/disgust/10_image0018762.jpg,2
2591,train/disgust/10_image0019025.jpg,2
2592,train/disgust/10_image0019126.jpg,2
2593,train/disgust/10_image0019631.jpg,2
2594,train/disgust/10_image0019682.jpg,2
2595,train/disgust/10_image0019759.jpg,2
2596,train/disgust/10_image0019768.jpg,2
2597,train/disgust/10_image0019864.jpg,2
2598,train/disgust/10_image0020062.jpg,2
2599,train/disgust/10_image0020095.jpg,2
2600,train/disgust/10_image0020483.jpg,2
2601,train/disgust/10_image0020561.jpg,2
2602,train/disgust/10_image0020719.jpg,2
2603,train/disgust/10_image0021323.jpg,2
2604,train/disgust/10_image0021584.jpg,2
2605,train/disgust/10_image0021650.jpg,2
2606,train/disgust/10_image0021803.jpg,2
2607,train/disgust/10_image0022021.jpg,2
2608,train/disgust/10_image0022160.jpg,2
2609,train/disgust/10_image0023071.jpg,2
2610,train/disgust/10_image0023229.jpg,2
2611,train/disgust/10_image0023417.jpg,2
2612,train/disgust/10_image0024022.jpg,2
2613,train/disgust/10_image0024183.jpg,2
2614,train/disgust/10_image0024922.jpg,2
2615,train/disgust/10_image0025167.jpg,2
2616,train/disgust/10_image0025172.jpg,2
2617,train/disgust/10_image0025362.jpg,2
2618,train/disgust/10_image0025565.jpg,2
2619,train/disgust/10_image0025765.jpg,2
2620,train/disgust/10_image0026026.jpg,2
2621,train/disgust/10_image0026639.jpg,2
2622,train/disgust/10_image0026646.jpg,2
2623,train/disgust/10_image0026800.jpg,2
2624,train/disgust/10_image0026980.jpg,2
2625,train/disgust/10_image0027318.jpg,2
2626,train/disgust/10_image0027388.jpg,2
2627,train/disgust/10_image0027516.jpg,2
2628,train/disgust/10_image0027651.jpg,2
2629,train/disgust/10_image0027817.jpg,2
2630,train/disgust/10_image0028106.jpg,2
2631,train/disgust/10_image0028268.jpg,2
2632,train/disgust/10_image0028345.jpg,2
2633,train/disgust/10_image0028636.jpg,2
2634,train/disgust/10_image0028938.jpg,2
2635,train/disgust/10_image0029023.jpg,2
2636,train/disgust/10_image0029084.jpg,2
2637,train/disgust/10_image0029167.jpg,2
2638,train/disgust/10_image0029401.jpg,2
2639,train/disgust/10_image0029622.jpg,2
2640,train/disgust/10_image0029824.jpg,2
2641,train/disgust/10_image0029921.jpg,2
2642,train/disgust/10_image0029965.jpg,2
2643,train/disgust/10_image0030110.jpg,2
2644,train/disgust/10_image0030303.jpg,2
2645,train/disgust/10_image0030414.jpg,2
2646,train/disgust/10_image0030557.jpg,2
2647,train/disgust/10_image0030664.jpg,2
2648,train/disgust/10_image0030774.jpg,2
2649,train/disgust/10_image0030849.jpg,2
2650,train/disgust/10_image0030906.jpg,2
2651,train/disgust/10_image0030944.jpg,2
2652,train/disgust/10_image0030990.jpg,2
2653,train/disgust/10_image0031014.jpg,2
2654,train/disgust/10_image0031078.jpg,2
2655,train/disgust/10_image0031101.jpg,2
2656,train/disgust/10_image0031188.jpg,2
2657,train/disgust/10_image0031225.jpg,2
2658,train/disgust/10_image0031307.jpg,2
2659,train/disgust/10_image0031320.jpg,2
2660,train/disgust/10_image0031335.jpg,2
2661,train/disgust/10_image0031438.jpg,2
2662,train/disgust/10_image0031612.jpg,2
2663,train/disgust/10_image0031902.jpg,2
2664,train/disgust/10_image0031924.jpg,2
2665,train/disgust/10_image0031973.jpg,2
2666,train/disgust/10_image0032199.jpg,2
2667,train/disgust/10_image0032228.jpg,2
2668,train/disgust/10_image0032284.jpg,2
2669,train/disgust/10_image0032404.jpg,2
2670,train/disgust/10_image0032519.jpg,2
2671,train/disgust/10_image0032556.jpg,2
2672,train/disgust/10_image0032562.jpg,2
2673,train/disgust/10_image0032671.jpg,2
2674,train/disgust/10_image0032783.jpg,2
2675,train/disgust/10_image0032829.jpg,2
2676,train/disgust/10_image0032831.jpg,2
2677,train/disgust/10_image0033018.jpg,2
2678,train/disgust/10_image0033030.jpg,2
2679,train/disgust/10_image0033036.jpg,2
2680,train/disgust/10_image0033066.jpg,2
2681,train/disgust/10_image0033146.jpg,2
2682,train/disgust/10_image0033172.jpg,2
2683,train/disgust/10_image0033190.jpg,2
2684,train/disgust/10_image0033210.jpg,2
2685,train/disgust/10_image0033262.jpg,2
2686,train/disgust/10_image0033334.jpg,2
2687,train/disgust/10_image0033359.jpg,2
2688,train/disgust/10_image0033512.jpg,2
2689,train/disgust/10_image0033576.jpg,2
2690,train/disgust/10_image0033718.jpg,2
2691,train/disgust/10_image0033773.jpg,2
2692,train/disgust/10_image0033815.jpg,2
2693,train/disgust/10_image0033909.jpg,2
2694,train/disgust/10_image0033925.jpg,2
2695,train/disgust/10_image0033936.jpg,2
2696,train/disgust/10_image0033958.jpg,2
2697,train/disgust/10_image0034029.jpg,2
2698,train/disgust/10_image0034044.jpg,2
2699,train/disgust/10_image0034160.jpg,2
2700,train/disgust/10_image0034282.jpg,2
2701,train/disgust/10_image0034306.jpg,2
2702,train/disgust/10_image0034405.jpg,2
2703,train/disgust/10_image0034443.jpg,2
2704,train/disgust/10_image0034526.jpg,2
2705,train/disgust/10_image0034643.jpg,2
2706,train/disgust/10_image0034718.jpg,2
2707,train/disgust/10_image0034736.jpg,2
2708,train/disgust/10_image0034753.jpg,2
2709,train/disgust/10_image0034779.jpg,2
2710,train/disgust/10_image0034895.jpg,2
2711,train/disgust/10_image0034971.jpg,2
2712,train/disgust/10_image0034982.jpg,2
2713,train/disgust/10_image0034985.jpg,2
2714,train/disgust/10_image0034998.jpg,2
2715,train/disgust/10_image0035004.jpg,2
2716,train/disgust/10_image0035006.jpg,2
2717,train/disgust/10_image0035007.jpg,2
2718,train/disgust/10_image0035013.jpg,2
2719,train/disgust/10_image0035065.jpg,2
2720,train/disgust/10_image0035144.jpg,2
2721,train/disgust/10_image0035227.jpg,2
2722,train/disgust/10_image0035237.jpg,2
2723,train/disgust/10_image0035248.jpg,2
2724,train/disgust/10_image0035253.jpg,2
2725,train/disgust/10_image0035262.jpg,2
2726,train/disgust/10_image0035269.jpg,2
2727,train/disgust/10_image0035315.jpg,2
2728,train/disgust/10_image0035375.jpg,2
2729,train/disgust/10_image0035396.jpg,2
2730,train/disgust/10_image0035469.jpg,2
2731,train/disgust/10_image0035505.jpg,2
2732,train/disgust/10_image0035542.jpg,2
2733,train/disgust/10_image0035561.jpg,2
2734,train/disgust/10_image0035566.jpg,2
2735,train/disgust/10_image0035593.jpg,2
2736,train/disgust/10_image0035616.jpg,2
2737,train/disgust/10_image0035638.jpg,2
2738,train/disgust/10_image0035653.jpg,2
2739,train/disgust/10_image0035704.jpg,2
2740,train/disgust/10_image0035772.jpg,2
2741,train/disgust/10_image0035778.jpg,2
2742,train/disgust/10_image0035821.jpg,2
2743,train/disgust/10_image0035844.jpg,2
2744,train/disgust/10_image0035847.jpg,2
2745,train/disgust/10_image0035850.jpg,2
2746,train/disgust/10_image0035865.jpg,2
2747,train/disgust/10_image0035897.jpg,2
2748,train/disgust/10_image0035931.jpg,2
2749,train/disgust/10_image0035947.jpg,2
2750,train/disgust/10_image0035952.jpg,2
2751,train/disgust/10_image0035960.jpg,2
2752,train/disgust/10_image0036033.jpg,2
2753,train/disgust/10_image0036044.jpg,2
2754,train/disgust/10_image0036054.jpg,2
2755,train/disgust/10_image0036077.jpg,2
2756,train/disgust/10_image0036081.jpg,2
2757,train/disgust/10_image0036106.jpg,2
2758,train/disgust/10_image0036121.jpg,2
2759,train/disgust/10_image0036166.jpg,2
2760,train/disgust/10_image0036257.jpg,2
2761,train/disgust/10_image0036324.jpg,2
2762,train/disgust/10_image0036341.jpg,2
2763,train/disgust/10_image0036380.jpg,2
2764,train/disgust/10_image0036410.jpg,2
2765,train/disgust/10_image0036519.jpg,2
2766,train/disgust/10_image0036576.jpg,2
2767,train/disgust/10_image0036635.jpg,2
2768,train/disgust/10_image0036646.jpg,2
2769,train/disgust/10_image0036669.jpg,2
2770,train/disgust/10_image0036683.jpg,2
2771,train/disgust/10_image0036759.jpg,2
2772,train/disgust/10_image0036777.jpg,2
2773,train/disgust/10_image0036810.jpg,2
2774,train/disgust/10_image0036887.jpg,2
2775,train/disgust/10_image0036946.jpg,2
2776,train/disgust/10_image0036981.jpg,2
2777,train/disgust/10_image0037048.jpg,2
2778,train/disgust/10_image0037084.jpg,2
2779,train/disgust/10_image0037092.jpg,2
2780,train/disgust/10_image0037097.jpg,2
2781,train/disgust/10_image0037099.jpg,2
2782,train/disgust/10_image0037142.jpg,2
2783,train/disgust/10_image0037230.jpg,2
2784,train/disgust/10_image0037232.jpg,2
2785,train/disgust/10_image0037301.jpg,2
2786,train/disgust/10_image0037303.jpg,2
2787,train/disgust/10_image0037328.jpg,2
2788,train/disgust/10_image0037329.jpg,2
2789,train/disgust/10_image0037358.jpg,2
2790,train/disgust/10_image0037365.jpg,2
2791,train/disgust/10_image0037377.jpg,2
2792,train/disgust/10_image0037383.jpg,2
2793,train/disgust/10_image0037387.jpg,2
2794,train/disgust/10_image0037464.jpg,2
2795,train/disgust/10_image0037496.jpg,2
2796,train/disgust/10_image0037526.jpg,2
2797,train/disgust/10_image0037658.jpg,2
2798,train/disgust/10_image0037698.jpg,2
2799,train/disgust/10_image0037897.jpg,2
2800,train/disgust/10_image0037932.jpg,2
2801,train/disgust/10_image0037942.jpg,2
2802,train/disgust/10_image0037945.jpg,2
2803,train/disgust/10_image0037957.jpg,2
2804,train/disgust/10_image0038037.jpg,2
2805,train/disgust/10_image0038055.jpg,2
2806,train/disgust/10_image0038067.jpg,2
2807,train/disgust/10_image0038069.jpg,2
2808,train/disgust/10_image0038080.jpg,2
2809,train/disgust/10_image0038127.jpg,2
2810,train/disgust/10_image0038128.jpg,2
2811,train/disgust/10_image0038138.jpg,2
2812,train/disgust/10_image0038163.jpg,2
2813,train/disgust/10_image0038177.jpg,2
2814,train/disgust/10_image0038224.jpg,2
2815,train/disgust/10_image0038253.jpg,2
2816,train/disgust/10_image0038286.jpg,2
2817,train/disgust/10_image0038296.jpg,2
2818,train/disgust/10_image0038304.jpg,2
2819,train/disgust/10_image0038311.jpg,2
2820,train/disgust/10_image0038314.jpg,2
2821,train/disgust/10_image0038339.jpg,2
2822,train/disgust/10_image0038406.jpg,2
2823,train/disgust/10_image0038442.jpg,2
2824,train/disgust/10_image0038447.jpg,2
2825,train/disgust/10_image0038459.jpg,2
2826,train/disgust/10_image0038482.jpg,2
2827,train/disgust/10_image0038488.jpg,2
2828,train/disgust/10_image0038513.jpg,2
2829,train/disgust/10_image0038519.jpg,2
2830,train/disgust/10_image0038524.jpg,2
2831,train/disgust/10_image0038530.jpg,2
2832,train/disgust/10_image0038566.jpg,2
2833,train/disgust/10_image0038593.jpg,2
2834,train/disgust/10_image0038619.jpg,2
2835,train/disgust/10_image0038641.jpg,2
2836,train/disgust/10_image0038657.jpg,2
2837,train/disgust/10_image0038704.jpg,2
2838,train/disgust/10_image0038794.jpg,2
2839,train/disgust/10_image0038806.jpg,2
2840,train/disgust/10_image0038812.jpg,2
2841,train/disgust/10_image0038820.jpg,2
2842,train/disgust/10_image0038841.jpg,2
2843,train/disgust/10_image0038921.jpg,2
2844,train/disgust/10_image0038933.jpg,2
2845,train/disgust/10_image0038955.jpg,2
2846,train/disgust/10_image0038965.jpg,2
2847,train/disgust/10_image0038977.jpg,2
2848,train/disgust/10_image0039086.jpg,2
2849,train/disgust/10_image0039096.jpg,2
2850,train/disgust/10_image0039159.jpg,2
2851,train/disgust/10_image0039214.jpg,2
2852,train/disgust/10_image0039226.jpg,2
2853,train/disgust/10_image0039263.jpg,2
2854,train/disgust/10_image0039268.jpg,2
2855,train/disgust/10_image0039273.jpg,2
2856,train/disgust/10_image0039283.jpg,2
2857,train/disgust/10_image0039366.jpg,2
2858,train/disgust/10_image0039368.jpg,2
2859,train/disgust/10_image0039371.jpg,2
2860,train/disgust/10_image0039402.jpg,2
2861,train/disgust/10_image0039441.jpg,2
2862,train/disgust/10_image0039479.jpg,2
2863,train/disgust/10_image0039493.jpg,2
2864,train/disgust/10_image0039497.jpg,2
2865,train/disgust/10_image0039529.jpg,2
2866,train/disgust/10_image0039555.jpg,2
2867,train/disgust/10_image0039571.jpg,2
2868,train/disgust/10_image0039572.jpg,2
2869,train/disgust/10_image0039595.jpg,2
2870,train/disgust/10_image0039597.jpg,2
2871,train/disgust/10_image0039607.jpg,2
2872,train/disgust/10_image0039633.jpg,2
2873,train/disgust/10_image0039667.jpg,2
2874,train/disgust/10_image0039701.jpg,2
2875,train/disgust/10_image0039735.jpg,2
2876,train/disgust/10_image0039774.jpg,2
2877,train/disgust/10_image0039787.jpg,2
2878,train/disgust/10_image0039821.jpg,2
2879,train/disgust/10_image0039847.jpg,2
2880,train/disgust/10_image0039898.jpg,2
2881,train/disgust/10_image0039926.jpg,2
2882,train/disgust/10_image0039929.jpg,2
2883,train/disgust/10_image0039988.jpg,2
2884,train/disgust/10_image0040005.jpg,2
2885,train/disgust/10_image0040016.jpg,2
2886,train/disgust/10_image0040036.jpg,2
2887,train/disgust/10_image0040161.jpg,2
2888,train/disgust/10_image0040190.jpg,2
2889,train/disgust/10_image0040294.jpg,2
2890,train/disgust/10_image0040319.jpg,2
2891,train/disgust/10_image0040401.jpg,2
2892,train/disgust/10_image0040547.jpg,2
2893,train/disgust/10_image0040585.jpg,2
2894,train/disgust/10_image0040606.jpg,2
2895,train/disgust/10_image0040637.jpg,2
2896,train/disgust/10_image0040679.jpg,2
2897,train/disgust/10_image0040707.jpg,2
2898,train/disgust/10_image0040776.jpg,2
2899,train/disgust/10_image0040843.jpg,2
2900,train/disgust/10_image0040921.jpg,2
2901,train/disgust/10_image0040998.jpg,2
2902,train/disgust/10_image0041009.jpg,2
2903,train/disgust/10_image0041028.jpg,2
2904,train/disgust/10_image0041030.jpg,2
2905,train/disgust/10_image0041043.jpg,2
2906,train/disgust/10_image0041077.jpg,2
2907,train/disgust/10_image0041079.jpg,2
2908,train/disgust/10_image0041095.jpg,2
2909,train/disgust/10_image0041098.jpg,2
2910,train/disgust/10_image0041118.jpg,2
2911,train/disgust/10_image0041151.jpg,2
2912,train/disgust/10_image0041180.jpg,2
2913,train/disgust/10_image0041181.jpg,2
2914,train/disgust/10_image0041224.jpg,2
2915,train/disgust/10_image0041238.jpg,2
2916,train/disgust/10_image0041251.jpg,2
2917,train/disgust/10_image0041258.jpg,2
2918,train/disgust/10_image0041342.jpg,2
2919,train/disgust/10_image0041370.jpg,2
2920,train/disgust/10_image0041401.jpg,2
2921,train/disgust/10_image0041404.jpg,2
2922,train/disgust/10_image0041408.jpg,2
2923,train/disgust/10_image0041445.jpg,2
2924,train/disgust/10_image0041456.jpg,2
2925,train/disgust/10_image0041471.jpg,2
2926,train/disgust/10_image0041473.jpg,2
2927,train/disgust/10_image0041480.jpg,2
2928,train/disgust/10_image0041486.jpg,2
2929,train/disgust/10_image0041491.jpg,2
2930,train/disgust/10_image0041495.jpg,2
2931,train/disgust/10_image0041496.jpg,2
2932,train/disgust/10_image0041535.jpg,2
2933,train/disgust/10_image0041562.jpg,2
2934,train/disgust/10_image0041600.jpg,2
2935,train/disgust/10_image0041650.jpg,2
2936,train/disgust/10_image0041668.jpg,2
2937,train/disgust/10_image0041687.jpg,2
2938,train/disgust/10_image0041691.jpg,2
2939,train/disgust/10_image0041706.jpg,2
2940,train/disgust/10_image0041711.jpg,2
2941,train/disgust/10_image0041728.jpg,2
2942,train/disgust/10_image0041729.jpg,2
2943,train/disgust/10_image0041752.jpg,2
2944,train/disgust/10_image0041782.jpg,2
2945,train/disgust/10_image0041840.jpg,2
2946,train/disgust/10_image0041841.jpg,2
2947,train/disgust/10_image0041898.jpg,2
2948,train/disgust/10_image0041912.jpg,2
2949,train/disgust/10_image0041942.jpg,2
2950,train/disgust/10_image0041945.jpg,2
2951,train/disgust/10_image0041953.jpg,2
2952,train/disgust/10_image0041962.jpg,2
2953,train/disgust/10_image0041966.jpg,2
2954,train/disgust/10_image0041978.jpg,2
2955,train/disgust/10_image0041981.jpg,2
2956,train/disgust/10_image0042010.jpg,2
2957,train/disgust/10_image0042019.jpg,2
2958,train/disgust/10_image0042027.jpg,2
2959,train/disgust/10_image0042028.jpg,2
2960,train/disgust/10_image0042076.jpg,2
2961,train/disgust/10_image0042084.jpg,2
2962,train/disgust/10_image0042090.jpg,2
2963,train/disgust/10_image0042092.jpg,2
2964,train/disgust/10_image0042112.jpg,2
2965,train/disgust/10_image0042144.jpg,2
2966,train/disgust/10_image0042147.jpg,2
2967,train/disgust/10_image0042164.jpg,2
2968,train/disgust/10_image0042199.jpg,2
2969,train/disgust/10_image0042204.jpg,2
2970,train/disgust/10_image0042240.jpg,2
2971,train/disgust/10_image0042278.jpg,2
2972,train/disgust/10_image0042302.jpg,2
2973,train/disgust/10_image0042312.jpg,2
2974,train/disgust/10_image0042331.jpg,2
2975,train/disgust/10_image0042346.jpg,2
2976,train/disgust/10_image0042353.jpg,2
2977,train/disgust/10_image0042357.jpg,2
2978,train/disgust/10_image0042362.jpg,2
2979,train/disgust/10_image0042370.jpg,2
2980,train/disgust/10_image0042393.jpg,2
2981,train/disgust/10_image0042420.jpg,2
2982,train/disgust/10_image0042437.jpg,2
2983,train/disgust/10_image0042484.jpg,2
2984,train/disgust/10_image0042526.jpg,2
2985,train/disgust/10_image0042551.jpg,2
2986,train/disgust/15_ffhq_12.png,2
2987,train/disgust/15_ffhq_26.png,2
2988,train/disgust/15_ffhq_3.png,2
2989,train/disgust/15_image0000366.jpg,2
2990,train/disgust/15_image0001561.jpg,2
2991,train/disgust/15_image0003333.jpg,2
2992,train/disgust/15_image0003405.jpg,2
2993,train/disgust/15_image0004560.jpg,2
2994,train/disgust/15_image0006991.jpg,2
2995,train/disgust/15_image0007085.jpg,2
2996,train/disgust/15_image0007594.jpg,2
2997,train/disgust/15_image0007850.jpg,2
2998,train/disgust/15_image0008568.jpg,2
2999,train/disgust/15_image0008831.jpg,2
3000,train/disgust/15_image0010383.jpg,2
3001,train/disgust/15_image0010397.jpg,2
3002,train/disgust/15_image0010825.jpg,2
3003,train/disgust/15_image0011561.jpg,2
3004,train/disgust/15_image0011767.jpg,2
3005,train/disgust/15_image0012257.jpg,2
3006,train/disgust/15_image0012821.jpg,2
3007,train/disgust/15_image0013971.jpg,2
3008,train/disgust/15_image0015651.jpg,2
3009,train/disgust/15_image0015876.jpg,2
3010,train/disgust/15_image0016320.jpg,2
3011,train/disgust/15_image0017196.jpg,2
3012,train/disgust/15_image0017475.jpg,2
3013,train/disgust/15_image0017513.jpg,2
3014,train/disgust/15_image0017520.jpg,2
3015,train/disgust/15_image0017669.jpg,2
3016,train/disgust/15_image0018150.jpg,2
3017,train/disgust/15_image0018359.jpg,2
3018,train/disgust/15_image0018419.jpg,2
3019,train/disgust/15_image0018451.jpg,2
3020,train/disgust/15_image0018803.jpg,2
3021,train/disgust/15_image0019660.jpg,2
3022,train/disgust/15_image0019682.jpg,2
3023,train/disgust/15_image0019723.jpg,2
3024,train/disgust/15_image0019764.jpg,2
3025,train/disgust/15_image0019864.jpg,2
3026,train/disgust/15_image0019921.jpg,2
3027,train/disgust/15_image0020160.jpg,2
3028,train/disgust/15_image0020483.jpg,2
3029,train/disgust/15_image0021660.jpg,2
3030,train/disgust/15_image0021838.jpg,2
3031,train/disgust/15_image0021887.jpg,2
3032,train/disgust/15_image0021937.jpg,2
3033,train/disgust/15_image0022378.jpg,2
3034,train/disgust/15_image0022497.jpg,2
3035,train/disgust/15_image0023136.jpg,2
3036,train/disgust/15_image0023569.jpg,2
3037,train/disgust/15_image0025063.jpg,2
3038,train/disgust/15_image0025172.jpg,2
3039,train/disgust/15_image0025539.jpg,2
3040,train/disgust/15_image0025658.jpg,2
3041,train/disgust/15_image0025765.jpg,2
3042,train/disgust/15_image0026861.jpg,2
3043,train/disgust/15_image0027113.jpg,2
3044,train/disgust/15_image0027423.jpg,2
3045,train/disgust/15_image0027631.jpg,2
3046,train/disgust/15_image0027680.jpg,2
3047,train/disgust/15_image0028056.jpg,2
3048,train/disgust/15_image0028355.jpg,2
3049,train/disgust/15_image0028558.jpg,2
3050,train/disgust/15_image0028762.jpg,2
3051,train/disgust/15_image0030313.jpg,2
3052,train/disgust/15_image0030414.jpg,2
3053,train/disgust/15_image0030451.jpg,2
3054,train/disgust/15_image0030565.jpg,2
3055,train/disgust/15_image0030634.jpg,2
3056,train/disgust/15_image0030658.jpg,2
3057,train/disgust/15_image0030664.jpg,2
3058,train/disgust/15_image0030730.jpg,2
3059,train/disgust/15_image0031077.jpg,2
3060,train/disgust/15_image0031087.jpg,2
3061,train/disgust/15_image0031360.jpg,2
3062,train/disgust/15_image0031568.jpg,2
3063,train/disgust/15_image0031619.jpg,2
3064,train/disgust/15_image0031696.jpg,2
3065,train/disgust/15_image0031809.jpg,2
3066,train/disgust/15_image0031864.jpg,2
3067,train/disgust/15_image0032001.jpg,2
3068,train/disgust/15_image0032046.jpg,2
3069,train/disgust/15_image0032052.jpg,2
3070,train/disgust/15_image0032093.jpg,2
3071,train/disgust/15_image0032140.jpg,2
3072,train/disgust/15_image0032192.jpg,2
3073,train/disgust/15_image0032345.jpg,2
3074,train/disgust/15_image0032402.jpg,2
3075,train/disgust/15_image0032404.jpg,2
3076,train/disgust/15_image0032444.jpg,2
3077,train/disgust/15_image0032463.jpg,2
3078,train/disgust/15_image0032547.jpg,2
3079,train/disgust/15_image0032573.jpg,2
3080,train/disgust/15_image0032604.jpg,2
3081,train/disgust/15_image0032625.jpg,2
3082,train/disgust/15_image0032691.jpg,2
3083,train/disgust/15_image0032933.jpg,2
3084,train/disgust/15_image0032946.jpg,2
3085,train/disgust/15_image0033018.jpg,2
3086,train/disgust/15_image0033172.jpg,2
3087,train/disgust/15_image0033233.jpg,2
3088,train/disgust/15_image0033262.jpg,2
3089,train/disgust/15_image0033306.jpg,2
3090,train/disgust/15_image0033359.jpg,2
3091,train/disgust/15_image0033367.jpg,2
3092,train/disgust/15_image0033401.jpg,2
3093,train/disgust/15_image0033569.jpg,2
3094,train/disgust/15_image0033678.jpg,2
3095,train/disgust/15_image0033797.jpg,2
3096,train/disgust/15_image0033975.jpg,2
3097,train/disgust/15_image0033977.jpg,2
3098,train/disgust/15_image0034095.jpg,2
3099,train/disgust/15_image0034216.jpg,2
3100,train/disgust/15_image0034252.jpg,2
3101,train/disgust/15_image0034260.jpg,2
3102,train/disgust/15_image0034423.jpg,2
3103,train/disgust/15_image0034490.jpg,2
3104,train/disgust/15_image0034533.jpg,2
3105,train/disgust/15_image0034546.jpg,2
3106,train/disgust/15_image0034779.jpg,2
3107,train/disgust/15_image0034930.jpg,2
3108,train/disgust/15_image0034971.jpg,2
3109,train/disgust/15_image0034985.jpg,2
3110,train/disgust/15_image0034987.jpg,2
3111,train/disgust/15_image0035042.jpg,2
3112,train/disgust/15_image0035220.jpg,2
3113,train/disgust/15_image0035223.jpg,2
3114,train/disgust/15_image0035248.jpg,2
3115,train/disgust/15_image0035395.jpg,2
3116,train/disgust/15_image0035396.jpg,2
3117,train/disgust/15_image0035417.jpg,2
3118,train/disgust/15_image0035435.jpg,2
3119,train/disgust/15_image0035461.jpg,2
3120,train/disgust/15_image0035466.jpg,2
3121,train/disgust/15_image0035528.jpg,2
3122,train/disgust/15_image0035536.jpg,2
3123,train/disgust/15_image0035561.jpg,2
3124,train/disgust/15_image0035610.jpg,2
3125,train/disgust/15_image0035619.jpg,2
3126,train/disgust/15_image0035627.jpg,2
3127,train/disgust/15_image0035685.jpg,2
3128,train/disgust/15_image0035690.jpg,2
3129,train/disgust/15_image0035704.jpg,2
3130,train/disgust/15_image0035875.jpg,2
3131,train/disgust/15_image0035888.jpg,2
3132,train/disgust/15_image0035908.jpg,2
3133,train/disgust/15_image0035935.jpg,2
3134,train/disgust/15_image0035947.jpg,2
3135,train/disgust/15_image0035960.jpg,2
3136,train/disgust/15_image0035967.jpg,2
3137,train/disgust/15_image0036016.jpg,2
3138,train/disgust/15_image0036023.jpg,2
3139,train/disgust/15_image0036033.jpg,2
3140,train/disgust/15_image0036101.jpg,2
3141,train/disgust/15_image0036223.jpg,2
3142,train/disgust/15_image0036255.jpg,2
3143,train/disgust/15_image0036267.jpg,2
3144,train/disgust/15_image0036311.jpg,2
3145,train/disgust/15_image0036331.jpg,2
3146,train/disgust/15_image0036341.jpg,2
3147,train/disgust/15_image0036345.jpg,2
3148,train/disgust/15_image0036386.jpg,2
3149,train/disgust/15_image0036393.jpg,2
3150,train/disgust/15_image0036402.jpg,2
3151,train/disgust/15_image0036410.jpg,2
3152,train/disgust/15_image0036447.jpg,2
3153,train/disgust/15_image0036458.jpg,2
3154,train/disgust/15_image0036470.jpg,2
3155,train/disgust/15_image0036489.jpg,2
3156,train/disgust/15_image0036537.jpg,2
3157,train/disgust/15_image0036578.jpg,2
3158,train/disgust/15_image0036633.jpg,2
3159,train/disgust/15_image0036635.jpg,2
3160,train/disgust/15_image0036722.jpg,2
3161,train/disgust/15_image0036742.jpg,2
3162,train/disgust/15_image0036759.jpg,2
3163,train/disgust/15_image0036778.jpg,2
3164,train/disgust/15_image0036803.jpg,2
3165,train/disgust/15_image0036807.jpg,2
3166,train/disgust/15_image0036810.jpg,2
3167,train/disgust/15_image0036825.jpg,2
3168,train/disgust/15_image0036866.jpg,2
3169,train/disgust/15_image0036911.jpg,2
3170,train/disgust/15_image0036913.jpg,2
3171,train/disgust/15_image0036955.jpg,2
3172,train/disgust/15_image0036981.jpg,2
3173,train/disgust/15_image0037017.jpg,2
3174,train/disgust/15_image0037068.jpg,2
3175,train/disgust/15_image0037247.jpg,2
3176,train/disgust/15_image0037262.jpg,2
3177,train/disgust/15_image0037291.jpg,2
3178,train/disgust/15_image0037301.jpg,2
3179,train/disgust/15_image0037321.jpg,2
3180,train/disgust/15_image0037329.jpg,2
3181,train/disgust/15_image0037339.jpg,2
3182,train/disgust/15_image0037358.jpg,2
3183,train/disgust/15_image0037367.jpg,2
3184,train/disgust/15_image0037383.jpg,2
3185,train/disgust/15_image0037390.jpg,2
3186,train/disgust/15_image0037440.jpg,2
3187,train/disgust/15_image0037442.jpg,2
3188,train/disgust/15_image0037528.jpg,2
3189,train/disgust/15_image0037553.jpg,2
3190,train/disgust/15_image0037616.jpg,2
3191,train/disgust/15_image0037670.jpg,2
3192,train/disgust/15_image0037708.jpg,2
3193,train/disgust/15_image0037745.jpg,2
3194,train/disgust/15_image0037748.jpg,2
3195,train/disgust/15_image0037775.jpg,2
3196,train/disgust/15_image0037803.jpg,2
3197,train/disgust/15_image0037849.jpg,2
3198,train/disgust/15_image0037897.jpg,2
3199,train/disgust/15_image0037974.jpg,2
3200,train/disgust/15_image0037988.jpg,2
3201,train/disgust/15_image0038004.jpg,2
3202,train/disgust/15_image0038081.jpg,2
3203,train/disgust/15_image0038097.jpg,2
3204,train/disgust/15_image0038173.jpg,2
3205,train/disgust/15_image0038202.jpg,2
3206,train/disgust/15_image0038304.jpg,2
3207,train/disgust/15_image0038346.jpg,2
3208,train/disgust/15_image0038433.jpg,2
3209,train/disgust/15_image0038440.jpg,2
3210,train/disgust/15_image0038456.jpg,2
3211,train/disgust/15_image0038476.jpg,2
3212,train/disgust/15_image0038482.jpg,2
3213,train/disgust/15_image0038552.jpg,2
3214,train/disgust/15_image0038558.jpg,2
3215,train/disgust/15_image0038582.jpg,2
3216,train/disgust/15_image0038588.jpg,2
3217,train/disgust/15_image0038593.jpg,2
3218,train/disgust/15_image0038619.jpg,2
3219,train/disgust/15_image0038662.jpg,2
3220,train/disgust/15_image0038676.jpg,2
3221,train/disgust/15_image0038792.jpg,2
3222,train/disgust/15_image0038802.jpg,2
3223,train/disgust/15_image0038820.jpg,2
3224,train/disgust/15_image0038830.jpg,2
3225,train/disgust/15_image0038835.jpg,2
3226,train/disgust/15_image0038846.jpg,2
3227,train/disgust/15_image0038877.jpg,2
3228,train/disgust/15_image0038901.jpg,2
3229,train/disgust/15_image0038902.jpg,2
3230,train/disgust/15_image0038951.jpg,2
3231,train/disgust/15_image0038955.jpg,2
3232,train/disgust/15_image0038975.jpg,2
3233,train/disgust/15_image0038984.jpg,2
3234,train/disgust/15_image0038988.jpg,2
3235,train/disgust/15_image0038996.jpg,2
3236,train/disgust/15_image0039001.jpg,2
3237,train/disgust/15_image0039012.jpg,2
3238,train/disgust/15_image0039101.jpg,2
3239,train/disgust/15_image0039132.jpg,2
3240,train/disgust/15_image0039140.jpg,2
3241,train/disgust/15_image0039214.jpg,2
3242,train/disgust/15_image0039217.jpg,2
3243,train/disgust/15_image0039312.jpg,2
3244,train/disgust/15_image0039372.jpg,2
3245,train/disgust/15_image0039431.jpg,2
3246,train/disgust/15_image0039466.jpg,2
3247,train/disgust/15_image0039467.jpg,2
3248,train/disgust/15_image0039525.jpg,2
3249,train/disgust/15_image0039571.jpg,2
3250,train/disgust/15_image0039572.jpg,2
3251,train/disgust/15_image0039610.jpg,2
3252,train/disgust/15_image0039629.jpg,2
3253,train/disgust/15_image0039669.jpg,2
3254,train/disgust/15_image0039684.jpg,2
3255,train/disgust/15_image0039704.jpg,2
3256,train/disgust/15_image0039723.jpg,2
3257,train/disgust/15_image0039790.jpg,2
3258,train/disgust/15_image0039797.jpg,2
3259,train/disgust/15_image0039898.jpg,2
3260,train/disgust/15_image0039960.jpg,2
3261,train/disgust/15_image0039988.jpg,2
3262,train/disgust/15_image0039992.jpg,2
3263,train/disgust/15_image0040005.jpg,2
3264,train/disgust/15_image0040011.jpg,2
3265,train/disgust/15_image0040046.jpg,2
3266,train/disgust/15_image0040063.jpg,2
3267,train/disgust/15_image0040129.jpg,2
3268,train/disgust/15_image0040190.jpg,2
3269,train/disgust/15_image0040246.jpg,2
3270,train/disgust/15_image0040256.jpg,2
3271,train/disgust/15_image0040337.jpg,2
3272,train/disgust/15_image0040367.jpg,2
3273,train/disgust/15_image0040417.jpg,2
3274,train/disgust/15_image0040418.jpg,2
3275,train/disgust/15_image0040426.jpg,2
3276,train/disgust/15_image0040431.jpg,2
3277,train/disgust/15_image0040464.jpg,2
3278,train/disgust/15_image0040484.jpg,2
3279,train/disgust/15_image0040586.jpg,2
3280,train/disgust/15_image0040587.jpg,2
3281,train/disgust/15_image0040590.jpg,2
3282,train/disgust/15_image0040706.jpg,2
3283,train/disgust/15_image0040716.jpg,2
3284,train/disgust/15_image0040722.jpg,2
3285,train/disgust/15_image0040728.jpg,2
3286,train/disgust/15_image0040783.jpg,2
3287,train/disgust/15_image0040820.jpg,2
3288,train/disgust/15_image0040827.jpg,2
3289,train/disgust/15_image0040870.jpg,2
3290,train/disgust/15_image0040890.jpg,2
3291,train/disgust/15_image0040896.jpg,2
3292,train/disgust/15_image0040947.jpg,2
3293,train/disgust/15_image0040961.jpg,2
3294,train/disgust/15_image0040971.jpg,2
3295,train/disgust/15_image0040988.jpg,2
3296,train/disgust/15_image0041008.jpg,2
3297,train/disgust/15_image0041025.jpg,2
3298,train/disgust/15_image0041036.jpg,2
3299,train/disgust/15_image0041055.jpg,2
3300,train/disgust/15_image0041067.jpg,2
3301,train/disgust/15_image0041070.jpg,2
3302,train/disgust/15_image0041071.jpg,2
3303,train/disgust/15_image0041077.jpg,2
3304,train/disgust/15_image0041115.jpg,2
3305,train/disgust/15_image0041160.jpg,2
3306,train/disgust/15_image0041174.jpg,2
3307,train/disgust/15_image0041177.jpg,2
3308,train/disgust/15_image0041243.jpg,2
3309,train/disgust/15_image0041264.jpg,2
3310,train/disgust/15_image0041266.jpg,2
3311,train/disgust/15_image0041269.jpg,2
3312,train/disgust/15_image0041306.jpg,2
3313,train/disgust/15_image0041375.jpg,2
3314,train/disgust/15_image0041393.jpg,2
3315,train/disgust/15_image0041403.jpg,2
3316,train/disgust/15_image0041404.jpg,2
3317,train/disgust/15_image0041408.jpg,2
3318,train/disgust/15_image0041426.jpg,2
3319,train/disgust/15_image0041432.jpg,2
3320,train/disgust/15_image0041445.jpg,2
3321,train/disgust/15_image0041450.jpg,2
3322,train/disgust/15_image0041451.jpg,2
3323,train/disgust/15_image0041460.jpg,2
3324,train/disgust/15_image0041478.jpg,2
3325,train/disgust/15_image0041491.jpg,2
3326,train/disgust/15_image0041528.jpg,2
3327,train/disgust/15_image0041547.jpg,2
3328,train/disgust/15_image0041548.jpg,2
3329,train/disgust/15_image0041639.jpg,2
3330,train/disgust/15_image0041645.jpg,2
3331,train/disgust/15_image0041650.jpg,2
3332,train/disgust/15_image0041694.jpg,2
3333,train/disgust/15_image0041703.jpg,2
3334,train/disgust/15_image0041736.jpg,2
3335,train/disgust/15_image0041749.jpg,2
3336,train/disgust/15_image0041753.jpg,2
3337,train/disgust/15_image0041766.jpg,2
3338,train/disgust/15_image0041841.jpg,2
3339,train/disgust/15_image0041873.jpg,2
3340,train/disgust/15_image0041899.jpg,2
3341,train/disgust/15_image0041945.jpg,2
3342,train/disgust/15_image0041979.jpg,2
3343,train/disgust/15_image0041993.jpg,2
3344,train/disgust/15_image0042024.jpg,2
3345,train/disgust/15_image0042122.jpg,2
3346,train/disgust/15_image0042163.jpg,2
3347,train/disgust/15_image0042194.jpg,2
3348,train/disgust/15_image0042210.jpg,2
3349,train/disgust/15_image0042222.jpg,2
3350,train/disgust/15_image0042228.jpg,2
3351,train/disgust/15_image0042305.jpg,2
3352,train/disgust/15_image0042314.jpg,2
3353,train/disgust/15_image0042328.jpg,2
3354,train/disgust/15_image0042333.jpg,2
3355,train/disgust/15_image0042395.jpg,2
3356,train/disgust/15_image0042409.jpg,2
3357,train/disgust/15_image0042421.jpg,2
3358,train/disgust/15_image0042429.jpg,2
3359,train/disgust/15_image0042446.jpg,2
3360,train/disgust/15_image0042468.jpg,2
3361,train/disgust/15_image0042479.jpg,2
3362,train/disgust/15_image0042482.jpg,2
3363,train/disgust/15_image0042495.jpg,2
3364,train/disgust/15_image0042519.jpg,2
3365,train/disgust/15_image0042535.jpg,2
3366,train/disgust/15_image0042550.jpg,2
3367,train/disgust/5_ffhq_10.png,2
3368,train/disgust/5_ffhq_2.png,2
3369,train/disgust/5_ffhq_22.png,2
3370,train/disgust/5_ffhq_27.png,2
3371,train/disgust/5_ffhq_28.png,2
3372,train/disgust/5_ffhq_35.png,2
3373,train/disgust/5_ffhq_36.png,2
3374,train/disgust/5_ffhq_46.png,2
3375,train/disgust/5_ffhq_48.png,2
3376,train/disgust/5_ffhq_5.png,2
3377,train/disgust/5_image0001041.jpg,2
3378,train/disgust/5_image0003186.jpg,2
3379,train/disgust/5_image0003405.jpg,2
3380,train/disgust/5_image0006270.jpg,2
3381,train/disgust/5_image0006914.jpg,2
3382,train/disgust/5_image0007682.jpg,2
3383,train/disgust/5_image0008547.jpg,2
3384,train/disgust/5_image0008568.jpg,2
3385,train/disgust/5_image0009336.jpg,2
3386,train/disgust/5_image0009403.jpg,2
3387,train/disgust/5_image0009925.jpg,2
3388,train/disgust/5_image0010274.jpg,2
3389,train/disgust/5_image0010394.jpg,2
3390,train/disgust/5_image0011440.jpg,2
3391,train/disgust/5_image0011456.jpg,2
3392,train/disgust/5_image0011585.jpg,2
3393,train/disgust/5_image0012636.jpg,2
3394,train/disgust/5_image0012921.jpg,2
3395,train/disgust/5_image0013381.jpg,2
3396,train/disgust/5_image0014044.jpg,2
3397,train/disgust/5_image0014244.jpg,2
3398,train/disgust/5_image0015583.jpg,2
3399,train/disgust/5_image0015675.jpg,2
3400,train/disgust/5_image0015953.jpg,2
3401,train/disgust/5_image0016638.jpg,2
3402,train/disgust/5_image0017409.jpg,2
3403,train/disgust/5_image0017413.jpg,2
3404,train/disgust/5_image0017513.jpg,2
3405,train/disgust/5_image0017578.jpg,2
3406,train/disgust/5_image0017810.jpg,2
3407,train/disgust/5_image0018378.jpg,2
3408,train/disgust/5_image0018712.jpg,2
3409,train/disgust/5_image0019148.jpg,2
3410,train/disgust/5_image0019192.jpg,2
3411,train/disgust/5_image0019759.jpg,2
3412,train/disgust/5_image0020467.jpg,2
3413,train/disgust/5_image0020483.jpg,2
3414,train/disgust/5_image0020546.jpg,2
3415,train/disgust/5_image0020884.jpg,2
3416,train/disgust/5_image0021314.jpg,2
3417,train/disgust/5_image0021323.jpg,2
3418,train/disgust/5_image0021480.jpg,2
3419,train/disgust/5_image0022378.jpg,2
3420,train/disgust/5_image0023048.jpg,2
3421,train/disgust/5_image0023136.jpg,2
3422,train/disgust/5_image0023502.jpg,2
3423,train/disgust/5_image0023867.jpg,2
3424,train/disgust/5_image0023976.jpg,2
3425,train/disgust/5_image0024168.jpg,2
3426,train/disgust/5_image0024271.jpg,2
3427,train/disgust/5_image0024922.jpg,2
3428,train/disgust/5_image0025112.jpg,2
3429,train/disgust/5_image0025167.jpg,2
3430,train/disgust/5_image0026073.jpg,2
3431,train/disgust/5_image0026861.jpg,2
3432,train/disgust/5_image0026980.jpg,2
3433,train/disgust/5_image0027357.jpg,2
3434,train/disgust/5_image0028106.jpg,2
3435,train/disgust/5_image0028170.jpg,2
3436,train/disgust/5_image0028268.jpg,2
3437,train/disgust/5_image0028335.jpg,2
3438,train/disgust/5_image0028427.jpg,2
3439,train/disgust/5_image0028736.jpg,2
3440,train/disgust/5_image0029017.jpg,2
3441,train/disgust/5_image0029023.jpg,2
3442,train/disgust/5_image0029197.jpg,2
3443,train/disgust/5_image0029707.jpg,2
3444,train/disgust/5_image0030514.jpg,2
3445,train/disgust/5_image0030565.jpg,2
3446,train/disgust/5_image0030573.jpg,2
3447,train/disgust/5_image0030634.jpg,2
3448,train/disgust/5_image0030652.jpg,2
3449,train/disgust/5_image0030657.jpg,2
3450,train/disgust/5_image0030664.jpg,2
3451,train/disgust/5_image0030906.jpg,2
3452,train/disgust/5_image0030908.jpg,2
3453,train/disgust/5_image0030990.jpg,2
3454,train/disgust/5_image0031283.jpg,2
3455,train/disgust/5_image0031315.jpg,2
3456,train/disgust/5_image0031520.jpg,2
3457,train/disgust/5_image0031526.jpg,2
3458,train/disgust/5_image0031625.jpg,2
3459,train/disgust/5_image0031641.jpg,2
3460,train/disgust/5_image0031833.jpg,2
3461,train/disgust/5_image0031902.jpg,2
3462,train/disgust/5_image0031913.jpg,2
3463,train/disgust/5_image0031971.jpg,2
3464,train/disgust/5_image0032052.jpg,2
3465,train/disgust/5_image0032140.jpg,2
3466,train/disgust/5_image0032188.jpg,2
3467,train/disgust/5_image0032199.jpg,2
3468,train/disgust/5_image0032209.jpg,2
3469,train/disgust/5_image0032213.jpg,2
3470,train/disgust/5_image0032266.jpg,2
3471,train/disgust/5_image0032572.jpg,2
3472,train/disgust/5_image0032609.jpg,2
3473,train/disgust/5_image0032691.jpg,2
3474,train/disgust/5_image0032814.jpg,2
3475,train/disgust/5_image0032831.jpg,2
3476,train/disgust/5_image0032917.jpg,2
3477,train/disgust/5_image0032933.jpg,2
3478,train/disgust/5_image0032958.jpg,2
3479,train/disgust/5_image0032979.jpg,2
3480,train/disgust/5_image0033036.jpg,2
3481,train/disgust/5_image0033083.jpg,2
3482,train/disgust/5_image0033172.jpg,2
3483,train/disgust/5_image0033231.jpg,2
3484,train/disgust/5_image0033382.jpg,2
3485,train/disgust/5_image0033495.jpg,2
3486,train/disgust/5_image0033513.jpg,2
3487,train/disgust/5_image0033523.jpg,2
3488,train/disgust/5_image0033672.jpg,2
3489,train/disgust/5_image0034029.jpg,2
3490,train/disgust/5_image0034071.jpg,2
3491,train/disgust/5_image0034213.jpg,2
3492,train/disgust/5_image0034252.jpg,2
3493,train/disgust/5_image0034329.jpg,2
3494,train/disgust/5_image0034423.jpg,2
3495,train/disgust/5_image0034477.jpg,2
3496,train/disgust/5_image0034544.jpg,2
3497,train/disgust/5_image0034643.jpg,2
3498,train/disgust/5_image0034669.jpg,2
3499,train/disgust/5_image0034694.jpg,2
3500,train/disgust/5_image0034736.jpg,2
3501,train/disgust/5_image0034757.jpg,2
3502,train/disgust/5_image0034823.jpg,2
3503,train/disgust/5_image0034930.jpg,2
3504,train/disgust/5_image0034978.jpg,2
3505,train/disgust/5_image0034981.jpg,2
3506,train/disgust/5_image0034997.jpg,2
3507,train/disgust/5_image0034998.jpg,2
3508,train/disgust/5_image0035001.jpg,2
3509,train/disgust/5_image0035006.jpg,2
3510,train/disgust/5_image0035011.jpg,2
3511,train/disgust/5_image0035036.jpg,2
3512,train/disgust/5_image0035096.jpg,2
3513,train/disgust/5_image0035108.jpg,2
3514,train/disgust/5_image0035136.jpg,2
3515,train/disgust/5_image0035215.jpg,2
3516,train/disgust/5_image0035258.jpg,2
3517,train/disgust/5_image0035269.jpg,2
3518,train/disgust/5_image0035350.jpg,2
3519,train/disgust/5_image0035396.jpg,2
3520,train/disgust/5_image0035452.jpg,2
3521,train/disgust/5_image0035528.jpg,2
3522,train/disgust/5_image0035579.jpg,2
3523,train/disgust/5_image0035619.jpg,2
3524,train/disgust/5_image0035757.jpg,2
3525,train/disgust/5_image0035759.jpg,2
3526,train/disgust/5_image0035773.jpg,2
3527,train/disgust/5_image0035780.jpg,2
3528,train/disgust/5_image0035797.jpg,2
3529,train/disgust/5_image0035809.jpg,2
3530,train/disgust/5_image0035813.jpg,2
3531,train/disgust/5_image0035865.jpg,2
3532,train/disgust/5_image0035868.jpg,2
3533,train/disgust/5_image0035902.jpg,2
3534,train/disgust/5_image0035960.jpg,2
3535,train/disgust/5_image0035970.jpg,2
3536,train/disgust/5_image0035989.jpg,2
3537,train/disgust/5_image0036046.jpg,2
3538,train/disgust/5_image0036054.jpg,2
3539,train/disgust/5_image0036109.jpg,2
3540,train/disgust/5_image0036131.jpg,2
3541,train/disgust/5_image0036132.jpg,2
3542,train/disgust/5_image0036204.jpg,2
3543,train/disgust/5_image0036207.jpg,2
3544,train/disgust/5_image0036216.jpg,2
3545,train/disgust/5_image0036229.jpg,2
3546,train/disgust/5_image0036263.jpg,2
3547,train/disgust/5_image0036276.jpg,2
3548,train/disgust/5_image0036280.jpg,2
3549,train/disgust/5_image0036324.jpg,2
3550,train/disgust/5_image0036351.jpg,2
3551,train/disgust/5_image0036362.jpg,2
3552,train/disgust/5_image0036393.jpg,2
3553,train/disgust/5_image0036402.jpg,2
3554,train/disgust/5_image0036410.jpg,2
3555,train/disgust/5_image0036434.jpg,2
3556,train/disgust/5_image0036458.jpg,2
3557,train/disgust/5_image0036475.jpg,2
3558,train/disgust/5_image0036485.jpg,2
3559,train/disgust/5_image0036527.jpg,2
3560,train/disgust/5_image0036566.jpg,2
3561,train/disgust/5_image0036574.jpg,2
3562,train/disgust/5_image0036619.jpg,2
3563,train/disgust/5_image0036635.jpg,2
3564,train/disgust/5_image0036641.jpg,2
3565,train/disgust/5_image0036669.jpg,2
3566,train/disgust/5_image0036716.jpg,2
3567,train/disgust/5_image0036722.jpg,2
3568,train/disgust/5_image0036725.jpg,2
3569,train/disgust/5_image0036864.jpg,2
3570,train/disgust/5_image0036887.jpg,2
3571,train/disgust/5_image0036913.jpg,2
3572,train/disgust/5_image0036934.jpg,2
3573,train/disgust/5_image0037050.jpg,2
3574,train/disgust/5_image0037092.jpg,2
3575,train/disgust/5_image0037097.jpg,2
3576,train/disgust/5_image0037175.jpg,2
3577,train/disgust/5_image0037180.jpg,2
3578,train/disgust/5_image0037200.jpg,2
3579,train/disgust/5_image0037201.jpg,2
3580,train/disgust/5_image0037232.jpg,2
3581,train/disgust/5_image0037235.jpg,2
3582,train/disgust/5_image0037262.jpg,2
3583,train/disgust/5_image0037271.jpg,2
3584,train/disgust/5_image0037283.jpg,2
3585,train/disgust/5_image0037319.jpg,2
3586,train/disgust/5_image0037321.jpg,2
3587,train/disgust/5_image0037328.jpg,2
3588,train/disgust/5_image0037387.jpg,2
3589,train/disgust/5_image0037423.jpg,2
3590,train/disgust/5_image0037444.jpg,2
3591,train/disgust/5_image0037449.jpg,2
3592,train/disgust/5_image0037452.jpg,2
3593,train/disgust/5_image0037462.jpg,2
3594,train/disgust/5_image0037496.jpg,2
3595,train/disgust/5_image0037578.jpg,2
3596,train/disgust/5_image0037634.jpg,2
3597,train/disgust/5_image0037698.jpg,2
3598,train/disgust/5_image0037741.jpg,2
3599,train/disgust/5_image0037803.jpg,2
3600,train/disgust/5_image0037849.jpg,2
3601,train/disgust/5_image0037878.jpg,2
3602,train/disgust/5_image0037945.jpg,2
3603,train/disgust/5_image0038004.jpg,2
3604,train/disgust/5_image0038010.jpg,2
3605,train/disgust/5_image0038035.jpg,2
3606,train/disgust/5_image0038076.jpg,2
3607,train/disgust/5_image0038082.jpg,2
3608,train/disgust/5_image0038127.jpg,2
3609,train/disgust/5_image0038163.jpg,2
3610,train/disgust/5_image0038179.jpg,2
3611,train/disgust/5_image0038239.jpg,2
3612,train/disgust/5_image0038258.jpg,2
3613,train/disgust/5_image0038266.jpg,2
3614,train/disgust/5_image0038289.jpg,2
3615,train/disgust/5_image0038319.jpg,2
3616,train/disgust/5_image0038339.jpg,2
3617,train/disgust/5_image0038340.jpg,2
3618,train/disgust/5_image0038391.jpg,2
3619,train/disgust/5_image0038447.jpg,2
3620,train/disgust/5_image0038458.jpg,2
3621,train/disgust/5_image0038476.jpg,2
3622,train/disgust/5_image0038481.jpg,2
3623,train/disgust/5_image0038561.jpg,2
3624,train/disgust/5_image0038566.jpg,2
3625,train/disgust/5_image0038604.jpg,2
3626,train/disgust/5_image0038638.jpg,2
3627,train/disgust/5_image0038668.jpg,2
3628,train/disgust/5_image0038679.jpg,2
3629,train/disgust/5_image0038681.jpg,2
3630,train/disgust/5_image0038790.jpg,2
3631,train/disgust/5_image0038827.jpg,2
3632,train/disgust/5_image0038838.jpg,2
3633,train/disgust/5_image0038886.jpg,2
3634,train/disgust/5_image0038887.jpg,2
3635,train/disgust/5_image0038902.jpg,2
3636,train/disgust/5_image0038906.jpg,2
3637,train/disgust/5_image0038950.jpg,2
3638,train/disgust/5_image0039013.jpg,2
3639,train/disgust/5_image0039070.jpg,2
3640,train/disgust/5_image0039123.jpg,2
3641,train/disgust/5_image0039193.jpg,2
3642,train/disgust/5_image0039217.jpg,2
3643,train/disgust/5_image0039228.jpg,2
3644,train/disgust/5_image0039273.jpg,2
3645,train/disgust/5_image0039315.jpg,2
3646,train/disgust/5_image0039316.jpg,2
3647,train/disgust/5_image0039387.jpg,2
3648,train/disgust/5_image0039390.jpg,2
3649,train/disgust/5_image0039402.jpg,2
3650,train/disgust/5_image0039466.jpg,2
3651,train/disgust/5_image0039497.jpg,2
3652,train/disgust/5_image0039551.jpg,2
3653,train/disgust/5_image0039597.jpg,2
3654,train/disgust/5_image0039619.jpg,2
3655,train/disgust/5_image0039634.jpg,2
3656,train/disgust/5_image0039665.jpg,2
3657,train/disgust/5_image0039667.jpg,2
3658,train/disgust/5_image0039793.jpg,2
3659,train/disgust/5_image0039799.jpg,2
3660,train/disgust/5_image0039821.jpg,2
3661,train/disgust/5_image0039836.jpg,2
3662,train/disgust/5_image0039865.jpg,2
3663,train/disgust/5_image0039906.jpg,2
3664,train/disgust/5_image0039921.jpg,2
3665,train/disgust/5_image0039950.jpg,2
3666,train/disgust/5_image0039974.jpg,2
3667,train/disgust/5_image0040011.jpg,2
3668,train/disgust/5_image0040025.jpg,2
3669,train/disgust/5_image0040028.jpg,2
3670,train/disgust/5_image0040046.jpg,2
3671,train/disgust/5_image0040050.jpg,2
3672,train/disgust/5_image0040175.jpg,2
3673,train/disgust/5_image0040271.jpg,2
3674,train/disgust/5_image0040276.jpg,2
3675,train/disgust/5_image0040350.jpg,2
3676,train/disgust/5_image0040417.jpg,2
3677,train/disgust/5_image0040517.jpg,2
3678,train/disgust/5_image0040547.jpg,2
3679,train/disgust/5_image0040590.jpg,2
3680,train/disgust/5_image0040610.jpg,2
3681,train/disgust/5_image0040627.jpg,2
3682,train/disgust/5_image0040679.jpg,2
3683,train/disgust/5_image0040851.jpg,2
3684,train/disgust/5_image0040982.jpg,2
3685,train/disgust/5_image0040983.jpg,2
3686,train/disgust/5_image0040996.jpg,2
3687,train/disgust/5_image0041025.jpg,2
3688,train/disgust/5_image0041028.jpg,2
3689,train/disgust/5_image0041059.jpg,2
3690,train/disgust/5_image0041110.jpg,2
3691,train/disgust/5_image0041118.jpg,2
3692,train/disgust/5_image0041135.jpg,2
3693,train/disgust/5_image0041142.jpg,2
3694,train/disgust/5_image0041145.jpg,2
3695,train/disgust/5_image0041174.jpg,2
3696,train/disgust/5_image0041180.jpg,2
3697,train/disgust/5_image0041189.jpg,2
3698,train/disgust/5_image0041216.jpg,2
3699,train/disgust/5_image0041266.jpg,2
3700,train/disgust/5_image0041280.jpg,2
3701,train/disgust/5_image0041282.jpg,2
3702,train/disgust/5_image0041306.jpg,2
3703,train/disgust/5_image0041326.jpg,2
3704,train/disgust/5_image0041338.jpg,2
3705,train/disgust/5_image0041351.jpg,2
3706,train/disgust/5_image0041362.jpg,2
3707,train/disgust/5_image0041373.jpg,2
3708,train/disgust/5_image0041383.jpg,2
3709,train/disgust/5_image0041396.jpg,2
3710,train/disgust/5_image0041441.jpg,2
3711,train/disgust/5_image0041456.jpg,2
3712,train/disgust/5_image0041486.jpg,2
3713,train/disgust/5_image0041487.jpg,2
3714,train/disgust/5_image0041489.jpg,2
3715,train/disgust/5_image0041503.jpg,2
3716,train/disgust/5_image0041533.jpg,2
3717,train/disgust/5_image0041548.jpg,2
3718,train/disgust/5_image0041556.jpg,2
3719,train/disgust/5_image0041562.jpg,2
3720,train/disgust/5_image0041563.jpg,2
3721,train/disgust/5_image0041566.jpg,2
3722,train/disgust/5_image0041609.jpg,2
3723,train/disgust/5_image0041610.jpg,2
3724,train/disgust/5_image0041641.jpg,2
3725,train/disgust/5_image0041650.jpg,2
3726,train/disgust/5_image0041668.jpg,2
3727,train/disgust/5_image0041715.jpg,2
3728,train/disgust/5_image0041729.jpg,2
3729,train/disgust/5_image0041772.jpg,2
3730,train/disgust/5_image0041780.jpg,2
3731,train/disgust/5_image0041782.jpg,2
3732,train/disgust/5_image0041794.jpg,2
3733,train/disgust/5_image0041804.jpg,2
3734,train/disgust/5_image0041824.jpg,2
3735,train/disgust/5_image0041841.jpg,2
3736,train/disgust/5_image0041847.jpg,2
3737,train/disgust/5_image0041849.jpg,2
3738,train/disgust/5_image0041867.jpg,2
3739,train/disgust/5_image0041872.jpg,2
3740,train/disgust/5_image0041873.jpg,2
3741,train/disgust/5_image0041892.jpg,2
3742,train/disgust/5_image0041898.jpg,2
3743,train/disgust/5_image0041918.jpg,2
3744,train/disgust/5_image0041938.jpg,2
3745,train/disgust/5_image0041942.jpg,2
3746,train/disgust/5_image0041965.jpg,2
3747,train/disgust/5_image0041978.jpg,2
3748,train/disgust/5_image0041988.jpg,2
3749,train/disgust/5_image0042007.jpg,2
3750,train/disgust/5_image0042010.jpg,2
3751,train/disgust/5_image0042030.jpg,2
3752,train/disgust/5_image0042042.jpg,2
3753,train/disgust/5_image0042076.jpg,2
3754,train/disgust/5_image0042112.jpg,2
3755,train/disgust/5_image0042132.jpg,2
3756,train/disgust/5_image0042199.jpg,2
3757,train/disgust/5_image0042238.jpg,2
3758,train/disgust/5_image0042242.jpg,2
3759,train/disgust/5_image0042247.jpg,2
3760,train/disgust/5_image0042254.jpg,2
3761,train/disgust/5_image0042255.jpg,2
3762,train/disgust/5_image0042266.jpg,2
3763,train/disgust/5_image0042291.jpg,2
3764,train/disgust/5_image0042315.jpg,2
3765,train/disgust/5_image0042319.jpg,2
3766,train/disgust/5_image0042353.jpg,2
3767,train/disgust/5_image0042368.jpg,2
3768,train/disgust/5_image0042400.jpg,2
3769,train/disgust/5_image0042402.jpg,2
3770,train/disgust/5_image0042406.jpg,2
3771,train/disgust/5_image0042411.jpg,2
3772,train/disgust/5_image0042482.jpg,2
3773,train/disgust/5_image0042518.jpg,2
3774,train/disgust/5_image0042519.jpg,2
3775,train/disgust/5_image0042550.jpg,2
3776,train/fear/10_image0000694.jpg,3
3777,train/fear/10_image0000701.jpg,3
3778,train/fear/10_image0000808.jpg,3
3779,train/fear/10_image0001316.jpg,3
3780,train/fear/10_image0002217.jpg,3
3781,train/fear/10_image0002748.jpg,3
3782,train/fear/10_image0003306.jpg,3
3783,train/fear/10_image0004079.jpg,3
3784,train/fear/10_image0005463.jpg,3
3785,train/fear/10_image0006881.jpg,3
3786,train/fear/10_image0007835.jpg,3
3787,train/fear/10_image0008214.jpg,3
3788,train/fear/10_image0009004.jpg,3
3789,train/fear/10_image0010116.jpg,3
3790,train/fear/10_image0012488.jpg,3
3791,train/fear/10_image0013111.jpg,3
3792,train/fear/10_image0013830.jpg,3
3793,train/fear/10_image0014417.jpg,3
3794,train/fear/10_image0014623.jpg,3
3795,train/fear/10_image0014635.jpg,3
3796,train/fear/10_image0014716.jpg,3
3797,train/fear/10_image0014907.jpg,3
3798,train/fear/10_image0015039.jpg,3
3799,train/fear/10_image0015153.jpg,3
3800,train/fear/10_image0015636.jpg,3
3801,train/fear/10_image0016562.jpg,3
3802,train/fear/10_image0016874.jpg,3
3803,train/fear/10_image0018353.jpg,3
3804,train/fear/10_image0018521.jpg,3
3805,train/fear/10_image0018588.jpg,3
3806,train/fear/10_image0019368.jpg,3
3807,train/fear/10_image0019375.jpg,3
3808,train/fear/10_image0019492.jpg,3
3809,train/fear/10_image0020354.jpg,3
3810,train/fear/10_image0020449.jpg,3
3811,train/fear/10_image0020717.jpg,3
3812,train/fear/10_image0020859.jpg,3
3813,train/fear/10_image0021039.jpg,3
3814,train/fear/10_image0021423.jpg,3
3815,train/fear/10_image0022032.jpg,3
3816,train/fear/10_image0022451.jpg,3
3817,train/fear/10_image0023087.jpg,3
3818,train/fear/10_image0023299.jpg,3
3819,train/fear/10_image0023338.jpg,3
3820,train/fear/10_image0023677.jpg,3
3821,train/fear/10_image0023744.jpg,3
3822,train/fear/10_image0023746.jpg,3
3823,train/fear/10_image0023766.jpg,3
3824,train/fear/10_image0023828.jpg,3
3825,train/fear/10_image0023931.jpg,3
3826,train/fear/10_image0024046.jpg,3
3827,train/fear/10_image0024241.jpg,3
3828,train/fear/10_image0024375.jpg,3
3829,train/fear/10_image0024430.jpg,3
3830,train/fear/10_image0024525.jpg,3
3831,train/fear/10_image0024556.jpg,3
3832,train/fear/10_image0024717.jpg,3
3833,train/fear/10_image0024848.jpg,3
3834,train/fear/10_image0024892.jpg,3
3835,train/fear/10_image0025054.jpg,3
3836,train/fear/10_image0025531.jpg,3
3837,train/fear/10_image0025864.jpg,3
3838,train/fear/10_image0025876.jpg,3
3839,train/fear/10_image0026084.jpg,3
3840,train/fear/10_image0026329.jpg,3
3841,train/fear/10_image0026358.jpg,3
3842,train/fear/10_image0026576.jpg,3
3843,train/fear/10_image0026578.jpg,3
3844,train/fear/10_image0026620.jpg,3
3845,train/fear/10_image0027116.jpg,3
3846,train/fear/10_image0027180.jpg,3
3847,train/fear/10_image0027370.jpg,3
3848,train/fear/10_image0027381.jpg,3
3849,train/fear/10_image0027412.jpg,3
3850,train/fear/10_image0027434.jpg,3
3851,train/fear/10_image0027819.jpg,3
3852,train/fear/10_image0027930.jpg,3
3853,train/fear/10_image0028155.jpg,3
3854,train/fear/10_image0028262.jpg,3
3855,train/fear/10_image0028761.jpg,3
3856,train/fear/10_image0029043.jpg,3
3857,train/fear/10_image0029100.jpg,3
3858,train/fear/10_image0029326.jpg,3
3859,train/fear/10_image0029470.jpg,3
3860,train/fear/10_image0029662.jpg,3
3861,train/fear/10_image0029787.jpg,3
3862,train/fear/10_image0029966.jpg,3
3863,train/fear/10_image0030091.jpg,3
3864,train/fear/10_image0030143.jpg,3
3865,train/fear/10_image0030153.jpg,3
3866,train/fear/10_image0030268.jpg,3
3867,train/fear/10_image0030503.jpg,3
3868,train/fear/10_image0030585.jpg,3
3869,train/fear/10_image0030680.jpg,3
3870,train/fear/10_image0030868.jpg,3
3871,train/fear/10_image0030893.jpg,3
3872,train/fear/10_image0030923.jpg,3
3873,train/fear/10_image0031079.jpg,3
3874,train/fear/10_image0031222.jpg,3
3875,train/fear/10_image0031343.jpg,3
3876,train/fear/10_image0031455.jpg,3
3877,train/fear/10_image0031463.jpg,3
3878,train/fear/10_image0031613.jpg,3
3879,train/fear/10_image0031630.jpg,3
3880,train/fear/10_image0031652.jpg,3
3881,train/fear/10_image0031720.jpg,3
3882,train/fear/10_image0031780.jpg,3
3883,train/fear/10_image0031810.jpg,3
3884,train/fear/10_image0031875.jpg,3
3885,train/fear/10_image0031919.jpg,3
3886,train/fear/10_image0032034.jpg,3
3887,train/fear/10_image0032096.jpg,3
3888,train/fear/10_image0032103.jpg,3
3889,train/fear/10_image0032160.jpg,3
3890,train/fear/10_image0032182.jpg,3
3891,train/fear/10_image0032215.jpg,3
3892,train/fear/10_image0032226.jpg,3
3893,train/fear/10_image0032232.jpg,3
3894,train/fear/10_image0032325.jpg,3
3895,train/fear/10_image0032360.jpg,3
3896,train/fear/10_image0032372.jpg,3
3897,train/fear/10_image0032459.jpg,3
3898,train/fear/10_image0032593.jpg,3
3899,train/fear/10_image0032600.jpg,3
3900,train/fear/10_image0032616.jpg,3
3901,train/fear/10_image0032658.jpg,3
3902,train/fear/10_image0032680.jpg,3
3903,train/fear/10_image0032900.jpg,3
3904,train/fear/10_image0032935.jpg,3
3905,train/fear/10_image0032978.jpg,3
3906,train/fear/10_image0033044.jpg,3
3907,train/fear/10_image0033103.jpg,3
3908,train/fear/10_image0033144.jpg,3
3909,train/fear/10_image0033319.jpg,3
3910,train/fear/10_image0033348.jpg,3
3911,train/fear/10_image0033380.jpg,3
3912,train/fear/10_image0033409.jpg,3
3913,train/fear/10_image0033419.jpg,3
3914,train/fear/10_image0033421.jpg,3
3915,train/fear/10_image0033450.jpg,3
3916,train/fear/10_image0033452.jpg,3
3917,train/fear/10_image0033455.jpg,3
3918,train/fear/10_image0033492.jpg,3
3919,train/fear/10_image0033535.jpg,3
3920,train/fear/10_image0033547.jpg,3
3921,train/fear/10_image0033585.jpg,3
3922,train/fear/10_image0033644.jpg,3
3923,train/fear/10_image0033761.jpg,3
3924,train/fear/10_image0033771.jpg,3
3925,train/fear/10_image0033842.jpg,3
3926,train/fear/10_image0033848.jpg,3
3927,train/fear/10_image0033854.jpg,3
3928,train/fear/10_image0033890.jpg,3
3929,train/fear/10_image0033893.jpg,3
3930,train/fear/10_image0033904.jpg,3
3931,train/fear/10_image0034120.jpg,3
3932,train/fear/10_image0034130.jpg,3
3933,train/fear/10_image0034158.jpg,3
3934,train/fear/10_image0034236.jpg,3
3935,train/fear/10_image0034404.jpg,3
3936,train/fear/10_image0034431.jpg,3
3937,train/fear/10_image0034491.jpg,3
3938,train/fear/10_image0034497.jpg,3
3939,train/fear/10_image0034556.jpg,3
3940,train/fear/10_image0034596.jpg,3
3941,train/fear/10_image0034676.jpg,3
3942,train/fear/10_image0034691.jpg,3
3943,train/fear/10_image0034703.jpg,3
3944,train/fear/10_image0034725.jpg,3
3945,train/fear/10_image0034758.jpg,3
3946,train/fear/10_image0034780.jpg,3
3947,train/fear/10_image0034847.jpg,3
3948,train/fear/10_image0034962.jpg,3
3949,train/fear/10_image0035019.jpg,3
3950,train/fear/10_image0035047.jpg,3
3951,train/fear/10_image0035055.jpg,3
3952,train/fear/10_image0035069.jpg,3
3953,train/fear/10_image0035073.jpg,3
3954,train/fear/10_image0035138.jpg,3
3955,train/fear/10_image0035165.jpg,3
3956,train/fear/10_image0035179.jpg,3
3957,train/fear/10_image0035206.jpg,3
3958,train/fear/10_image0035256.jpg,3
3959,train/fear/10_image0035274.jpg,3
3960,train/fear/10_image0035290.jpg,3
3961,train/fear/10_image0035301.jpg,3
3962,train/fear/10_image0035319.jpg,3
3963,train/fear/10_image0035326.jpg,3
3964,train/fear/10_image0035378.jpg,3
3965,train/fear/10_image0035415.jpg,3
3966,train/fear/10_image0035454.jpg,3
3967,train/fear/10_image0035483.jpg,3
3968,train/fear/10_image0035518.jpg,3
3969,train/fear/10_image0035529.jpg,3
3970,train/fear/10_image0035552.jpg,3
3971,train/fear/10_image0035597.jpg,3
3972,train/fear/10_image0035599.jpg,3
3973,train/fear/10_image0035639.jpg,3
3974,train/fear/10_image0035649.jpg,3
3975,train/fear/10_image0035652.jpg,3
3976,train/fear/10_image0035664.jpg,3
3977,train/fear/10_image0035689.jpg,3
3978,train/fear/10_image0035730.jpg,3
3979,train/fear/10_image0035743.jpg,3
3980,train/fear/10_image0035749.jpg,3
3981,train/fear/10_image0035752.jpg,3
3982,train/fear/10_image0035758.jpg,3
3983,train/fear/10_image0035782.jpg,3
3984,train/fear/10_image0035783.jpg,3
3985,train/fear/10_image0035789.jpg,3
3986,train/fear/10_image0035800.jpg,3
3987,train/fear/10_image0035876.jpg,3
3988,train/fear/10_image0035981.jpg,3
3989,train/fear/10_image0036001.jpg,3
3990,train/fear/10_image0036017.jpg,3
3991,train/fear/10_image0036045.jpg,3
3992,train/fear/10_image0036115.jpg,3
3993,train/fear/10_image0036159.jpg,3
3994,train/fear/10_image0036162.jpg,3
3995,train/fear/10_image0036163.jpg,3
3996,train/fear/10_image0036164.jpg,3
3997,train/fear/10_image0036170.jpg,3
3998,train/fear/10_image0036241.jpg,3
3999,train/fear/10_image0036274.jpg,3
4000,train/fear/10_image0036275.jpg,3
4001,train/fear/10_image0036309.jpg,3
4002,train/fear/10_image0036332.jpg,3
4003,train/fear/10_image0036340.jpg,3
4004,train/fear/10_image0036371.jpg,3
4005,train/fear/10_image0036378.jpg,3
4006,train/fear/10_image0036403.jpg,3
4007,train/fear/10_image0036428.jpg,3
4008,train/fear/10_image0036429.jpg,3
4009,train/fear/10_image0036430.jpg,3
4010,train/fear/10_image0036431.jpg,3
4011,train/fear/10_image0036443.jpg,3
4012,train/fear/10_image0036446.jpg,3
4013,train/fear/10_image0036449.jpg,3
4014,train/fear/10_image0036533.jpg,3
4015,train/fear/10_image0036597.jpg,3
4016,train/fear/10_image0036616.jpg,3
4017,train/fear/10_image0036631.jpg,3
4018,train/fear/10_image0036670.jpg,3
4019,train/fear/10_image0036680.jpg,3
4020,train/fear/10_image0036695.jpg,3
4021,train/fear/10_image0036699.jpg,3
4022,train/fear/10_image0036706.jpg,3
4023,train/fear/10_image0036785.jpg,3
4024,train/fear/10_image0036881.jpg,3
4025,train/fear/10_image0036933.jpg,3
4026,train/fear/10_image0036936.jpg,3
4027,train/fear/10_image0036940.jpg,3
4028,train/fear/10_image0036957.jpg,3
4029,train/fear/10_image0036967.jpg,3
4030,train/fear/10_image0036971.jpg,3
4031,train/fear/10_image0036990.jpg,3
4032,train/fear/10_image0036997.jpg,3
4033,train/fear/10_image0037008.jpg,3
4034,train/fear/10_image0037029.jpg,3
4035,train/fear/10_image0037079.jpg,3
4036,train/fear/10_image0037086.jpg,3
4037,train/fear/10_image0037105.jpg,3
4038,train/fear/10_image0037135.jpg,3
4039,train/fear/10_image0037174.jpg,3
4040,train/fear/10_image0037206.jpg,3
4041,train/fear/10_image0037212.jpg,3
4042,train/fear/10_image0037266.jpg,3
4043,train/fear/10_image0037308.jpg,3
4044,train/fear/10_image0037327.jpg,3
4045,train/fear/10_image0037340.jpg,3
4046,train/fear/10_image0037405.jpg,3
4047,train/fear/10_image0037408.jpg,3
4048,train/fear/10_image0037437.jpg,3
4049,train/fear/10_image0037463.jpg,3
4050,train/fear/10_image0037466.jpg,3
4051,train/fear/10_image0037476.jpg,3
4052,train/fear/10_image0037485.jpg,3
4053,train/fear/10_image0037521.jpg,3
4054,train/fear/10_image0037594.jpg,3
4055,train/fear/10_image0037664.jpg,3
4056,train/fear/10_image0037673.jpg,3
4057,train/fear/10_image0037679.jpg,3
4058,train/fear/10_image0037686.jpg,3
4059,train/fear/10_image0037692.jpg,3
4060,train/fear/10_image0037754.jpg,3
4061,train/fear/10_image0037761.jpg,3
4062,train/fear/10_image0037802.jpg,3
4063,train/fear/10_image0037838.jpg,3
4064,train/fear/10_image0037845.jpg,3
4065,train/fear/10_image0037896.jpg,3
4066,train/fear/10_image0037946.jpg,3
4067,train/fear/10_image0037990.jpg,3
4068,train/fear/10_image0038015.jpg,3
4069,train/fear/10_image0038039.jpg,3
4070,train/fear/10_image0038044.jpg,3
4071,train/fear/10_image0038122.jpg,3
4072,train/fear/10_image0038186.jpg,3
4073,train/fear/10_image0038217.jpg,3
4074,train/fear/10_image0038241.jpg,3
4075,train/fear/10_image0038269.jpg,3
4076,train/fear/10_image0038310.jpg,3
4077,train/fear/10_image0038355.jpg,3
4078,train/fear/10_image0038357.jpg,3
4079,train/fear/10_image0038360.jpg,3
4080,train/fear/10_image0038435.jpg,3
4081,train/fear/10_image0038443.jpg,3
4082,train/fear/10_image0038470.jpg,3
4083,train/fear/10_image0038480.jpg,3
4084,train/fear/10_image0038484.jpg,3
4085,train/fear/10_image0038495.jpg,3
4086,train/fear/10_image0038617.jpg,3
4087,train/fear/10_image0038637.jpg,3
4088,train/fear/10_image0038642.jpg,3
4089,train/fear/10_image0038665.jpg,3
4090,train/fear/10_image0038692.jpg,3
4091,train/fear/10_image0038701.jpg,3
4092,train/fear/10_image0038703.jpg,3
4093,train/fear/10_image0038719.jpg,3
4094,train/fear/10_image0038739.jpg,3
4095,train/fear/10_image0038757.jpg,3
4096,train/fear/10_image0038801.jpg,3
4097,train/fear/10_image0038824.jpg,3
4098,train/fear/10_image0038839.jpg,3
4099,train/fear/10_image0038850.jpg,3
4100,train/fear/10_image0038856.jpg,3
4101,train/fear/10_image0038898.jpg,3
4102,train/fear/10_image0038981.jpg,3
4103,train/fear/10_image0039016.jpg,3
4104,train/fear/10_image0039028.jpg,3
4105,train/fear/10_image0039038.jpg,3
4106,train/fear/10_image0039041.jpg,3
4107,train/fear/10_image0039049.jpg,3
4108,train/fear/10_image0039082.jpg,3
4109,train/fear/10_image0039087.jpg,3
4110,train/fear/10_image0039093.jpg,3
4111,train/fear/10_image0039111.jpg,3
4112,train/fear/10_image0039125.jpg,3
4113,train/fear/10_image0039129.jpg,3
4114,train/fear/10_image0039133.jpg,3
4115,train/fear/10_image0039135.jpg,3
4116,train/fear/10_image0039168.jpg,3
4117,train/fear/10_image0039175.jpg,3
4118,train/fear/10_image0039177.jpg,3
4119,train/fear/10_image0039202.jpg,3
4120,train/fear/10_image0039237.jpg,3
4121,train/fear/10_image0039244.jpg,3
4122,train/fear/10_image0039248.jpg,3
4123,train/fear/10_image0039266.jpg,3
4124,train/fear/10_image0039331.jpg,3
4125,train/fear/10_image0039399.jpg,3
4126,train/fear/10_image0039419.jpg,3
4127,train/fear/10_image0039461.jpg,3
4128,train/fear/10_image0039474.jpg,3
4129,train/fear/10_image0039519.jpg,3
4130,train/fear/10_image0039570.jpg,3
4131,train/fear/10_image0039609.jpg,3
4132,train/fear/10_image0039635.jpg,3
4133,train/fear/10_image0039643.jpg,3
4134,train/fear/10_image0039651.jpg,3
4135,train/fear/10_image0039664.jpg,3
4136,train/fear/10_image0039672.jpg,3
4137,train/fear/10_image0039770.jpg,3
4138,train/fear/10_image0039848.jpg,3
4139,train/fear/10_image0039850.jpg,3
4140,train/fear/10_image0039935.jpg,3
4141,train/fear/10_image0039971.jpg,3
4142,train/fear/10_image0039994.jpg,3
4143,train/fear/10_image0040032.jpg,3
4144,train/fear/10_image0040073.jpg,3
4145,train/fear/10_image0040145.jpg,3
4146,train/fear/10_image0040164.jpg,3
4147,train/fear/10_image0040210.jpg,3
4148,train/fear/10_image0040231.jpg,3
4149,train/fear/10_image0040234.jpg,3
4150,train/fear/10_image0040235.jpg,3
4151,train/fear/10_image0040251.jpg,3
4152,train/fear/10_image0040254.jpg,3
4153,train/fear/10_image0040264.jpg,3
4154,train/fear/10_image0040265.jpg,3
4155,train/fear/10_image0040357.jpg,3
4156,train/fear/10_image0040393.jpg,3
4157,train/fear/10_image0040394.jpg,3
4158,train/fear/10_image0040416.jpg,3
4159,train/fear/10_image0040525.jpg,3
4160,train/fear/10_image0040542.jpg,3
4161,train/fear/10_image0040559.jpg,3
4162,train/fear/10_image0040571.jpg,3
4163,train/fear/10_image0040614.jpg,3
4164,train/fear/10_image0040620.jpg,3
4165,train/fear/10_image0040643.jpg,3
4166,train/fear/10_image0040665.jpg,3
4167,train/fear/10_image0040700.jpg,3
4168,train/fear/10_image0040731.jpg,3
4169,train/fear/10_image0040739.jpg,3
4170,train/fear/10_image0040740.jpg,3
4171,train/fear/10_image0040770.jpg,3
4172,train/fear/10_image0040886.jpg,3
4173,train/fear/10_image0040887.jpg,3
4174,train/fear/10_image0040906.jpg,3
4175,train/fear/10_image0040914.jpg,3
4176,train/fear/10_image0040960.jpg,3
4177,train/fear/15_image0000285.jpg,3
4178,train/fear/15_image0001038.jpg,3
4179,train/fear/15_image0002031.jpg,3
4180,train/fear/15_image0002217.jpg,3
4181,train/fear/15_image0002309.jpg,3
4182,train/fear/15_image0002352.jpg,3
4183,train/fear/15_image0003146.jpg,3
4184,train/fear/15_image0003245.jpg,3
4185,train/fear/15_image0003630.jpg,3
4186,train/fear/15_image0004362.jpg,3
4187,train/fear/15_image0004512.jpg,3
4188,train/fear/15_image0005069.jpg,3
4189,train/fear/15_image0005387.jpg,3
4190,train/fear/15_image0005766.jpg,3
4191,train/fear/15_image0007470.jpg,3
4192,train/fear/15_image0009992.jpg,3
4193,train/fear/15_image0010389.jpg,3
4194,train/fear/15_image0011092.jpg,3
4195,train/fear/15_image0011452.jpg,3
4196,train/fear/15_image0012206.jpg,3
4197,train/fear/15_image0012488.jpg,3
4198,train/fear/15_image0012788.jpg,3
4199,train/fear/15_image0012946.jpg,3
4200,train/fear/15_image0013968.jpg,3
4201,train/fear/15_image0014227.jpg,3
4202,train/fear/15_image0014334.jpg,3
4203,train/fear/15_image0014548.jpg,3
4204,train/fear/15_image0015410.jpg,3
4205,train/fear/15_image0015481.jpg,3
4206,train/fear/15_image0015573.jpg,3
4207,train/fear/15_image0015636.jpg,3
4208,train/fear/15_image0016874.jpg,3
4209,train/fear/15_image0016923.jpg,3
4210,train/fear/15_image0017932.jpg,3
4211,train/fear/15_image0018155.jpg,3
4212,train/fear/15_image0018375.jpg,3
4213,train/fear/15_image0018531.jpg,3
4214,train/fear/15_image0018558.jpg,3
4215,train/fear/15_image0018772.jpg,3
4216,train/fear/15_image0019181.jpg,3
4217,train/fear/15_image0019200.jpg,3
4218,train/fear/15_image0019486.jpg,3
4219,train/fear/15_image0019701.jpg,3
4220,train/fear/15_image0019938.jpg,3
4221,train/fear/15_image0019946.jpg,3
4222,train/fear/15_image0020273.jpg,3
4223,train/fear/15_image0020449.jpg,3
4224,train/fear/15_image0020790.jpg,3
4225,train/fear/15_image0020858.jpg,3
4226,train/fear/15_image0020861.jpg,3
4227,train/fear/15_image0020906.jpg,3
4228,train/fear/15_image0020918.jpg,3
4229,train/fear/15_image0020979.jpg,3
4230,train/fear/15_image0021036.jpg,3
4231,train/fear/15_image0021218.jpg,3
4232,train/fear/15_image0021380.jpg,3
4233,train/fear/15_image0021453.jpg,3
4234,train/fear/15_image0022032.jpg,3
4235,train/fear/15_image0022242.jpg,3
4236,train/fear/15_image0022937.jpg,3
4237,train/fear/15_image0022990.jpg,3
4238,train/fear/15_image0023268.jpg,3
4239,train/fear/15_image0023570.jpg,3
4240,train/fear/15_image0023608.jpg,3
4241,train/fear/15_image0024060.jpg,3
4242,train/fear/15_image0024076.jpg,3
4243,train/fear/15_image0024246.jpg,3
4244,train/fear/15_image0024252.jpg,3
4245,train/fear/15_image0024363.jpg,3
4246,train/fear/15_image0024375.jpg,3
4247,train/fear/15_image0024525.jpg,3
4248,train/fear/15_image0024529.jpg,3
4249,train/fear/15_image0024717.jpg,3
4250,train/fear/15_image0024787.jpg,3
4251,train/fear/15_image0025535.jpg,3
4252,train/fear/15_image0025663.jpg,3
4253,train/fear/15_image0025977.jpg,3
4254,train/fear/15_image0026018.jpg,3
4255,train/fear/15_image0026103.jpg,3
4256,train/fear/15_image0026106.jpg,3
4257,train/fear/15_image0026272.jpg,3
4258,train/fear/15_image0026351.jpg,3
4259,train/fear/15_image0026415.jpg,3
4260,train/fear/15_image0026534.jpg,3
4261,train/fear/15_image0026540.jpg,3
4262,train/fear/15_image0026620.jpg,3
4263,train/fear/15_image0026978.jpg,3
4264,train/fear/15_image0027381.jpg,3
4265,train/fear/15_image0027451.jpg,3
4266,train/fear/15_image0027931.jpg,3
4267,train/fear/15_image0027932.jpg,3
4268,train/fear/15_image0028130.jpg,3
4269,train/fear/15_image0028271.jpg,3
4270,train/fear/15_image0028310.jpg,3
4271,train/fear/15_image0028436.jpg,3
4272,train/fear/15_image0028640.jpg,3
4273,train/fear/15_image0029219.jpg,3
4274,train/fear/15_image0029339.jpg,3
4275,train/fear/15_image0029544.jpg,3
4276,train/fear/15_image0029584.jpg,3
4277,train/fear/15_image0029701.jpg,3
4278,train/fear/15_image0029842.jpg,3
4279,train/fear/15_image0030143.jpg,3
4280,train/fear/15_image0030195.jpg,3
4281,train/fear/15_image0030247.jpg,3
4282,train/fear/15_image0030302.jpg,3
4283,train/fear/15_image0030495.jpg,3
4284,train/fear/15_image0030603.jpg,3
4285,train/fear/15_image0030613.jpg,3
4286,train/fear/15_image0030680.jpg,3
4287,train/fear/15_image0030704.jpg,3
4288,train/fear/15_image0030792.jpg,3
4289,train/fear/15_image0030883.jpg,3
4290,train/fear/15_image0031049.jpg,3
4291,train/fear/15_image0031050.jpg,3
4292,train/fear/15_image0031130.jpg,3
4293,train/fear/15_image0031154.jpg,3
4294,train/fear/15_image0031202.jpg,3
4295,train/fear/15_image0031362.jpg,3
4296,train/fear/15_image0031389.jpg,3
4297,train/fear/15_image0031445.jpg,3
4298,train/fear/15_image0031480.jpg,3
4299,train/fear/15_image0031523.jpg,3
4300,train/fear/15_image0031581.jpg,3
4301,train/fear/15_image0031594.jpg,3
4302,train/fear/15_image0031735.jpg,3
4303,train/fear/15_image0031746.jpg,3
4304,train/fear/15_image0031770.jpg,3
4305,train/fear/15_image0031847.jpg,3
4306,train/fear/15_image0031963.jpg,3
4307,train/fear/15_image0032072.jpg,3
4308,train/fear/15_image0032142.jpg,3
4309,train/fear/15_image0032148.jpg,3
4310,train/fear/15_image0032149.jpg,3
4311,train/fear/15_image0032204.jpg,3
4312,train/fear/15_image0032243.jpg,3
4313,train/fear/15_image0032350.jpg,3
4314,train/fear/15_image0032425.jpg,3
4315,train/fear/15_image0032483.jpg,3
4316,train/fear/15_image0032493.jpg,3
4317,train/fear/15_image0032560.jpg,3
4318,train/fear/15_image0032566.jpg,3
4319,train/fear/15_image0032600.jpg,3
4320,train/fear/15_image0032680.jpg,3
4321,train/fear/15_image0032750.jpg,3
4322,train/fear/15_image0032800.jpg,3
4323,train/fear/15_image0032833.jpg,3
4324,train/fear/15_image0032880.jpg,3
4325,train/fear/15_image0032910.jpg,3
4326,train/fear/15_image0032921.jpg,3
4327,train/fear/15_image0032929.jpg,3
4328,train/fear/15_image0032935.jpg,3
4329,train/fear/15_image0033028.jpg,3
4330,train/fear/15_image0033042.jpg,3
4331,train/fear/15_image0033206.jpg,3
4332,train/fear/15_image0033240.jpg,3
4333,train/fear/15_image0033278.jpg,3
4334,train/fear/15_image0033294.jpg,3
4335,train/fear/15_image0033364.jpg,3
4336,train/fear/15_image0033385.jpg,3
4337,train/fear/15_image0033394.jpg,3
4338,train/fear/15_image0033398.jpg,3
4339,train/fear/15_image0033440.jpg,3
4340,train/fear/15_image0033511.jpg,3
4341,train/fear/15_image0033555.jpg,3
4342,train/fear/15_image0033585.jpg,3
4343,train/fear/15_image0033633.jpg,3
4344,train/fear/15_image0033644.jpg,3
4345,train/fear/15_image0033669.jpg,3
4346,train/fear/15_image0033682.jpg,3
4347,train/fear/15_image0033706.jpg,3
4348,train/fear/15_image0033788.jpg,3
4349,train/fear/15_image0033867.jpg,3
4350,train/fear/15_image0033893.jpg,3
4351,train/fear/15_image0034070.jpg,3
4352,train/fear/15_image0034073.jpg,3
4353,train/fear/15_image0034129.jpg,3
4354,train/fear/15_image0034157.jpg,3
4355,train/fear/15_image0034162.jpg,3
4356,train/fear/15_image0034280.jpg,3
4357,train/fear/15_image0034406.jpg,3
4358,train/fear/15_image0034414.jpg,3
4359,train/fear/15_image0034441.jpg,3
4360,train/fear/15_image0034676.jpg,3
4361,train/fear/15_image0034737.jpg,3
4362,train/fear/15_image0034777.jpg,3
4363,train/fear/15_image0034781.jpg,3
4364,train/fear/15_image0034821.jpg,3
4365,train/fear/15_image0034889.jpg,3
4366,train/fear/15_image0034953.jpg,3
4367,train/fear/15_image0034968.jpg,3
4368,train/fear/15_image0035072.jpg,3
4369,train/fear/15_image0035091.jpg,3
4370,train/fear/15_image0035159.jpg,3
4371,train/fear/15_image0035178.jpg,3
4372,train/fear/15_image0035190.jpg,3
4373,train/fear/15_image0035250.jpg,3
4374,train/fear/15_image0035260.jpg,3
4375,train/fear/15_image0035265.jpg,3
4376,train/fear/15_image0035274.jpg,3
4377,train/fear/15_image0035288.jpg,3
4378,train/fear/15_image0035290.jpg,3
4379,train/fear/15_image0035295.jpg,3
4380,train/fear/15_image0035333.jpg,3
4381,train/fear/15_image0035366.jpg,3
4382,train/fear/15_image0035367.jpg,3
4383,train/fear/15_image0035406.jpg,3
4384,train/fear/15_image0035408.jpg,3
4385,train/fear/15_image0035427.jpg,3
4386,train/fear/15_image0035499.jpg,3
4387,train/fear/15_image0035563.jpg,3
4388,train/fear/15_image0035581.jpg,3
4389,train/fear/15_image0035589.jpg,3
4390,train/fear/15_image0035599.jpg,3
4391,train/fear/15_image0035612.jpg,3
4392,train/fear/15_image0035620.jpg,3
4393,train/fear/15_image0035661.jpg,3
4394,train/fear/15_image0035678.jpg,3
4395,train/fear/15_image0035687.jpg,3
4396,train/fear/15_image0035735.jpg,3
4397,train/fear/15_image0035736.jpg,3
4398,train/fear/15_image0035738.jpg,3
4399,train/fear/15_image0035743.jpg,3
4400,train/fear/15_image0035768.jpg,3
4401,train/fear/15_image0035810.jpg,3
4402,train/fear/15_image0035823.jpg,3
4403,train/fear/15_image0035864.jpg,3
4404,train/fear/15_image0035884.jpg,3
4405,train/fear/15_image0035915.jpg,3
4406,train/fear/15_image0035919.jpg,3
4407,train/fear/15_image0036004.jpg,3
4408,train/fear/15_image0036012.jpg,3
4409,train/fear/15_image0036036.jpg,3
4410,train/fear/15_image0036047.jpg,3
4411,train/fear/15_image0036108.jpg,3
4412,train/fear/15_image0036115.jpg,3
4413,train/fear/15_image0036116.jpg,3
4414,train/fear/15_image0036137.jpg,3
4415,train/fear/15_image0036143.jpg,3
4416,train/fear/15_image0036147.jpg,3
4417,train/fear/15_image0036195.jpg,3
4418,train/fear/15_image0036220.jpg,3
4419,train/fear/15_image0036231.jpg,3
4420,train/fear/15_image0036274.jpg,3
4421,train/fear/15_image0036281.jpg,3
4422,train/fear/15_image0036305.jpg,3
4423,train/fear/15_image0036328.jpg,3
4424,train/fear/15_image0036363.jpg,3
4425,train/fear/15_image0036372.jpg,3
4426,train/fear/15_image0036399.jpg,3
4427,train/fear/15_image0036422.jpg,3
4428,train/fear/15_image0036446.jpg,3
4429,train/fear/15_image0036479.jpg,3
4430,train/fear/15_image0036544.jpg,3
4431,train/fear/15_image0036570.jpg,3
4432,train/fear/15_image0036581.jpg,3
4433,train/fear/15_image0036592.jpg,3
4434,train/fear/15_image0036647.jpg,3
4435,train/fear/15_image0036658.jpg,3
4436,train/fear/15_image0036678.jpg,3
4437,train/fear/15_image0036679.jpg,3
4438,train/fear/15_image0036680.jpg,3
4439,train/fear/15_image0036692.jpg,3
4440,train/fear/15_image0036732.jpg,3
4441,train/fear/15_image0036767.jpg,3
4442,train/fear/15_image0036775.jpg,3
4443,train/fear/15_image0036846.jpg,3
4444,train/fear/15_image0036880.jpg,3
4445,train/fear/15_image0036938.jpg,3
4446,train/fear/15_image0036945.jpg,3
4447,train/fear/15_image0036963.jpg,3
4448,train/fear/15_image0036971.jpg,3
4449,train/fear/15_image0036994.jpg,3
4450,train/fear/15_image0036998.jpg,3
4451,train/fear/15_image0037008.jpg,3
4452,train/fear/15_image0037041.jpg,3
4453,train/fear/15_image0037052.jpg,3
4454,train/fear/15_image0037073.jpg,3
4455,train/fear/15_image0037120.jpg,3
4456,train/fear/15_image0037151.jpg,3
4457,train/fear/15_image0037169.jpg,3
4458,train/fear/15_image0037228.jpg,3
4459,train/fear/15_image0037349.jpg,3
4460,train/fear/15_image0037356.jpg,3
4461,train/fear/15_image0037402.jpg,3
4462,train/fear/15_image0037498.jpg,3
4463,train/fear/15_image0037594.jpg,3
4464,train/fear/15_image0037617.jpg,3
4465,train/fear/15_image0037623.jpg,3
4466,train/fear/15_image0037629.jpg,3
4467,train/fear/15_image0037686.jpg,3
4468,train/fear/15_image0037738.jpg,3
4469,train/fear/15_image0037759.jpg,3
4470,train/fear/15_image0037771.jpg,3
4471,train/fear/15_image0037838.jpg,3
4472,train/fear/15_image0037850.jpg,3
4473,train/fear/15_image0037913.jpg,3
4474,train/fear/15_image0037927.jpg,3
4475,train/fear/15_image0037977.jpg,3
4476,train/fear/15_image0038041.jpg,3
4477,train/fear/15_image0038104.jpg,3
4478,train/fear/15_image0038156.jpg,3
4479,train/fear/15_image0038237.jpg,3
4480,train/fear/15_image0038299.jpg,3
4481,train/fear/15_image0038332.jpg,3
4482,train/fear/15_image0038351.jpg,3
4483,train/fear/15_image0038383.jpg,3
4484,train/fear/15_image0038400.jpg,3
4485,train/fear/15_image0038419.jpg,3
4486,train/fear/15_image0038480.jpg,3
4487,train/fear/15_image0038495.jpg,3
4488,train/fear/15_image0038496.jpg,3
4489,train/fear/15_image0038533.jpg,3
4490,train/fear/15_image0038536.jpg,3
4491,train/fear/15_image0038616.jpg,3
4492,train/fear/15_image0038625.jpg,3
4493,train/fear/15_image0038652.jpg,3
4494,train/fear/15_image0038653.jpg,3
4495,train/fear/15_image0038658.jpg,3
4496,train/fear/15_image0038669.jpg,3
4497,train/fear/15_image0038706.jpg,3
4498,train/fear/15_image0038734.jpg,3
4499,train/fear/15_image0038739.jpg,3
4500,train/fear/15_image0038761.jpg,3
4501,train/fear/15_image0038810.jpg,3
4502,train/fear/15_image0038814.jpg,3
4503,train/fear/15_image0038826.jpg,3
4504,train/fear/15_image0038845.jpg,3
4505,train/fear/15_image0038872.jpg,3
4506,train/fear/15_image0038878.jpg,3
4507,train/fear/15_image0038926.jpg,3
4508,train/fear/15_image0038932.jpg,3
4509,train/fear/15_image0038967.jpg,3
4510,train/fear/15_image0038997.jpg,3
4511,train/fear/15_image0039007.jpg,3
4512,train/fear/15_image0039038.jpg,3
4513,train/fear/15_image0039068.jpg,3
4514,train/fear/15_image0039089.jpg,3
4515,train/fear/15_image0039100.jpg,3
4516,train/fear/15_image0039107.jpg,3
4517,train/fear/15_image0039130.jpg,3
4518,train/fear/15_image0039144.jpg,3
4519,train/fear/15_image0039154.jpg,3
4520,train/fear/15_image0039171.jpg,3
4521,train/fear/15_image0039255.jpg,3
4522,train/fear/15_image0039307.jpg,3
4523,train/fear/15_image0039309.jpg,3
4524,train/fear/15_image0039318.jpg,3
4525,train/fear/15_image0039331.jpg,3
4526,train/fear/15_image0039350.jpg,3
4527,train/fear/15_image0039362.jpg,3
4528,train/fear/15_image0039363.jpg,3
4529,train/fear/15_image0039396.jpg,3
4530,train/fear/15_image0039399.jpg,3
4531,train/fear/15_image0039419.jpg,3
4532,train/fear/15_image0039432.jpg,3
4533,train/fear/15_image0039505.jpg,3
4534,train/fear/15_image0039514.jpg,3
4535,train/fear/15_image0039550.jpg,3
4536,train/fear/15_image0039554.jpg,3
4537,train/fear/15_image0039562.jpg,3
4538,train/fear/15_image0039567.jpg,3
4539,train/fear/15_image0039570.jpg,3
4540,train/fear/15_image0039581.jpg,3
4541,train/fear/15_image0039582.jpg,3
4542,train/fear/15_image0039585.jpg,3
4543,train/fear/15_image0039591.jpg,3
4544,train/fear/15_image0039606.jpg,3
4545,train/fear/15_image0039611.jpg,3
4546,train/fear/15_image0039622.jpg,3
4547,train/fear/15_image0039722.jpg,3
4548,train/fear/15_image0039784.jpg,3
4549,train/fear/15_image0039800.jpg,3
4550,train/fear/15_image0039808.jpg,3
4551,train/fear/15_image0039854.jpg,3
4552,train/fear/15_image0039859.jpg,3
4553,train/fear/15_image0039902.jpg,3
4554,train/fear/15_image0039987.jpg,3
4555,train/fear/15_image0040014.jpg,3
4556,train/fear/15_image0040018.jpg,3
4557,train/fear/15_image0040021.jpg,3
4558,train/fear/15_image0040035.jpg,3
4559,train/fear/15_image0040057.jpg,3
4560,train/fear/15_image0040084.jpg,3
4561,train/fear/15_image0040091.jpg,3
4562,train/fear/15_image0040150.jpg,3
4563,train/fear/15_image0040158.jpg,3
4564,train/fear/15_image0040164.jpg,3
4565,train/fear/15_image0040194.jpg,3
4566,train/fear/15_image0040206.jpg,3
4567,train/fear/15_image0040209.jpg,3
4568,train/fear/15_image0040212.jpg,3
4569,train/fear/15_image0040215.jpg,3
4570,train/fear/15_image0040273.jpg,3
4571,train/fear/15_image0040284.jpg,3
4572,train/fear/15_image0040285.jpg,3
4573,train/fear/15_image0040312.jpg,3
4574,train/fear/15_image0040336.jpg,3
4575,train/fear/15_image0040343.jpg,3
4576,train/fear/15_image0040346.jpg,3
4577,train/fear/15_image0040356.jpg,3
4578,train/fear/15_image0040365.jpg,3
4579,train/fear/15_image0040456.jpg,3
4580,train/fear/15_image0040527.jpg,3
4581,train/fear/15_image0040534.jpg,3
4582,train/fear/15_image0040536.jpg,3
4583,train/fear/15_image0040564.jpg,3
4584,train/fear/15_image0040581.jpg,3
4585,train/fear/15_image0040595.jpg,3
4586,train/fear/15_image0040603.jpg,3
4587,train/fear/15_image0040620.jpg,3
4588,train/fear/15_image0040624.jpg,3
4589,train/fear/15_image0040629.jpg,3
4590,train/fear/15_image0040657.jpg,3
4591,train/fear/15_image0040696.jpg,3
4592,train/fear/15_image0040712.jpg,3
4593,train/fear/15_image0040770.jpg,3
4594,train/fear/15_image0040806.jpg,3
4595,train/fear/15_image0040808.jpg,3
4596,train/fear/15_image0040810.jpg,3
4597,train/fear/15_image0040822.jpg,3
4598,train/fear/15_image0040838.jpg,3
4599,train/fear/15_image0040861.jpg,3
4600,train/fear/15_image0040864.jpg,3
4601,train/fear/15_image0040869.jpg,3
4602,train/fear/15_image0040899.jpg,3
4603,train/fear/15_image0040901.jpg,3
4604,train/fear/15_image0040925.jpg,3
4605,train/fear/15_image0040938.jpg,3
4606,train/fear/15_image0040945.jpg,3
4607,train/fear/5_image0000284.jpg,3
4608,train/fear/5_image0000473.jpg,3
4609,train/fear/5_image0001247.jpg,3
4610,train/fear/5_image0001286.jpg,3
4611,train/fear/5_image0001316.jpg,3
4612,train/fear/5_image0003306.jpg,3
4613,train/fear/5_image0003630.jpg,3
4614,train/fear/5_image0003735.jpg,3
4615,train/fear/5_image0003796.jpg,3
4616,train/fear/5_image0004079.jpg,3
4617,train/fear/5_image0006519.jpg,3
4618,train/fear/5_image0006664.jpg,3
4619,train/fear/5_image0007470.jpg,3
4620,train/fear/5_image0007809.jpg,3
4621,train/fear/5_image0008107.jpg,3
4622,train/fear/5_image0008214.jpg,3
4623,train/fear/5_image0008342.jpg,3
4624,train/fear/5_image0008777.jpg,3
4625,train/fear/5_image0010115.jpg,3
4626,train/fear/5_image0010669.jpg,3
4627,train/fear/5_image0011143.jpg,3
4628,train/fear/5_image0011424.jpg,3
4629,train/fear/5_image0011654.jpg,3
4630,train/fear/5_image0011731.jpg,3
4631,train/fear/5_image0011993.jpg,3
4632,train/fear/5_image0012039.jpg,3
4633,train/fear/5_image0012671.jpg,3
4634,train/fear/5_image0012755.jpg,3
4635,train/fear/5_image0012818.jpg,3
4636,train/fear/5_image0012983.jpg,3
4637,train/fear/5_image0014334.jpg,3
4638,train/fear/5_image0014337.jpg,3
4639,train/fear/5_image0014548.jpg,3
4640,train/fear/5_image0015324.jpg,3
4641,train/fear/5_image0015432.jpg,3
4642,train/fear/5_image0016010.jpg,3
4643,train/fear/5_image0016536.jpg,3
4644,train/fear/5_image0016878.jpg,3
4645,train/fear/5_image0016933.jpg,3
4646,train/fear/5_image0017140.jpg,3
4647,train/fear/5_image0017695.jpg,3
4648,train/fear/5_image0017719.jpg,3
4649,train/fear/5_image0017736.jpg,3
4650,train/fear/5_image0017744.jpg,3
4651,train/fear/5_image0017873.jpg,3
4652,train/fear/5_image0018032.jpg,3
4653,train/fear/5_image0018039.jpg,3
4654,train/fear/5_image0018111.jpg,3
4655,train/fear/5_image0018557.jpg,3
4656,train/fear/5_image0018573.jpg,3
4657,train/fear/5_image0018705.jpg,3
4658,train/fear/5_image0018788.jpg,3
4659,train/fear/5_image0019672.jpg,3
4660,train/fear/5_image0019691.jpg,3
4661,train/fear/5_image0019852.jpg,3
4662,train/fear/5_image0019938.jpg,3
4663,train/fear/5_image0020052.jpg,3
4664,train/fear/5_image0020241.jpg,3
4665,train/fear/5_image0020353.jpg,3
4666,train/fear/5_image0020887.jpg,3
4667,train/fear/5_image0021035.jpg,3
4668,train/fear/5_image0021036.jpg,3
4669,train/fear/5_image0021418.jpg,3
4670,train/fear/5_image0021428.jpg,3
4671,train/fear/5_image0021453.jpg,3
4672,train/fear/5_image0021553.jpg,3
4673,train/fear/5_image0022243.jpg,3
4674,train/fear/5_image0022453.jpg,3
4675,train/fear/5_image0022493.jpg,3
4676,train/fear/5_image0022644.jpg,3
4677,train/fear/5_image0023268.jpg,3
4678,train/fear/5_image0023299.jpg,3
4679,train/fear/5_image0023411.jpg,3
4680,train/fear/5_image0023676.jpg,3
4681,train/fear/5_image0023931.jpg,3
4682,train/fear/5_image0024060.jpg,3
4683,train/fear/5_image0024556.jpg,3
4684,train/fear/5_image0024599.jpg,3
4685,train/fear/5_image0024605.jpg,3
4686,train/fear/5_image0025073.jpg,3
4687,train/fear/5_image0025178.jpg,3
4688,train/fear/5_image0025277.jpg,3
4689,train/fear/5_image0025294.jpg,3
4690,train/fear/5_image0025349.jpg,3
4691,train/fear/5_image0025405.jpg,3
4692,train/fear/5_image0025446.jpg,3
4693,train/fear/5_image0025535.jpg,3
4694,train/fear/5_image0025864.jpg,3
4695,train/fear/5_image0025993.jpg,3
4696,train/fear/5_image0026106.jpg,3
4697,train/fear/5_image0026415.jpg,3
4698,train/fear/5_image0026595.jpg,3
4699,train/fear/5_image0026627.jpg,3
4700,train/fear/5_image0027036.jpg,3
4701,train/fear/5_image0027248.jpg,3
4702,train/fear/5_image0027270.jpg,3
4703,train/fear/5_image0027304.jpg,3
4704,train/fear/5_image0027934.jpg,3
4705,train/fear/5_image0028288.jpg,3
4706,train/fear/5_image0028436.jpg,3
4707,train/fear/5_image0028533.jpg,3
4708,train/fear/5_image0028617.jpg,3
4709,train/fear/5_image0028732.jpg,3
4710,train/fear/5_image0029038.jpg,3
4711,train/fear/5_image0029045.jpg,3
4712,train/fear/5_image0029077.jpg,3
4713,train/fear/5_image0029245.jpg,3
4714,train/fear/5_image0029632.jpg,3
4715,train/fear/5_image0029809.jpg,3
4716,train/fear/5_image0029842.jpg,3
4717,train/fear/5_image0029966.jpg,3
4718,train/fear/5_image0029980.jpg,3
4719,train/fear/5_image0030129.jpg,3
4720,train/fear/5_image0030135.jpg,3
4721,train/fear/5_image0030400.jpg,3
4722,train/fear/5_image0030495.jpg,3
4723,train/fear/5_image0030501.jpg,3
4724,train/fear/5_image0030503.jpg,3
4725,train/fear/5_image0030508.jpg,3
4726,train/fear/5_image0030556.jpg,3
4727,train/fear/5_image0030584.jpg,3
4728,train/fear/5_image0030600.jpg,3
4729,train/fear/5_image0030613.jpg,3
4730,train/fear/5_image0030680.jpg,3
4731,train/fear/5_image0030792.jpg,3
4732,train/fear/5_image0030835.jpg,3
4733,train/fear/5_image0030868.jpg,3
4734,train/fear/5_image0030926.jpg,3
4735,train/fear/5_image0030980.jpg,3
4736,train/fear/5_image0031007.jpg,3
4737,train/fear/5_image0031147.jpg,3
4738,train/fear/5_image0031206.jpg,3
4739,train/fear/5_image0031222.jpg,3
4740,train/fear/5_image0031239.jpg,3
4741,train/fear/5_image0031340.jpg,3
4742,train/fear/5_image0031342.jpg,3
4743,train/fear/5_image0031343.jpg,3
4744,train/fear/5_image0031453.jpg,3
4745,train/fear/5_image0031472.jpg,3
4746,train/fear/5_image0031550.jpg,3
4747,train/fear/5_image0031581.jpg,3
4748,train/fear/5_image0031647.jpg,3
4749,train/fear/5_image0031649.jpg,3
4750,train/fear/5_image0031652.jpg,3
4751,train/fear/5_image0031656.jpg,3
4752,train/fear/5_image0031832.jpg,3
4753,train/fear/5_image0031921.jpg,3
4754,train/fear/5_image0031954.jpg,3
4755,train/fear/5_image0032056.jpg,3
4756,train/fear/5_image0032149.jpg,3
4757,train/fear/5_image0032194.jpg,3
4758,train/fear/5_image0032218.jpg,3
4759,train/fear/5_image0032232.jpg,3
4760,train/fear/5_image0032241.jpg,3
4761,train/fear/5_image0032243.jpg,3
4762,train/fear/5_image0032273.jpg,3
4763,train/fear/5_image0032339.jpg,3
4764,train/fear/5_image0032346.jpg,3
4765,train/fear/5_image0032366.jpg,3
4766,train/fear/5_image0032459.jpg,3
4767,train/fear/5_image0032493.jpg,3
4768,train/fear/5_image0032496.jpg,3
4769,train/fear/5_image0032515.jpg,3
4770,train/fear/5_image0032543.jpg,3
4771,train/fear/5_image0032566.jpg,3
4772,train/fear/5_image0032593.jpg,3
4773,train/fear/5_image0032640.jpg,3
4774,train/fear/5_image0032857.jpg,3
4775,train/fear/5_image0032869.jpg,3
4776,train/fear/5_image0032956.jpg,3
4777,train/fear/5_image0032978.jpg,3
4778,train/fear/5_image0033042.jpg,3
4779,train/fear/5_image0033064.jpg,3
4780,train/fear/5_image0033067.jpg,3
4781,train/fear/5_image0033096.jpg,3
4782,train/fear/5_image0033130.jpg,3
4783,train/fear/5_image0033237.jpg,3
4784,train/fear/5_image0033633.jpg,3
4785,train/fear/5_image0033717.jpg,3
4786,train/fear/5_image0033731.jpg,3
4787,train/fear/5_image0033785.jpg,3
4788,train/fear/5_image0033842.jpg,3
4789,train/fear/5_image0033867.jpg,3
4790,train/fear/5_image0033879.jpg,3
4791,train/fear/5_image0034070.jpg,3
4792,train/fear/5_image0034361.jpg,3
4793,train/fear/5_image0034406.jpg,3
4794,train/fear/5_image0034489.jpg,3
4795,train/fear/5_image0034550.jpg,3
4796,train/fear/5_image0034556.jpg,3
4797,train/fear/5_image0034561.jpg,3
4798,train/fear/5_image0034571.jpg,3
4799,train/fear/5_image0034676.jpg,3
4800,train/fear/5_image0034703.jpg,3
4801,train/fear/5_image0034725.jpg,3
4802,train/fear/5_image0034808.jpg,3
4803,train/fear/5_image0034819.jpg,3
4804,train/fear/5_image0034821.jpg,3
4805,train/fear/5_image0034837.jpg,3
4806,train/fear/5_image0034858.jpg,3
4807,train/fear/5_image0034898.jpg,3
4808,train/fear/5_image0034905.jpg,3
4809,train/fear/5_image0034914.jpg,3
4810,train/fear/5_image0035028.jpg,3
4811,train/fear/5_image0035031.jpg,3
4812,train/fear/5_image0035047.jpg,3
4813,train/fear/5_image0035048.jpg,3
4814,train/fear/5_image0035050.jpg,3
4815,train/fear/5_image0035053.jpg,3
4816,train/fear/5_image0035058.jpg,3
4817,train/fear/5_image0035068.jpg,3
4818,train/fear/5_image0035069.jpg,3
4819,train/fear/5_image0035072.jpg,3
4820,train/fear/5_image0035111.jpg,3
4821,train/fear/5_image0035112.jpg,3
4822,train/fear/5_image0035123.jpg,3
4823,train/fear/5_image0035141.jpg,3
4824,train/fear/5_image0035145.jpg,3
4825,train/fear/5_image0035152.jpg,3
4826,train/fear/5_image0035182.jpg,3
4827,train/fear/5_image0035288.jpg,3
4828,train/fear/5_image0035289.jpg,3
4829,train/fear/5_image0035295.jpg,3
4830,train/fear/5_image0035353.jpg,3
4831,train/fear/5_image0035356.jpg,3
4832,train/fear/5_image0035407.jpg,3
4833,train/fear/5_image0035410.jpg,3
4834,train/fear/5_image0035412.jpg,3
4835,train/fear/5_image0035415.jpg,3
4836,train/fear/5_image0035481.jpg,3
4837,train/fear/5_image0035524.jpg,3
4838,train/fear/5_image0035541.jpg,3
4839,train/fear/5_image0035588.jpg,3
4840,train/fear/5_image0035622.jpg,3
4841,train/fear/5_image0035652.jpg,3
4842,train/fear/5_image0035658.jpg,3
4843,train/fear/5_image0035659.jpg,3
4844,train/fear/5_image0035678.jpg,3
4845,train/fear/5_image0035687.jpg,3
4846,train/fear/5_image0035689.jpg,3
4847,train/fear/5_image0035700.jpg,3
4848,train/fear/5_image0035706.jpg,3
4849,train/fear/5_image0035742.jpg,3
4850,train/fear/5_image0035785.jpg,3
4851,train/fear/5_image0035801.jpg,3
4852,train/fear/5_image0035824.jpg,3
4853,train/fear/5_image0035826.jpg,3
4854,train/fear/5_image0035882.jpg,3
4855,train/fear/5_image0035885.jpg,3
4856,train/fear/5_image0035924.jpg,3
4857,train/fear/5_image0035982.jpg,3
4858,train/fear/5_image0035992.jpg,3
4859,train/fear/5_image0035999.jpg,3
4860,train/fear/5_image0036017.jpg,3
4861,train/fear/5_image0036086.jpg,3
4862,train/fear/5_image0036108.jpg,3
4863,train/fear/5_image0036128.jpg,3
4864,train/fear/5_image0036186.jpg,3
4865,train/fear/5_image0036192.jpg,3
4866,train/fear/5_image0036198.jpg,3
4867,train/fear/5_image0036283.jpg,3
4868,train/fear/5_image0036332.jpg,3
4869,train/fear/5_image0036335.jpg,3
4870,train/fear/5_image0036366.jpg,3
4871,train/fear/5_image0036370.jpg,3
4872,train/fear/5_image0036430.jpg,3
4873,train/fear/5_image0036432.jpg,3
4874,train/fear/5_image0036444.jpg,3
4875,train/fear/5_image0036449.jpg,3
4876,train/fear/5_image0036452.jpg,3
4877,train/fear/5_image0036459.jpg,3
4878,train/fear/5_image0036506.jpg,3
4879,train/fear/5_image0036521.jpg,3
4880,train/fear/5_image0036589.jpg,3
4881,train/fear/5_image0036592.jpg,3
4882,train/fear/5_image0036616.jpg,3
4883,train/fear/5_image0036758.jpg,3
4884,train/fear/5_image0036787.jpg,3
4885,train/fear/5_image0036793.jpg,3
4886,train/fear/5_image0036797.jpg,3
4887,train/fear/5_image0036881.jpg,3
4888,train/fear/5_image0036936.jpg,3
4889,train/fear/5_image0036938.jpg,3
4890,train/fear/5_image0036952.jpg,3
4891,train/fear/5_image0036986.jpg,3
4892,train/fear/5_image0036998.jpg,3
4893,train/fear/5_image0037008.jpg,3
4894,train/fear/5_image0037014.jpg,3
4895,train/fear/5_image0037044.jpg,3
4896,train/fear/5_image0037057.jpg,3
4897,train/fear/5_image0037117.jpg,3
4898,train/fear/5_image0037121.jpg,3
4899,train/fear/5_image0037123.jpg,3
4900,train/fear/5_image0037314.jpg,3
4901,train/fear/5_image0037316.jpg,3
4902,train/fear/5_image0037342.jpg,3
4903,train/fear/5_image0037362.jpg,3
4904,train/fear/5_image0037366.jpg,3
4905,train/fear/5_image0037420.jpg,3
4906,train/fear/5_image0037427.jpg,3
4907,train/fear/5_image0037435.jpg,3
4908,train/fear/5_image0037447.jpg,3
4909,train/fear/5_image0037450.jpg,3
4910,train/fear/5_image0037465.jpg,3
4911,train/fear/5_image0037466.jpg,3
4912,train/fear/5_image0037491.jpg,3
4913,train/fear/5_image0037511.jpg,3
4914,train/fear/5_image0037529.jpg,3
4915,train/fear/5_image0037559.jpg,3
4916,train/fear/5_image0037586.jpg,3
4917,train/fear/5_image0037597.jpg,3
4918,train/fear/5_image0037606.jpg,3
4919,train/fear/5_image0037612.jpg,3
4920,train/fear/5_image0037623.jpg,3
4921,train/fear/5_image0037660.jpg,3
4922,train/fear/5_image0037679.jpg,3
4923,train/fear/5_image0037690.jpg,3
4924,train/fear/5_image0037694.jpg,3
4925,train/fear/5_image0037726.jpg,3
4926,train/fear/5_image0037825.jpg,3
4927,train/fear/5_image0037843.jpg,3
4928,train/fear/5_image0037859.jpg,3
4929,train/fear/5_image0037861.jpg,3
4930,train/fear/5_image0037867.jpg,3
4931,train/fear/5_image0037888.jpg,3
4932,train/fear/5_image0038025.jpg,3
4933,train/fear/5_image0038026.jpg,3
4934,train/fear/5_image0038033.jpg,3
4935,train/fear/5_image0038047.jpg,3
4936,train/fear/5_image0038064.jpg,3
4937,train/fear/5_image0038079.jpg,3
4938,train/fear/5_image0038098.jpg,3
4939,train/fear/5_image0038122.jpg,3
4940,train/fear/5_image0038233.jpg,3
4941,train/fear/5_image0038259.jpg,3
4942,train/fear/5_image0038280.jpg,3
4943,train/fear/5_image0038281.jpg,3
4944,train/fear/5_image0038293.jpg,3
4945,train/fear/5_image0038306.jpg,3
4946,train/fear/5_image0038347.jpg,3
4947,train/fear/5_image0038348.jpg,3
4948,train/fear/5_image0038374.jpg,3
4949,train/fear/5_image0038401.jpg,3
4950,train/fear/5_image0038415.jpg,3
4951,train/fear/5_image0038492.jpg,3
4952,train/fear/5_image0038496.jpg,3
4953,train/fear/5_image0038533.jpg,3
4954,train/fear/5_image0038556.jpg,3
4955,train/fear/5_image0038569.jpg,3
4956,train/fear/5_image0038617.jpg,3
4957,train/fear/5_image0038635.jpg,3
4958,train/fear/5_image0038637.jpg,3
4959,train/fear/5_image0038703.jpg,3
4960,train/fear/5_image0038719.jpg,3
4961,train/fear/5_image0038801.jpg,3
4962,train/fear/5_image0038810.jpg,3
4963,train/fear/5_image0038814.jpg,3
4964,train/fear/5_image0038825.jpg,3
4965,train/fear/5_image0038826.jpg,3
4966,train/fear/5_image0038892.jpg,3
4967,train/fear/5_image0038922.jpg,3
4968,train/fear/5_image0038942.jpg,3
4969,train/fear/5_image0038989.jpg,3
4970,train/fear/5_image0039014.jpg,3
4971,train/fear/5_image0039016.jpg,3
4972,train/fear/5_image0039038.jpg,3
4973,train/fear/5_image0039094.jpg,3
4974,train/fear/5_image0039098.jpg,3
4975,train/fear/5_image0039116.jpg,3
4976,train/fear/5_image0039129.jpg,3
4977,train/fear/5_image0039142.jpg,3
4978,train/fear/5_image0039173.jpg,3
4979,train/fear/5_image0039183.jpg,3
4980,train/fear/5_image0039188.jpg,3
4981,train/fear/5_image0039202.jpg,3
4982,train/fear/5_image0039248.jpg,3
4983,train/fear/5_image0039295.jpg,3
4984,train/fear/5_image0039300.jpg,3
4985,train/fear/5_image0039313.jpg,3
4986,train/fear/5_image0039383.jpg,3
4987,train/fear/5_image0039403.jpg,3
4988,train/fear/5_image0039407.jpg,3
4989,train/fear/5_image0039428.jpg,3
4990,train/fear/5_image0039504.jpg,3
4991,train/fear/5_image0039508.jpg,3
4992,train/fear/5_image0039641.jpg,3
4993,train/fear/5_image0039664.jpg,3
4994,train/fear/5_image0039672.jpg,3
4995,train/fear/5_image0039697.jpg,3
4996,train/fear/5_image0039709.jpg,3
4997,train/fear/5_image0039713.jpg,3
4998,train/fear/5_image0039720.jpg,3
4999,train/fear/5_image0039728.jpg,3
5000,train/fear/5_image0039732.jpg,3
5001,train/fear/5_image0039748.jpg,3
5002,train/fear/5_image0039776.jpg,3
5003,train/fear/5_image0039780.jpg,3
5004,train/fear/5_image0039800.jpg,3
5005,train/fear/5_image0039817.jpg,3
5006,train/fear/5_image0039834.jpg,3
5007,train/fear/5_image0039871.jpg,3
5008,train/fear/5_image0039876.jpg,3
5009,train/fear/5_image0039901.jpg,3
5010,train/fear/5_image0039905.jpg,3
5011,train/fear/5_image0039934.jpg,3
5012,train/fear/5_image0039935.jpg,3
5013,train/fear/5_image0039947.jpg,3
5014,train/fear/5_image0039979.jpg,3
5015,train/fear/5_image0040007.jpg,3
5016,train/fear/5_image0040054.jpg,3
5017,train/fear/5_image0040074.jpg,3
5018,train/fear/5_image0040117.jpg,3
5019,train/fear/5_image0040150.jpg,3
5020,train/fear/5_image0040169.jpg,3
5021,train/fear/5_image0040173.jpg,3
5022,train/fear/5_image0040197.jpg,3
5023,train/fear/5_image0040212.jpg,3
5024,train/fear/5_image0040245.jpg,3
5025,train/fear/5_image0040264.jpg,3
5026,train/fear/5_image0040295.jpg,3
5027,train/fear/5_image0040307.jpg,3
5028,train/fear/5_image0040312.jpg,3
5029,train/fear/5_image0040321.jpg,3
5030,train/fear/5_image0040339.jpg,3
5031,train/fear/5_image0040345.jpg,3
5032,train/fear/5_image0040357.jpg,3
5033,train/fear/5_image0040385.jpg,3
5034,train/fear/5_image0040397.jpg,3
5035,train/fear/5_image0040420.jpg,3
5036,train/fear/5_image0040427.jpg,3
5037,train/fear/5_image0040441.jpg,3
5038,train/fear/5_image0040446.jpg,3
5039,train/fear/5_image0040544.jpg,3
5040,train/fear/5_image0040564.jpg,3
5041,train/fear/5_image0040570.jpg,3
5042,train/fear/5_image0040598.jpg,3
5043,train/fear/5_image0040622.jpg,3
5044,train/fear/5_image0040624.jpg,3
5045,train/fear/5_image0040663.jpg,3
5046,train/fear/5_image0040672.jpg,3
5047,train/fear/5_image0040686.jpg,3
5048,train/fear/5_image0040756.jpg,3
5049,train/fear/5_image0040762.jpg,3
5050,train/fear/5_image0040763.jpg,3
5051,train/fear/5_image0040792.jpg,3
5052,train/fear/5_image0040795.jpg,3
5053,train/fear/5_image0040798.jpg,3
5054,train/fear/5_image0040822.jpg,3
5055,train/fear/5_image0040861.jpg,3
5056,train/fear/5_image0040868.jpg,3
5057,train/fear/5_image0040869.jpg,3
5058,train/fear/5_image0040872.jpg,3
5059,train/fear/5_image0040913.jpg,3
5060,train/fear/5_image0040932.jpg,3
5061,train/fear/5_image0040941.jpg,3
5062,train/fear/5_image0040953.jpg,3
5063,train/happy/10_ffhq_10.png,4
5064,train/happy/10_ffhq_1007.png,4
5065,train/happy/10_ffhq_1019.png,4
5066,train/happy/10_ffhq_1022.png,4
5067,train/happy/10_ffhq_1032.png,4
5068,train/happy/10_ffhq_1034.png,4
5069,train/happy/10_ffhq_1038.png,4
5070,train/happy/10_ffhq_1047.png,4
5071,train/happy/10_ffhq_1056.png,4
5072,train/happy/10_ffhq_1090.png,4
5073,train/happy/10_ffhq_1100.png,4
5074,train/happy/10_ffhq_1132.png,4
5075,train/happy/10_ffhq_1137.png,4
5076,train/happy/10_ffhq_1141.png,4
5077,train/happy/10_ffhq_1156.png,4
5078,train/happy/10_ffhq_1165.png,4
5079,train/happy/10_ffhq_1174.png,4
5080,train/happy/10_ffhq_1175.png,4
5081,train/happy/10_ffhq_1177.png,4
5082,train/happy/10_ffhq_1189.png,4
5083,train/happy/10_ffhq_1191.png,4
5084,train/happy/10_ffhq_1192.png,4
5085,train/happy/10_ffhq_1207.png,4
5086,train/happy/10_ffhq_1208.png,4
5087,train/happy/10_ffhq_1240.png,4
5088,train/happy/10_ffhq_1246.png,4
5089,train/happy/10_ffhq_1253.png,4
5090,train/happy/10_ffhq_1258.png,4
5091,train/happy/10_ffhq_1278.png,4
5092,train/happy/10_ffhq_1303.png,4
5093,train/happy/10_ffhq_131.png,4
5094,train/happy/10_ffhq_1310.png,4
5095,train/happy/10_ffhq_1313.png,4
5096,train/happy/10_ffhq_1318.png,4
5097,train/happy/10_ffhq_1326.png,4
5098,train/happy/10_ffhq_1336.png,4
5099,train/happy/10_ffhq_1338.png,4
5100,train/happy/10_ffhq_1342.png,4
5101,train/happy/10_ffhq_1354.png,4
5102,train/happy/10_ffhq_1359.png,4
5103,train/happy/10_ffhq_1369.png,4
5104,train/happy/10_ffhq_1372.png,4
5105,train/happy/10_ffhq_1383.png,4
5106,train/happy/10_ffhq_1385.png,4
5107,train/happy/10_ffhq_1386.png,4
5108,train/happy/10_ffhq_1396.png,4
5109,train/happy/10_ffhq_1402.png,4
5110,train/happy/10_ffhq_1405.png,4
5111,train/happy/10_ffhq_1406.png,4
5112,train/happy/10_ffhq_1425.png,4
5113,train/happy/10_ffhq_1431.png,4
5114,train/happy/10_ffhq_1457.png,4
5115,train/happy/10_ffhq_1460.png,4
5116,train/happy/10_ffhq_1465.png,4
5117,train/happy/10_ffhq_1479.png,4
5118,train/happy/10_ffhq_1481.png,4
5119,train/happy/10_ffhq_1524.png,4
5120,train/happy/10_ffhq_1526.png,4
5121,train/happy/10_ffhq_1528.png,4
5122,train/happy/10_ffhq_1612.png,4
5123,train/happy/10_ffhq_1620.png,4
5124,train/happy/10_ffhq_1624.png,4
5125,train/happy/10_ffhq_164.png,4
5126,train/happy/10_ffhq_1653.png,4
5127,train/happy/10_ffhq_166.png,4
5128,train/happy/10_ffhq_1660.png,4
5129,train/happy/10_ffhq_1677.png,4
5130,train/happy/10_ffhq_1679.png,4
5131,train/happy/10_ffhq_168.png,4
5132,train/happy/10_ffhq_1680.png,4
5133,train/happy/10_ffhq_1682.png,4
5134,train/happy/10_ffhq_1688.png,4
5135,train/happy/10_ffhq_169.png,4
5136,train/happy/10_ffhq_1694.png,4
5137,train/happy/10_ffhq_1699.png,4
5138,train/happy/10_ffhq_1709.png,4
5139,train/happy/10_ffhq_1711.png,4
5140,train/happy/10_ffhq_1713.png,4
5141,train/happy/10_ffhq_1719.png,4
5142,train/happy/10_ffhq_1727.png,4
5143,train/happy/10_ffhq_1757.png,4
5144,train/happy/10_ffhq_176.png,4
5145,train/happy/10_ffhq_1764.png,4
5146,train/happy/10_ffhq_1795.png,4
5147,train/happy/10_ffhq_1802.png,4
5148,train/happy/10_ffhq_1804.png,4
5149,train/happy/10_ffhq_1806.png,4
5150,train/happy/10_ffhq_1808.png,4
5151,train/happy/10_ffhq_181.png,4
5152,train/happy/10_ffhq_1810.png,4
5153,train/happy/10_ffhq_1813.png,4
5154,train/happy/10_ffhq_1823.png,4
5155,train/happy/10_ffhq_1825.png,4
5156,train/happy/10_ffhq_1832.png,4
5157,train/happy/10_ffhq_1842.png,4
5158,train/happy/10_ffhq_1847.png,4
5159,train/happy/10_ffhq_185.png,4
5160,train/happy/10_ffhq_1856.png,4
5161,train/happy/10_ffhq_1866.png,4
5162,train/happy/10_ffhq_1877.png,4
5163,train/happy/10_ffhq_1882.png,4
5164,train/happy/10_ffhq_1890.png,4
5165,train/happy/10_ffhq_1901.png,4
5166,train/happy/10_ffhq_1921.png,4
5167,train/happy/10_ffhq_1947.png,4
5168,train/happy/10_ffhq_1964.png,4
5169,train/happy/10_ffhq_1970.png,4
5170,train/happy/10_ffhq_1981.png,4
5171,train/happy/10_ffhq_1997.png,4
5172,train/happy/10_ffhq_2034.png,4
5173,train/happy/10_ffhq_2042.png,4
5174,train/happy/10_ffhq_2060.png,4
5175,train/happy/10_ffhq_2065.png,4
5176,train/happy/10_ffhq_2109.png,4
5177,train/happy/10_ffhq_211.png,4
5178,train/happy/10_ffhq_2148.png,4
5179,train/happy/10_ffhq_2165.png,4
5180,train/happy/10_ffhq_2172.png,4
5181,train/happy/10_ffhq_218.png,4
5182,train/happy/10_ffhq_2187.png,4
5183,train/happy/10_ffhq_2189.png,4
5184,train/happy/10_ffhq_2190.png,4
5185,train/happy/10_ffhq_2198.png,4
5186,train/happy/10_ffhq_221.png,4
5187,train/happy/10_ffhq_2217.png,4
5188,train/happy/10_ffhq_2224.png,4
5189,train/happy/10_ffhq_2237.png,4
5190,train/happy/10_ffhq_2256.png,4
5191,train/happy/10_ffhq_2260.png,4
5192,train/happy/10_ffhq_2261.png,4
5193,train/happy/10_ffhq_2267.png,4
5194,train/happy/10_ffhq_2268.png,4
5195,train/happy/10_ffhq_2276.png,4
5196,train/happy/10_ffhq_228.png,4
5197,train/happy/10_ffhq_2281.png,4
5198,train/happy/10_ffhq_2286.png,4
5199,train/happy/10_ffhq_229.png,4
5200,train/happy/10_ffhq_2297.png,4
5201,train/happy/10_ffhq_2299.png,4
5202,train/happy/10_ffhq_2303.png,4
5203,train/happy/10_ffhq_2308.png,4
5204,train/happy/10_ffhq_2339.png,4
5205,train/happy/10_ffhq_2346.png,4
5206,train/happy/10_ffhq_235.png,4
5207,train/happy/10_ffhq_2370.png,4
5208,train/happy/10_ffhq_2374.png,4
5209,train/happy/10_ffhq_2388.png,4
5210,train/happy/10_ffhq_24.png,4
5211,train/happy/10_ffhq_2409.png,4
5212,train/happy/10_ffhq_2427.png,4
5213,train/happy/10_ffhq_2446.png,4
5214,train/happy/10_ffhq_247.png,4
5215,train/happy/10_ffhq_2486.png,4
5216,train/happy/10_ffhq_2499.png,4
5217,train/happy/10_ffhq_2516.png,4
5218,train/happy/10_ffhq_2524.png,4
5219,train/happy/10_ffhq_255.png,4
5220,train/happy/10_ffhq_2572.png,4
5221,train/happy/10_ffhq_2577.png,4
5222,train/happy/10_ffhq_2578.png,4
5223,train/happy/10_ffhq_2597.png,4
5224,train/happy/10_ffhq_2601.png,4
5225,train/happy/10_ffhq_2625.png,4
5226,train/happy/10_ffhq_2627.png,4
5227,train/happy/10_ffhq_2636.png,4
5228,train/happy/10_ffhq_2654.png,4
5229,train/happy/10_ffhq_2656.png,4
5230,train/happy/10_ffhq_2659.png,4
5231,train/happy/10_ffhq_2665.png,4
5232,train/happy/10_ffhq_2707.png,4
5233,train/happy/10_ffhq_2710.png,4
5234,train/happy/10_ffhq_2721.png,4
5235,train/happy/10_ffhq_2722.png,4
5236,train/happy/10_ffhq_2729.png,4
5237,train/happy/10_ffhq_2732.png,4
5238,train/happy/10_ffhq_2735.png,4
5239,train/happy/10_ffhq_2743.png,4
5240,train/happy/10_ffhq_2749.png,4
5241,train/happy/10_ffhq_2754.png,4
5242,train/happy/10_ffhq_2757.png,4
5243,train/happy/10_ffhq_2760.png,4
5244,train/happy/10_ffhq_277.png,4
5245,train/happy/10_ffhq_2791.png,4
5246,train/happy/10_ffhq_2793.png,4
5247,train/happy/10_ffhq_2820.png,4
5248,train/happy/10_ffhq_2821.png,4
5249,train/happy/10_ffhq_2830.png,4
5250,train/happy/10_ffhq_2834.png,4
5251,train/happy/10_ffhq_2841.png,4
5252,train/happy/10_ffhq_2846.png,4
5253,train/happy/10_ffhq_2867.png,4
5254,train/happy/10_ffhq_2873.png,4
5255,train/happy/10_ffhq_289.png,4
5256,train/happy/10_ffhq_2893.png,4
5257,train/happy/10_ffhq_2903.png,4
5258,train/happy/10_ffhq_2918.png,4
5259,train/happy/10_ffhq_2919.png,4
5260,train/happy/10_ffhq_2926.png,4
5261,train/happy/10_ffhq_2945.png,4
5262,train/happy/10_ffhq_2962.png,4
5263,train/happy/10_ffhq_2967.png,4
5264,train/happy/10_ffhq_2979.png,4
5265,train/happy/10_ffhq_300.png,4
5266,train/happy/10_ffhq_3011.png,4
5267,train/happy/10_ffhq_3014.png,4
5268,train/happy/10_ffhq_3015.png,4
5269,train/happy/10_ffhq_3022.png,4
5270,train/happy/10_ffhq_3027.png,4
5271,train/happy/10_ffhq_3031.png,4
5272,train/happy/10_ffhq_3033.png,4
5273,train/happy/10_ffhq_3054.png,4
5274,train/happy/10_ffhq_3076.png,4
5275,train/happy/10_ffhq_3096.png,4
5276,train/happy/10_ffhq_31.png,4
5277,train/happy/10_ffhq_3102.png,4
5278,train/happy/10_ffhq_3106.png,4
5279,train/happy/10_ffhq_3124.png,4
5280,train/happy/10_ffhq_3137.png,4
5281,train/happy/10_ffhq_3139.png,4
5282,train/happy/10_ffhq_3141.png,4
5283,train/happy/10_ffhq_3152.png,4
5284,train/happy/10_ffhq_3162.png,4
5285,train/happy/10_ffhq_317.png,4
5286,train/happy/10_ffhq_3179.png,4
5287,train/happy/10_ffhq_320.png,4
5288,train/happy/10_ffhq_3209.png,4
5289,train/happy/10_ffhq_3222.png,4
5290,train/happy/10_ffhq_3243.png,4
5291,train/happy/10_ffhq_3254.png,4
5292,train/happy/10_ffhq_3273.png,4
5293,train/happy/10_ffhq_3278.png,4
5294,train/happy/10_ffhq_3284.png,4
5295,train/happy/10_ffhq_331.png,4
5296,train/happy/10_ffhq_3310.png,4
5297,train/happy/10_ffhq_3312.png,4
5298,train/happy/10_ffhq_3314.png,4
5299,train/happy/10_ffhq_3366.png,4
5300,train/happy/10_ffhq_3369.png,4
5301,train/happy/10_ffhq_3379.png,4
5302,train/happy/10_ffhq_3390.png,4
5303,train/happy/10_ffhq_3394.png,4
5304,train/happy/10_ffhq_3397.png,4
5305,train/happy/10_ffhq_3408.png,4
5306,train/happy/10_ffhq_3443.png,4
5307,train/happy/10_ffhq_345.png,4
5308,train/happy/10_ffhq_3505.png,4
5309,train/happy/10_ffhq_3507.png,4
5310,train/happy/10_ffhq_356.png,4
5311,train/happy/10_ffhq_3565.png,4
5312,train/happy/10_ffhq_3566.png,4
5313,train/happy/10_ffhq_3596.png,4
5314,train/happy/10_ffhq_36.png,4
5315,train/happy/10_ffhq_3602.png,4
5316,train/happy/10_ffhq_3608.png,4
5317,train/happy/10_ffhq_3610.png,4
5318,train/happy/10_ffhq_362.png,4
5319,train/happy/10_ffhq_3631.png,4
5320,train/happy/10_ffhq_3644.png,4
5321,train/happy/10_ffhq_3658.png,4
5322,train/happy/10_ffhq_3682.png,4
5323,train/happy/10_ffhq_3686.png,4
5324,train/happy/10_ffhq_3694.png,4
5325,train/happy/10_ffhq_374.png,4
5326,train/happy/10_ffhq_3743.png,4
5327,train/happy/10_ffhq_3758.png,4
5328,train/happy/10_ffhq_3761.png,4
5329,train/happy/10_ffhq_3768.png,4
5330,train/happy/10_ffhq_3779.png,4
5331,train/happy/10_ffhq_3797.png,4
5332,train/happy/10_ffhq_3819.png,4
5333,train/happy/10_ffhq_3830.png,4
5334,train/happy/10_ffhq_3849.png,4
5335,train/happy/10_ffhq_3858.png,4
5336,train/happy/10_ffhq_3864.png,4
5337,train/happy/10_ffhq_3865.png,4
5338,train/happy/10_ffhq_3867.png,4
5339,train/happy/10_ffhq_3873.png,4
5340,train/happy/10_ffhq_3885.png,4
5341,train/happy/10_ffhq_3892.png,4
5342,train/happy/10_ffhq_3899.png,4
5343,train/happy/10_ffhq_3903.png,4
5344,train/happy/10_ffhq_391.png,4
5345,train/happy/10_ffhq_3914.png,4
5346,train/happy/10_ffhq_3915.png,4
5347,train/happy/10_ffhq_3937.png,4
5348,train/happy/10_ffhq_3989.png,4
5349,train/happy/10_ffhq_3995.png,4
5350,train/happy/10_ffhq_4020.png,4
5351,train/happy/10_ffhq_4045.png,4
5352,train/happy/10_ffhq_4049.png,4
5353,train/happy/10_ffhq_4056.png,4
5354,train/happy/10_ffhq_4070.png,4
5355,train/happy/10_ffhq_4072.png,4
5356,train/happy/10_ffhq_4074.png,4
5357,train/happy/10_ffhq_4077.png,4
5358,train/happy/10_ffhq_4078.png,4
5359,train/happy/10_ffhq_4116.png,4
5360,train/happy/10_ffhq_413.png,4
5361,train/happy/10_ffhq_4158.png,4
5362,train/happy/10_ffhq_4160.png,4
5363,train/happy/10_ffhq_4179.png,4
5364,train/happy/10_ffhq_4182.png,4
5365,train/happy/10_ffhq_419.png,4
5366,train/happy/10_ffhq_4209.png,4
5367,train/happy/10_ffhq_4213.png,4
5368,train/happy/10_ffhq_4217.png,4
5369,train/happy/10_ffhq_4220.png,4
5370,train/happy/10_ffhq_4239.png,4
5371,train/happy/10_ffhq_424.png,4
5372,train/happy/10_ffhq_4246.png,4
5373,train/happy/10_ffhq_4268.png,4
5374,train/happy/10_ffhq_4269.png,4
5375,train/happy/10_ffhq_4271.png,4
5376,train/happy/10_ffhq_4274.png,4
5377,train/happy/10_ffhq_4276.png,4
5378,train/happy/10_ffhq_4287.png,4
5379,train/happy/10_ffhq_4333.png,4
5380,train/happy/10_ffhq_4345.png,4
5381,train/happy/10_ffhq_4357.png,4
5382,train/happy/10_ffhq_4366.png,4
5383,train/happy/10_ffhq_4371.png,4
5384,train/happy/10_ffhq_4388.png,4
5385,train/happy/10_ffhq_4402.png,4
5386,train/happy/10_ffhq_4406.png,4
5387,train/happy/10_ffhq_441.png,4
5388,train/happy/10_ffhq_4424.png,4
5389,train/happy/10_ffhq_4432.png,4
5390,train/happy/10_ffhq_4456.png,4
5391,train/happy/10_ffhq_4462.png,4
5392,train/happy/10_ffhq_4466.png,4
5393,train/happy/10_ffhq_449.png,4
5394,train/happy/10_ffhq_45.png,4
5395,train/happy/10_ffhq_4510.png,4
5396,train/happy/10_ffhq_4522.png,4
5397,train/happy/10_ffhq_4540.png,4
5398,train/happy/10_ffhq_4551.png,4
5399,train/happy/10_ffhq_4564.png,4
5400,train/happy/10_ffhq_4572.png,4
5401,train/happy/10_ffhq_4577.png,4
5402,train/happy/10_ffhq_4580.png,4
5403,train/happy/10_ffhq_4585.png,4
5404,train/happy/10_ffhq_4611.png,4
5405,train/happy/10_ffhq_4621.png,4
5406,train/happy/10_ffhq_4625.png,4
5407,train/happy/10_ffhq_4638.png,4
5408,train/happy/10_ffhq_4645.png,4
5409,train/happy/10_ffhq_466.png,4
5410,train/happy/10_ffhq_4665.png,4
5411,train/happy/10_ffhq_4682.png,4
5412,train/happy/10_ffhq_4690.png,4
5413,train/happy/10_ffhq_4697.png,4
5414,train/happy/10_ffhq_4700.png,4
5415,train/happy/10_ffhq_4704.png,4
5416,train/happy/10_ffhq_4707.png,4
5417,train/happy/10_ffhq_4712.png,4
5418,train/happy/10_ffhq_4718.png,4
5419,train/happy/10_ffhq_472.png,4
5420,train/happy/10_ffhq_4744.png,4
5421,train/happy/10_ffhq_4746.png,4
5422,train/happy/10_ffhq_4763.png,4
5423,train/happy/10_ffhq_4769.png,4
5424,train/happy/10_ffhq_4778.png,4
5425,train/happy/10_ffhq_4799.png,4
5426,train/happy/10_ffhq_4803.png,4
5427,train/happy/10_ffhq_4813.png,4
5428,train/happy/10_ffhq_4817.png,4
5429,train/happy/10_ffhq_4818.png,4
5430,train/happy/10_ffhq_4846.png,4
5431,train/happy/10_ffhq_4848.png,4
5432,train/happy/10_ffhq_486.png,4
5433,train/happy/10_ffhq_4868.png,4
5434,train/happy/10_ffhq_4874.png,4
5435,train/happy/10_ffhq_4878.png,4
5436,train/happy/10_ffhq_4883.png,4
5437,train/happy/10_ffhq_4893.png,4
5438,train/happy/10_ffhq_4913.png,4
5439,train/happy/10_ffhq_4920.png,4
5440,train/happy/10_ffhq_4947.png,4
5441,train/happy/10_ffhq_4949.png,4
5442,train/happy/10_ffhq_4952.png,4
5443,train/happy/10_ffhq_5.png,4
5444,train/happy/10_ffhq_501.png,4
5445,train/happy/10_ffhq_521.png,4
5446,train/happy/10_ffhq_522.png,4
5447,train/happy/10_ffhq_540.png,4
5448,train/happy/10_ffhq_545.png,4
5449,train/happy/10_ffhq_550.png,4
5450,train/happy/10_ffhq_57.png,4
5451,train/happy/10_ffhq_573.png,4
5452,train/happy/10_ffhq_581.png,4
5453,train/happy/10_ffhq_588.png,4
5454,train/happy/10_ffhq_59.png,4
5455,train/happy/10_ffhq_6.png,4
5456,train/happy/10_ffhq_600.png,4
5457,train/happy/10_ffhq_611.png,4
5458,train/happy/10_ffhq_617.png,4
5459,train/happy/10_ffhq_624.png,4
5460,train/happy/10_ffhq_63.png,4
5461,train/happy/10_ffhq_635.png,4
5462,train/happy/10_ffhq_637.png,4
5463,train/happy/10_ffhq_646.png,4
5464,train/happy/10_ffhq_656.png,4
5465,train/happy/10_ffhq_67.png,4
5466,train/happy/10_ffhq_69.png,4
5467,train/happy/10_ffhq_694.png,4
5468,train/happy/10_ffhq_697.png,4
5469,train/happy/10_ffhq_698.png,4
5470,train/happy/10_ffhq_706.png,4
5471,train/happy/10_ffhq_720.png,4
5472,train/happy/10_ffhq_759.png,4
5473,train/happy/10_ffhq_769.png,4
5474,train/happy/10_ffhq_785.png,4
5475,train/happy/10_ffhq_796.png,4
5476,train/happy/10_ffhq_799.png,4
5477,train/happy/10_ffhq_812.png,4
5478,train/happy/10_ffhq_813.png,4
5479,train/happy/10_ffhq_82.png,4
5480,train/happy/10_ffhq_829.png,4
5481,train/happy/10_ffhq_841.png,4
5482,train/happy/10_ffhq_860.png,4
5483,train/happy/10_ffhq_875.png,4
5484,train/happy/10_ffhq_880.png,4
5485,train/happy/10_ffhq_886.png,4
5486,train/happy/10_ffhq_89.png,4
5487,train/happy/10_ffhq_894.png,4
5488,train/happy/10_ffhq_905.png,4
5489,train/happy/10_ffhq_919.png,4
5490,train/happy/10_ffhq_920.png,4
5491,train/happy/10_ffhq_94.png,4
5492,train/happy/10_ffhq_943.png,4
5493,train/happy/10_ffhq_945.png,4
5494,train/happy/10_ffhq_962.png,4
5495,train/happy/10_ffhq_97.png,4
5496,train/happy/10_ffhq_970.png,4
5497,train/happy/10_ffhq_971.png,4
5498,train/happy/10_ffhq_977.png,4
5499,train/happy/10_ffhq_995.png,4
5500,train/happy/10_image0031881.jpg,4
5501,train/happy/10_image0032221.jpg,4
5502,train/happy/10_image0032359.jpg,4
5503,train/happy/10_image0032401.jpg,4
5504,train/happy/10_image0039933.jpg,4
5505,train/happy/10_image0039941.jpg,4
5506,train/happy/15_ffhq_1006.png,4
5507,train/happy/15_ffhq_1014.png,4
5508,train/happy/15_ffhq_1018.png,4
5509,train/happy/15_ffhq_102.png,4
5510,train/happy/15_ffhq_1035.png,4
5511,train/happy/15_ffhq_1039.png,4
5512,train/happy/15_ffhq_1044.png,4
5513,train/happy/15_ffhq_1083.png,4
5514,train/happy/15_ffhq_1086.png,4
5515,train/happy/15_ffhq_1090.png,4
5516,train/happy/15_ffhq_1096.png,4
5517,train/happy/15_ffhq_110.png,4
5518,train/happy/15_ffhq_1116.png,4
5519,train/happy/15_ffhq_1131.png,4
5520,train/happy/15_ffhq_1139.png,4
5521,train/happy/15_ffhq_1152.png,4
5522,train/happy/15_ffhq_1195.png,4
5523,train/happy/15_ffhq_1201.png,4
5524,train/happy/15_ffhq_1202.png,4
5525,train/happy/15_ffhq_1240.png,4
5526,train/happy/15_ffhq_1250.png,4
5527,train/happy/15_ffhq_1262.png,4
5528,train/happy/15_ffhq_127.png,4
5529,train/happy/15_ffhq_1276.png,4
5530,train/happy/15_ffhq_1309.png,4
5531,train/happy/15_ffhq_1312.png,4
5532,train/happy/15_ffhq_1324.png,4
5533,train/happy/15_ffhq_1329.png,4
5534,train/happy/15_ffhq_1344.png,4
5535,train/happy/15_ffhq_1360.png,4
5536,train/happy/15_ffhq_1377.png,4
5537,train/happy/15_ffhq_139.png,4
5538,train/happy/15_ffhq_1393.png,4
5539,train/happy/15_ffhq_1409.png,4
5540,train/happy/15_ffhq_1418.png,4
5541,train/happy/15_ffhq_1440.png,4
5542,train/happy/15_ffhq_1443.png,4
5543,train/happy/15_ffhq_1448.png,4
5544,train/happy/15_ffhq_1449.png,4
5545,train/happy/15_ffhq_145.png,4
5546,train/happy/15_ffhq_146.png,4
5547,train/happy/15_ffhq_1462.png,4
5548,train/happy/15_ffhq_147.png,4
5549,train/happy/15_ffhq_1483.png,4
5550,train/happy/15_ffhq_1512.png,4
5551,train/happy/15_ffhq_1514.png,4
5552,train/happy/15_ffhq_1519.png,4
5553,train/happy/15_ffhq_1523.png,4
5554,train/happy/15_ffhq_1541.png,4
5555,train/happy/15_ffhq_1560.png,4
5556,train/happy/15_ffhq_1561.png,4
5557,train/happy/15_ffhq_157.png,4
5558,train/happy/15_ffhq_1575.png,4
5559,train/happy/15_ffhq_1577.png,4
5560,train/happy/15_ffhq_1581.png,4
5561,train/happy/15_ffhq_1613.png,4
5562,train/happy/15_ffhq_1616.png,4
5563,train/happy/15_ffhq_1620.png,4
5564,train/happy/15_ffhq_1624.png,4
5565,train/happy/15_ffhq_1639.png,4
5566,train/happy/15_ffhq_164.png,4
5567,train/happy/15_ffhq_166.png,4
5568,train/happy/15_ffhq_1667.png,4
5569,train/happy/15_ffhq_1668.png,4
5570,train/happy/15_ffhq_1672.png,4
5571,train/happy/15_ffhq_1677.png,4
5572,train/happy/15_ffhq_1687.png,4
5573,train/happy/15_ffhq_1696.png,4
5574,train/happy/15_ffhq_1701.png,4
5575,train/happy/15_ffhq_1703.png,4
5576,train/happy/15_ffhq_1710.png,4
5577,train/happy/15_ffhq_1715.png,4
5578,train/happy/15_ffhq_1719.png,4
5579,train/happy/15_ffhq_1722.png,4
5580,train/happy/15_ffhq_1727.png,4
5581,train/happy/15_ffhq_1744.png,4
5582,train/happy/15_ffhq_1751.png,4
5583,train/happy/15_ffhq_1757.png,4
5584,train/happy/15_ffhq_1765.png,4
5585,train/happy/15_ffhq_1771.png,4
5586,train/happy/15_ffhq_178.png,4
5587,train/happy/15_ffhq_1781.png,4
5588,train/happy/15_ffhq_1796.png,4
5589,train/happy/15_ffhq_1801.png,4
5590,train/happy/15_ffhq_182.png,4
5591,train/happy/15_ffhq_1824.png,4
5592,train/happy/15_ffhq_1834.png,4
5593,train/happy/15_ffhq_1843.png,4
5594,train/happy/15_ffhq_1846.png,4
5595,train/happy/15_ffhq_1850.png,4
5596,train/happy/15_ffhq_1869.png,4
5597,train/happy/15_ffhq_1881.png,4
5598,train/happy/15_ffhq_1883.png,4
5599,train/happy/15_ffhq_1897.png,4
5600,train/happy/15_ffhq_191.png,4
5601,train/happy/15_ffhq_1916.png,4
5602,train/happy/15_ffhq_1921.png,4
5603,train/happy/15_ffhq_1930.png,4
5604,train/happy/15_ffhq_1931.png,4
5605,train/happy/15_ffhq_1964.png,4
5606,train/happy/15_ffhq_1995.png,4
5607,train/happy/15_ffhq_2003.png,4
5608,train/happy/15_ffhq_2007.png,4
5609,train/happy/15_ffhq_2018.png,4
5610,train/happy/15_ffhq_2020.png,4
5611,train/happy/15_ffhq_2032.png,4
5612,train/happy/15_ffhq_2043.png,4
5613,train/happy/15_ffhq_2049.png,4
5614,train/happy/15_ffhq_205.png,4
5615,train/happy/15_ffhq_2054.png,4
5616,train/happy/15_ffhq_206.png,4
5617,train/happy/15_ffhq_2077.png,4
5618,train/happy/15_ffhq_2094.png,4
5619,train/happy/15_ffhq_2098.png,4
5620,train/happy/15_ffhq_2109.png,4
5621,train/happy/15_ffhq_2122.png,4
5622,train/happy/15_ffhq_2136.png,4
5623,train/happy/15_ffhq_2138.png,4
5624,train/happy/15_ffhq_2154.png,4
5625,train/happy/15_ffhq_2159.png,4
5626,train/happy/15_ffhq_2176.png,4
5627,train/happy/15_ffhq_218.png,4
5628,train/happy/15_ffhq_2185.png,4
5629,train/happy/15_ffhq_2186.png,4
5630,train/happy/15_ffhq_2189.png,4
5631,train/happy/15_ffhq_2194.png,4
5632,train/happy/15_ffhq_2197.png,4
5633,train/happy/15_ffhq_2210.png,4
5634,train/happy/15_ffhq_2217.png,4
5635,train/happy/15_ffhq_2218.png,4
5636,train/happy/15_ffhq_2248.png,4
5637,train/happy/15_ffhq_2254.png,4
5638,train/happy/15_ffhq_2278.png,4
5639,train/happy/15_ffhq_2293.png,4
5640,train/happy/15_ffhq_2304.png,4
5641,train/happy/15_ffhq_2319.png,4
5642,train/happy/15_ffhq_2335.png,4
5643,train/happy/15_ffhq_2346.png,4
5644,train/happy/15_ffhq_2348.png,4
5645,train/happy/15_ffhq_2361.png,4
5646,train/happy/15_ffhq_2372.png,4
5647,train/happy/15_ffhq_2383.png,4
5648,train/happy/15_ffhq_2395.png,4
5649,train/happy/15_ffhq_241.png,4
5650,train/happy/15_ffhq_2411.png,4
5651,train/happy/15_ffhq_2415.png,4
5652,train/happy/15_ffhq_2439.png,4
5653,train/happy/15_ffhq_2443.png,4
5654,train/happy/15_ffhq_2450.png,4
5655,train/happy/15_ffhq_2458.png,4
5656,train/happy/15_ffhq_2484.png,4
5657,train/happy/15_ffhq_2489.png,4
5658,train/happy/15_ffhq_2498.png,4
5659,train/happy/15_ffhq_250.png,4
5660,train/happy/15_ffhq_2518.png,4
5661,train/happy/15_ffhq_2540.png,4
5662,train/happy/15_ffhq_2550.png,4
5663,train/happy/15_ffhq_2554.png,4
5664,train/happy/15_ffhq_2559.png,4
5665,train/happy/15_ffhq_2570.png,4
5666,train/happy/15_ffhq_2587.png,4
5667,train/happy/15_ffhq_2600.png,4
5668,train/happy/15_ffhq_2606.png,4
5669,train/happy/15_ffhq_2613.png,4
5670,train/happy/15_ffhq_265.png,4
5671,train/happy/15_ffhq_2663.png,4
5672,train/happy/15_ffhq_2666.png,4
5673,train/happy/15_ffhq_2677.png,4
5674,train/happy/15_ffhq_268.png,4
5675,train/happy/15_ffhq_2681.png,4
5676,train/happy/15_ffhq_2690.png,4
5677,train/happy/15_ffhq_2694.png,4
5678,train/happy/15_ffhq_2703.png,4
5679,train/happy/15_ffhq_272.png,4
5680,train/happy/15_ffhq_2723.png,4
5681,train/happy/15_ffhq_2737.png,4
5682,train/happy/15_ffhq_2753.png,4
5683,train/happy/15_ffhq_2754.png,4
5684,train/happy/15_ffhq_2764.png,4
5685,train/happy/15_ffhq_2766.png,4
5686,train/happy/15_ffhq_2788.png,4
5687,train/happy/15_ffhq_2799.png,4
5688,train/happy/15_ffhq_2806.png,4
5689,train/happy/15_ffhq_2850.png,4
5690,train/happy/15_ffhq_2872.png,4
5691,train/happy/15_ffhq_2916.png,4
5692,train/happy/15_ffhq_2927.png,4
5693,train/happy/15_ffhq_2928.png,4
5694,train/happy/15_ffhq_295.png,4
5695,train/happy/15_ffhq_2955.png,4
5696,train/happy/15_ffhq_2978.png,4
5697,train/happy/15_ffhq_2980.png,4
5698,train/happy/15_ffhq_2981.png,4
5699,train/happy/15_ffhq_299.png,4
5700,train/happy/15_ffhq_2995.png,4
5701,train/happy/15_ffhq_3.png,4
5702,train/happy/15_ffhq_3032.png,4
5703,train/happy/15_ffhq_3042.png,4
5704,train/happy/15_ffhq_3047.png,4
5705,train/happy/15_ffhq_3049.png,4
5706,train/happy/15_ffhq_3085.png,4
5707,train/happy/15_ffhq_3093.png,4
5708,train/happy/15_ffhq_3125.png,4
5709,train/happy/15_ffhq_3129.png,4
5710,train/happy/15_ffhq_3138.png,4
5711,train/happy/15_ffhq_3149.png,4
5712,train/happy/15_ffhq_3208.png,4
5713,train/happy/15_ffhq_3210.png,4
5714,train/happy/15_ffhq_3211.png,4
5715,train/happy/15_ffhq_3218.png,4
5716,train/happy/15_ffhq_3249.png,4
5717,train/happy/15_ffhq_3253.png,4
5718,train/happy/15_ffhq_3255.png,4
5719,train/happy/15_ffhq_3288.png,4
5720,train/happy/15_ffhq_3289.png,4
5721,train/happy/15_ffhq_3296.png,4
5722,train/happy/15_ffhq_330.png,4
5723,train/happy/15_ffhq_3302.png,4
5724,train/happy/15_ffhq_3308.png,4
5725,train/happy/15_ffhq_3319.png,4
5726,train/happy/15_ffhq_3321.png,4
5727,train/happy/15_ffhq_3325.png,4
5728,train/happy/15_ffhq_3335.png,4
5729,train/happy/15_ffhq_335.png,4
5730,train/happy/15_ffhq_3354.png,4
5731,train/happy/15_ffhq_3363.png,4
5732,train/happy/15_ffhq_3366.png,4
5733,train/happy/15_ffhq_337.png,4
5734,train/happy/15_ffhq_3370.png,4
5735,train/happy/15_ffhq_3401.png,4
5736,train/happy/15_ffhq_3402.png,4
5737,train/happy/15_ffhq_3406.png,4
5738,train/happy/15_ffhq_3421.png,4
5739,train/happy/15_ffhq_3426.png,4
5740,train/happy/15_ffhq_3429.png,4
5741,train/happy/15_ffhq_3430.png,4
5742,train/happy/15_ffhq_3437.png,4
5743,train/happy/15_ffhq_3463.png,4
5744,train/happy/15_ffhq_3484.png,4
5745,train/happy/15_ffhq_3490.png,4
5746,train/happy/15_ffhq_3496.png,4
5747,train/happy/15_ffhq_3542.png,4
5748,train/happy/15_ffhq_3547.png,4
5749,train/happy/15_ffhq_3548.png,4
5750,train/happy/15_ffhq_3554.png,4
5751,train/happy/15_ffhq_3558.png,4
5752,train/happy/15_ffhq_3570.png,4
5753,train/happy/15_ffhq_3584.png,4
5754,train/happy/15_ffhq_3590.png,4
5755,train/happy/15_ffhq_3592.png,4
5756,train/happy/15_ffhq_3593.png,4
5757,train/happy/15_ffhq_3607.png,4
5758,train/happy/15_ffhq_3622.png,4
5759,train/happy/15_ffhq_3628.png,4
5760,train/happy/15_ffhq_3666.png,4
5761,train/happy/15_ffhq_3669.png,4
5762,train/happy/15_ffhq_3672.png,4
5763,train/happy/15_ffhq_3677.png,4
5764,train/happy/15_ffhq_3678.png,4
5765,train/happy/15_ffhq_3682.png,4
5766,train/happy/15_ffhq_3709.png,4
5767,train/happy/15_ffhq_371.png,4
5768,train/happy/15_ffhq_3718.png,4
5769,train/happy/15_ffhq_375.png,4
5770,train/happy/15_ffhq_3750.png,4
5771,train/happy/15_ffhq_3765.png,4
5772,train/happy/15_ffhq_3767.png,4
5773,train/happy/15_ffhq_3783.png,4
5774,train/happy/15_ffhq_3787.png,4
5775,train/happy/15_ffhq_3791.png,4
5776,train/happy/15_ffhq_3796.png,4
5777,train/happy/15_ffhq_38.png,4
5778,train/happy/15_ffhq_380.png,4
5779,train/happy/15_ffhq_3800.png,4
5780,train/happy/15_ffhq_3810.png,4
5781,train/happy/15_ffhq_3811.png,4
5782,train/happy/15_ffhq_3828.png,4
5783,train/happy/15_ffhq_3844.png,4
5784,train/happy/15_ffhq_3845.png,4
5785,train/happy/15_ffhq_3865.png,4
5786,train/happy/15_ffhq_388.png,4
5787,train/happy/15_ffhq_3883.png,4
5788,train/happy/15_ffhq_3887.png,4
5789,train/happy/15_ffhq_3895.png,4
5790,train/happy/15_ffhq_3908.png,4
5791,train/happy/15_ffhq_3917.png,4
5792,train/happy/15_ffhq_3927.png,4
5793,train/happy/15_ffhq_3930.png,4
5794,train/happy/15_ffhq_3944.png,4
5795,train/happy/15_ffhq_3960.png,4
5796,train/happy/15_ffhq_4000.png,4
5797,train/happy/15_ffhq_4007.png,4
5798,train/happy/15_ffhq_4012.png,4
5799,train/happy/15_ffhq_4039.png,4
5800,train/happy/15_ffhq_4041.png,4
5801,train/happy/15_ffhq_4052.png,4
5802,train/happy/15_ffhq_4056.png,4
5803,train/happy/15_ffhq_4058.png,4
5804,train/happy/15_ffhq_4073.png,4
5805,train/happy/15_ffhq_4090.png,4
5806,train/happy/15_ffhq_4099.png,4
5807,train/happy/15_ffhq_410.png,4
5808,train/happy/15_ffhq_4100.png,4
5809,train/happy/15_ffhq_4115.png,4
5810,train/happy/15_ffhq_4131.png,4
5811,train/happy/15_ffhq_414.png,4
5812,train/happy/15_ffhq_4150.png,4
5813,train/happy/15_ffhq_4166.png,4
5814,train/happy/15_ffhq_4170.png,4
5815,train/happy/15_ffhq_4175.png,4
5816,train/happy/15_ffhq_4186.png,4
5817,train/happy/15_ffhq_4196.png,4
5818,train/happy/15_ffhq_42.png,4
5819,train/happy/15_ffhq_4209.png,4
5820,train/happy/15_ffhq_4239.png,4
5821,train/happy/15_ffhq_4244.png,4
5822,train/happy/15_ffhq_4261.png,4
5823,train/happy/15_ffhq_4282.png,4
5824,train/happy/15_ffhq_4287.png,4
5825,train/happy/15_ffhq_4289.png,4
5826,train/happy/15_ffhq_4308.png,4
5827,train/happy/15_ffhq_4313.png,4
5828,train/happy/15_ffhq_4319.png,4
5829,train/happy/15_ffhq_4324.png,4
5830,train/happy/15_ffhq_4327.png,4
5831,train/happy/15_ffhq_433.png,4
5832,train/happy/15_ffhq_4346.png,4
5833,train/happy/15_ffhq_4347.png,4
5834,train/happy/15_ffhq_4380.png,4
5835,train/happy/15_ffhq_4415.png,4
5836,train/happy/15_ffhq_4417.png,4
5837,train/happy/15_ffhq_4427.png,4
5838,train/happy/15_ffhq_4433.png,4
5839,train/happy/15_ffhq_4435.png,4
5840,train/happy/15_ffhq_4442.png,4
5841,train/happy/15_ffhq_4455.png,4
5842,train/happy/15_ffhq_4469.png,4
5843,train/happy/15_ffhq_4482.png,4
5844,train/happy/15_ffhq_4485.png,4
5845,train/happy/15_ffhq_450.png,4
5846,train/happy/15_ffhq_4501.png,4
5847,train/happy/15_ffhq_4503.png,4
5848,train/happy/15_ffhq_4508.png,4
5849,train/happy/15_ffhq_451.png,4
5850,train/happy/15_ffhq_4518.png,4
5851,train/happy/15_ffhq_4529.png,4
5852,train/happy/15_ffhq_4553.png,4
5853,train/happy/15_ffhq_4554.png,4
5854,train/happy/15_ffhq_4560.png,4
5855,train/happy/15_ffhq_4564.png,4
5856,train/happy/15_ffhq_4623.png,4
5857,train/happy/15_ffhq_4627.png,4
5858,train/happy/15_ffhq_463.png,4
5859,train/happy/15_ffhq_4640.png,4
5860,train/happy/15_ffhq_4651.png,4
5861,train/happy/15_ffhq_466.png,4
5862,train/happy/15_ffhq_4661.png,4
5863,train/happy/15_ffhq_4665.png,4
5864,train/happy/15_ffhq_4677.png,4
5865,train/happy/15_ffhq_4688.png,4
5866,train/happy/15_ffhq_4702.png,4
5867,train/happy/15_ffhq_4710.png,4
5868,train/happy/15_ffhq_4720.png,4
5869,train/happy/15_ffhq_4722.png,4
5870,train/happy/15_ffhq_4727.png,4
5871,train/happy/15_ffhq_4741.png,4
5872,train/happy/15_ffhq_4754.png,4
5873,train/happy/15_ffhq_4780.png,4
5874,train/happy/15_ffhq_4784.png,4
5875,train/happy/15_ffhq_4837.png,4
5876,train/happy/15_ffhq_484.png,4
5877,train/happy/15_ffhq_4843.png,4
5878,train/happy/15_ffhq_4868.png,4
5879,train/happy/15_ffhq_4881.png,4
5880,train/happy/15_ffhq_4883.png,4
5881,train/happy/15_ffhq_4888.png,4
5882,train/happy/15_ffhq_4899.png,4
5883,train/happy/15_ffhq_4901.png,4
5884,train/happy/15_ffhq_4912.png,4
5885,train/happy/15_ffhq_4925.png,4
5886,train/happy/15_ffhq_4929.png,4
5887,train/happy/15_ffhq_4950.png,4
5888,train/happy/15_ffhq_4956.png,4
5889,train/happy/15_ffhq_496.png,4
5890,train/happy/15_ffhq_4970.png,4
5891,train/happy/15_ffhq_4985.png,4
5892,train/happy/15_ffhq_4989.png,4
5893,train/happy/15_ffhq_4997.png,4
5894,train/happy/15_ffhq_532.png,4
5895,train/happy/15_ffhq_535.png,4
5896,train/happy/15_ffhq_537.png,4
5897,train/happy/15_ffhq_542.png,4
5898,train/happy/15_ffhq_570.png,4
5899,train/happy/15_ffhq_577.png,4
5900,train/happy/15_ffhq_583.png,4
5901,train/happy/15_ffhq_590.png,4
5902,train/happy/15_ffhq_606.png,4
5903,train/happy/15_ffhq_624.png,4
5904,train/happy/15_ffhq_63.png,4
5905,train/happy/15_ffhq_631.png,4
5906,train/happy/15_ffhq_642.png,4
5907,train/happy/15_ffhq_668.png,4
5908,train/happy/15_ffhq_673.png,4
5909,train/happy/15_ffhq_677.png,4
5910,train/happy/15_ffhq_678.png,4
5911,train/happy/15_ffhq_683.png,4
5912,train/happy/15_ffhq_685.png,4
5913,train/happy/15_ffhq_700.png,4
5914,train/happy/15_ffhq_705.png,4
5915,train/happy/15_ffhq_706.png,4
5916,train/happy/15_ffhq_715.png,4
5917,train/happy/15_ffhq_726.png,4
5918,train/happy/15_ffhq_730.png,4
5919,train/happy/15_ffhq_734.png,4
5920,train/happy/15_ffhq_736.png,4
5921,train/happy/15_ffhq_749.png,4
5922,train/happy/15_ffhq_766.png,4
5923,train/happy/15_ffhq_78.png,4
5924,train/happy/15_ffhq_813.png,4
5925,train/happy/15_ffhq_85.png,4
5926,train/happy/15_ffhq_852.png,4
5927,train/happy/15_ffhq_863.png,4
5928,train/happy/15_ffhq_865.png,4
5929,train/happy/15_ffhq_866.png,4
5930,train/happy/15_ffhq_876.png,4
5931,train/happy/15_ffhq_904.png,4
5932,train/happy/15_ffhq_915.png,4
5933,train/happy/15_ffhq_919.png,4
5934,train/happy/15_ffhq_936.png,4
5935,train/happy/15_ffhq_940.png,4
5936,train/happy/15_ffhq_952.png,4
5937,train/happy/15_ffhq_953.png,4
5938,train/happy/15_ffhq_954.png,4
5939,train/happy/15_ffhq_958.png,4
5940,train/happy/15_ffhq_96.png,4
5941,train/happy/15_ffhq_977.png,4
5942,train/happy/15_ffhq_996.png,4
5943,train/happy/15_image0032399.jpg,4
5944,train/happy/15_image0032687.jpg,4
5945,train/happy/5_ffhq_10.png,4
5946,train/happy/5_ffhq_1004.png,4
5947,train/happy/5_ffhq_1006.png,4
5948,train/happy/5_ffhq_1016.png,4
5949,train/happy/5_ffhq_102.png,4
5950,train/happy/5_ffhq_1020.png,4
5951,train/happy/5_ffhq_1024.png,4
5952,train/happy/5_ffhq_1027.png,4
5953,train/happy/5_ffhq_1028.png,4
5954,train/happy/5_ffhq_1038.png,4
5955,train/happy/5_ffhq_1055.png,4
5956,train/happy/5_ffhq_1065.png,4
5957,train/happy/5_ffhq_107.png,4
5958,train/happy/5_ffhq_1070.png,4
5959,train/happy/5_ffhq_1074.png,4
5960,train/happy/5_ffhq_1075.png,4
5961,train/happy/5_ffhq_1090.png,4
5962,train/happy/5_ffhq_1093.png,4
5963,train/happy/5_ffhq_1098.png,4
5964,train/happy/5_ffhq_1101.png,4
5965,train/happy/5_ffhq_1114.png,4
5966,train/happy/5_ffhq_1131.png,4
5967,train/happy/5_ffhq_1133.png,4
5968,train/happy/5_ffhq_1135.png,4
5969,train/happy/5_ffhq_1137.png,4
5970,train/happy/5_ffhq_1141.png,4
5971,train/happy/5_ffhq_1143.png,4
5972,train/happy/5_ffhq_1153.png,4
5973,train/happy/5_ffhq_1164.png,4
5974,train/happy/5_ffhq_1200.png,4
5975,train/happy/5_ffhq_1216.png,4
5976,train/happy/5_ffhq_1224.png,4
5977,train/happy/5_ffhq_1256.png,4
5978,train/happy/5_ffhq_1261.png,4
5979,train/happy/5_ffhq_1268.png,4
5980,train/happy/5_ffhq_1272.png,4
5981,train/happy/5_ffhq_1274.png,4
5982,train/happy/5_ffhq_1277.png,4
5983,train/happy/5_ffhq_1293.png,4
5984,train/happy/5_ffhq_13.png,4
5985,train/happy/5_ffhq_1310.png,4
5986,train/happy/5_ffhq_1328.png,4
5987,train/happy/5_ffhq_1336.png,4
5988,train/happy/5_ffhq_1340.png,4
5989,train/happy/5_ffhq_1349.png,4
5990,train/happy/5_ffhq_1360.png,4
5991,train/happy/5_ffhq_1372.png,4
5992,train/happy/5_ffhq_1382.png,4
5993,train/happy/5_ffhq_1426.png,4
5994,train/happy/5_ffhq_1428.png,4
5995,train/happy/5_ffhq_1432.png,4
5996,train/happy/5_ffhq_1436.png,4
5997,train/happy/5_ffhq_1450.png,4
5998,train/happy/5_ffhq_1453.png,4
5999,train/happy/5_ffhq_1469.png,4
6000,train/happy/5_ffhq_1478.png,4
6001,train/happy/5_ffhq_1521.png,4
6002,train/happy/5_ffhq_1531.png,4
6003,train/happy/5_ffhq_1577.png,4
6004,train/happy/5_ffhq_1580.png,4
6005,train/happy/5_ffhq_1590.png,4
6006,train/happy/5_ffhq_1595.png,4
6007,train/happy/5_ffhq_1603.png,4
6008,train/happy/5_ffhq_1610.png,4
6009,train/happy/5_ffhq_1625.png,4
6010,train/happy/5_ffhq_1641.png,4
6011,train/happy/5_ffhq_1651.png,4
6012,train/happy/5_ffhq_1674.png,4
6013,train/happy/5_ffhq_1690.png,4
6014,train/happy/5_ffhq_1692.png,4
6015,train/happy/5_ffhq_1702.png,4
6016,train/happy/5_ffhq_1727.png,4
6017,train/happy/5_ffhq_1731.png,4
6018,train/happy/5_ffhq_1738.png,4
6019,train/happy/5_ffhq_1755.png,4
6020,train/happy/5_ffhq_176.png,4
6021,train/happy/5_ffhq_178.png,4
6022,train/happy/5_ffhq_1797.png,4
6023,train/happy/5_ffhq_1799.png,4
6024,train/happy/5_ffhq_183.png,4
6025,train/happy/5_ffhq_1856.png,4
6026,train/happy/5_ffhq_1876.png,4
6027,train/happy/5_ffhq_1879.png,4
6028,train/happy/5_ffhq_1898.png,4
6029,train/happy/5_ffhq_1899.png,4
6030,train/happy/5_ffhq_1900.png,4
6031,train/happy/5_ffhq_1902.png,4
6032,train/happy/5_ffhq_1907.png,4
6033,train/happy/5_ffhq_1912.png,4
6034,train/happy/5_ffhq_1941.png,4
6035,train/happy/5_ffhq_1950.png,4
6036,train/happy/5_ffhq_1953.png,4
6037,train/happy/5_ffhq_1961.png,4
6038,train/happy/5_ffhq_2001.png,4
6039,train/happy/5_ffhq_2014.png,4
6040,train/happy/5_ffhq_2019.png,4
6041,train/happy/5_ffhq_2026.png,4
6042,train/happy/5_ffhq_2038.png,4
6043,train/happy/5_ffhq_2070.png,4
6044,train/happy/5_ffhq_2082.png,4
6045,train/happy/5_ffhq_2086.png,4
6046,train/happy/5_ffhq_209.png,4
6047,train/happy/5_ffhq_2131.png,4
6048,train/happy/5_ffhq_2182.png,4
6049,train/happy/5_ffhq_2183.png,4
6050,train/happy/5_ffhq_2187.png,4
6051,train/happy/5_ffhq_2200.png,4
6052,train/happy/5_ffhq_2222.png,4
6053,train/happy/5_ffhq_2254.png,4
6054,train/happy/5_ffhq_2280.png,4
6055,train/happy/5_ffhq_2288.png,4
6056,train/happy/5_ffhq_229.png,4
6057,train/happy/5_ffhq_230.png,4
6058,train/happy/5_ffhq_2303.png,4
6059,train/happy/5_ffhq_2305.png,4
6060,train/happy/5_ffhq_2309.png,4
6061,train/happy/5_ffhq_2321.png,4
6062,train/happy/5_ffhq_234.png,4
6063,train/happy/5_ffhq_2342.png,4
6064,train/happy/5_ffhq_235.png,4
6065,train/happy/5_ffhq_2363.png,4
6066,train/happy/5_ffhq_2369.png,4
6067,train/happy/5_ffhq_2378.png,4
6068,train/happy/5_ffhq_2387.png,4
6069,train/happy/5_ffhq_239.png,4
6070,train/happy/5_ffhq_2406.png,4
6071,train/happy/5_ffhq_2411.png,4
6072,train/happy/5_ffhq_2417.png,4
6073,train/happy/5_ffhq_2422.png,4
6074,train/happy/5_ffhq_2453.png,4
6075,train/happy/5_ffhq_2491.png,4
6076,train/happy/5_ffhq_2493.png,4
6077,train/happy/5_ffhq_2497.png,4
6078,train/happy/5_ffhq_2508.png,4
6079,train/happy/5_ffhq_2525.png,4
6080,train/happy/5_ffhq_2528.png,4
6081,train/happy/5_ffhq_253.png,4
6082,train/happy/5_ffhq_2541.png,4
6083,train/happy/5_ffhq_2542.png,4
6084,train/happy/5_ffhq_2548.png,4
6085,train/happy/5_ffhq_2577.png,4
6086,train/happy/5_ffhq_2583.png,4
6087,train/happy/5_ffhq_2594.png,4
6088,train/happy/5_ffhq_2596.png,4
6089,train/happy/5_ffhq_2599.png,4
6090,train/happy/5_ffhq_2601.png,4
6091,train/happy/5_ffhq_2607.png,4
6092,train/happy/5_ffhq_2618.png,4
6093,train/happy/5_ffhq_2627.png,4
6094,train/happy/5_ffhq_2635.png,4
6095,train/happy/5_ffhq_2644.png,4
6096,train/happy/5_ffhq_2649.png,4
6097,train/happy/5_ffhq_2651.png,4
6098,train/happy/5_ffhq_2660.png,4
6099,train/happy/5_ffhq_2661.png,4
6100,train/happy/5_ffhq_2684.png,4
6101,train/happy/5_ffhq_2690.png,4
6102,train/happy/5_ffhq_2695.png,4
6103,train/happy/5_ffhq_2701.png,4
6104,train/happy/5_ffhq_2704.png,4
6105,train/happy/5_ffhq_2710.png,4
6106,train/happy/5_ffhq_2742.png,4
6107,train/happy/5_ffhq_2767.png,4
6108,train/happy/5_ffhq_2780.png,4
6109,train/happy/5_ffhq_2786.png,4
6110,train/happy/5_ffhq_2788.png,4
6111,train/happy/5_ffhq_2791.png,4
6112,train/happy/5_ffhq_2802.png,4
6113,train/happy/5_ffhq_2818.png,4
6114,train/happy/5_ffhq_2827.png,4
6115,train/happy/5_ffhq_2839.png,4
6116,train/happy/5_ffhq_2856.png,4
6117,train/happy/5_ffhq_2860.png,4
6118,train/happy/5_ffhq_287.png,4
6119,train/happy/5_ffhq_2877.png,4
6120,train/happy/5_ffhq_2882.png,4
6121,train/happy/5_ffhq_289.png,4
6122,train/happy/5_ffhq_2891.png,4
6123,train/happy/5_ffhq_2893.png,4
6124,train/happy/5_ffhq_2924.png,4
6125,train/happy/5_ffhq_2950.png,4
6126,train/happy/5_ffhq_2955.png,4
6127,train/happy/5_ffhq_2962.png,4
6128,train/happy/5_ffhq_2975.png,4
6129,train/happy/5_ffhq_2978.png,4
6130,train/happy/5_ffhq_3000.png,4
6131,train/happy/5_ffhq_3010.png,4
6132,train/happy/5_ffhq_3022.png,4
6133,train/happy/5_ffhq_3023.png,4
6134,train/happy/5_ffhq_3043.png,4
6135,train/happy/5_ffhq_305.png,4
6136,train/happy/5_ffhq_3055.png,4
6137,train/happy/5_ffhq_3057.png,4
6138,train/happy/5_ffhq_3060.png,4
6139,train/happy/5_ffhq_3066.png,4
6140,train/happy/5_ffhq_3067.png,4
6141,train/happy/5_ffhq_3078.png,4
6142,train/happy/5_ffhq_3079.png,4
6143,train/happy/5_ffhq_3081.png,4
6144,train/happy/5_ffhq_3084.png,4
6145,train/happy/5_ffhq_3091.png,4
6146,train/happy/5_ffhq_3094.png,4
6147,train/happy/5_ffhq_3113.png,4
6148,train/happy/5_ffhq_3116.png,4
6149,train/happy/5_ffhq_312.png,4
6150,train/happy/5_ffhq_3120.png,4
6151,train/happy/5_ffhq_3128.png,4
6152,train/happy/5_ffhq_3151.png,4
6153,train/happy/5_ffhq_3155.png,4
6154,train/happy/5_ffhq_3156.png,4
6155,train/happy/5_ffhq_3158.png,4
6156,train/happy/5_ffhq_3162.png,4
6157,train/happy/5_ffhq_3163.png,4
6158,train/happy/5_ffhq_3176.png,4
6159,train/happy/5_ffhq_32.png,4
6160,train/happy/5_ffhq_3210.png,4
6161,train/happy/5_ffhq_3211.png,4
6162,train/happy/5_ffhq_3212.png,4
6163,train/happy/5_ffhq_3218.png,4
6164,train/happy/5_ffhq_322.png,4
6165,train/happy/5_ffhq_3220.png,4
6166,train/happy/5_ffhq_3237.png,4
6167,train/happy/5_ffhq_325.png,4
6168,train/happy/5_ffhq_3255.png,4
6169,train/happy/5_ffhq_3259.png,4
6170,train/happy/5_ffhq_3271.png,4
6171,train/happy/5_ffhq_3276.png,4
6172,train/happy/5_ffhq_3301.png,4
6173,train/happy/5_ffhq_3317.png,4
6174,train/happy/5_ffhq_332.png,4
6175,train/happy/5_ffhq_3327.png,4
6176,train/happy/5_ffhq_333.png,4
6177,train/happy/5_ffhq_334.png,4
6178,train/happy/5_ffhq_337.png,4
6179,train/happy/5_ffhq_338.png,4
6180,train/happy/5_ffhq_3381.png,4
6181,train/happy/5_ffhq_3395.png,4
6182,train/happy/5_ffhq_3404.png,4
6183,train/happy/5_ffhq_3410.png,4
6184,train/happy/5_ffhq_3411.png,4
6185,train/happy/5_ffhq_3413.png,4
6186,train/happy/5_ffhq_3428.png,4
6187,train/happy/5_ffhq_3450.png,4
6188,train/happy/5_ffhq_3465.png,4
6189,train/happy/5_ffhq_3478.png,4
6190,train/happy/5_ffhq_3495.png,4
6191,train/happy/5_ffhq_35.png,4
6192,train/happy/5_ffhq_3500.png,4
6193,train/happy/5_ffhq_3523.png,4
6194,train/happy/5_ffhq_3535.png,4
6195,train/happy/5_ffhq_3536.png,4
6196,train/happy/5_ffhq_3540.png,4
6197,train/happy/5_ffhq_355.png,4
6198,train/happy/5_ffhq_3576.png,4
6199,train/happy/5_ffhq_3580.png,4
6200,train/happy/5_ffhq_3598.png,4
6201,train/happy/5_ffhq_3605.png,4
6202,train/happy/5_ffhq_3606.png,4
6203,train/happy/5_ffhq_3612.png,4
6204,train/happy/5_ffhq_3614.png,4
6205,train/happy/5_ffhq_3627.png,4
6206,train/happy/5_ffhq_3642.png,4
6207,train/happy/5_ffhq_3650.png,4
6208,train/happy/5_ffhq_3657.png,4
6209,train/happy/5_ffhq_3661.png,4
6210,train/happy/5_ffhq_3669.png,4
6211,train/happy/5_ffhq_3670.png,4
6212,train/happy/5_ffhq_3703.png,4
6213,train/happy/5_ffhq_3709.png,4
6214,train/happy/5_ffhq_3743.png,4
6215,train/happy/5_ffhq_3747.png,4
6216,train/happy/5_ffhq_3763.png,4
6217,train/happy/5_ffhq_3765.png,4
6218,train/happy/5_ffhq_3769.png,4
6219,train/happy/5_ffhq_3771.png,4
6220,train/happy/5_ffhq_3772.png,4
6221,train/happy/5_ffhq_378.png,4
6222,train/happy/5_ffhq_3825.png,4
6223,train/happy/5_ffhq_3833.png,4
6224,train/happy/5_ffhq_3838.png,4
6225,train/happy/5_ffhq_3850.png,4
6226,train/happy/5_ffhq_3909.png,4
6227,train/happy/5_ffhq_3917.png,4
6228,train/happy/5_ffhq_3941.png,4
6229,train/happy/5_ffhq_3951.png,4
6230,train/happy/5_ffhq_3954.png,4
6231,train/happy/5_ffhq_3959.png,4
6232,train/happy/5_ffhq_396.png,4
6233,train/happy/5_ffhq_3966.png,4
6234,train/happy/5_ffhq_3980.png,4
6235,train/happy/5_ffhq_3981.png,4
6236,train/happy/5_ffhq_3988.png,4
6237,train/happy/5_ffhq_40.png,4
6238,train/happy/5_ffhq_4009.png,4
6239,train/happy/5_ffhq_4011.png,4
6240,train/happy/5_ffhq_4014.png,4
6241,train/happy/5_ffhq_4022.png,4
6242,train/happy/5_ffhq_4052.png,4
6243,train/happy/5_ffhq_4055.png,4
6244,train/happy/5_ffhq_4061.png,4
6245,train/happy/5_ffhq_4085.png,4
6246,train/happy/5_ffhq_4091.png,4
6247,train/happy/5_ffhq_4134.png,4
6248,train/happy/5_ffhq_4151.png,4
6249,train/happy/5_ffhq_4153.png,4
6250,train/happy/5_ffhq_4157.png,4
6251,train/happy/5_ffhq_4189.png,4
6252,train/happy/5_ffhq_4191.png,4
6253,train/happy/5_ffhq_4192.png,4
6254,train/happy/5_ffhq_4200.png,4
6255,train/happy/5_ffhq_4219.png,4
6256,train/happy/5_ffhq_4227.png,4
6257,train/happy/5_ffhq_4232.png,4
6258,train/happy/5_ffhq_4269.png,4
6259,train/happy/5_ffhq_4279.png,4
6260,train/happy/5_ffhq_4281.png,4
6261,train/happy/5_ffhq_4296.png,4
6262,train/happy/5_ffhq_430.png,4
6263,train/happy/5_ffhq_4325.png,4
6264,train/happy/5_ffhq_4331.png,4
6265,train/happy/5_ffhq_4334.png,4
6266,train/happy/5_ffhq_434.png,4
6267,train/happy/5_ffhq_4350.png,4
6268,train/happy/5_ffhq_4360.png,4
6269,train/happy/5_ffhq_4363.png,4
6270,train/happy/5_ffhq_4368.png,4
6271,train/happy/5_ffhq_4375.png,4
6272,train/happy/5_ffhq_4379.png,4
6273,train/happy/5_ffhq_4387.png,4
6274,train/happy/5_ffhq_4397.png,4
6275,train/happy/5_ffhq_441.png,4
6276,train/happy/5_ffhq_4422.png,4
6277,train/happy/5_ffhq_4424.png,4
6278,train/happy/5_ffhq_4436.png,4
6279,train/happy/5_ffhq_4439.png,4
6280,train/happy/5_ffhq_4441.png,4
6281,train/happy/5_ffhq_4448.png,4
6282,train/happy/5_ffhq_4457.png,4
6283,train/happy/5_ffhq_4458.png,4
6284,train/happy/5_ffhq_4476.png,4
6285,train/happy/5_ffhq_4479.png,4
6286,train/happy/5_ffhq_4497.png,4
6287,train/happy/5_ffhq_4508.png,4
6288,train/happy/5_ffhq_4536.png,4
6289,train/happy/5_ffhq_4538.png,4
6290,train/happy/5_ffhq_454.png,4
6291,train/happy/5_ffhq_4544.png,4
6292,train/happy/5_ffhq_4546.png,4
6293,train/happy/5_ffhq_4598.png,4
6294,train/happy/5_ffhq_46.png,4
6295,train/happy/5_ffhq_4600.png,4
6296,train/happy/5_ffhq_4601.png,4
6297,train/happy/5_ffhq_4632.png,4
6298,train/happy/5_ffhq_4636.png,4
6299,train/happy/5_ffhq_4647.png,4
6300,train/happy/5_ffhq_4671.png,4
6301,train/happy/5_ffhq_4690.png,4
6302,train/happy/5_ffhq_4694.png,4
6303,train/happy/5_ffhq_475.png,4
6304,train/happy/5_ffhq_4777.png,4
6305,train/happy/5_ffhq_4798.png,4
6306,train/happy/5_ffhq_48.png,4
6307,train/happy/5_ffhq_480.png,4
6308,train/happy/5_ffhq_4835.png,4
6309,train/happy/5_ffhq_4836.png,4
6310,train/happy/5_ffhq_4852.png,4
6311,train/happy/5_ffhq_4856.png,4
6312,train/happy/5_ffhq_4860.png,4
6313,train/happy/5_ffhq_4874.png,4
6314,train/happy/5_ffhq_4876.png,4
6315,train/happy/5_ffhq_4889.png,4
6316,train/happy/5_ffhq_4902.png,4
6317,train/happy/5_ffhq_4907.png,4
6318,train/happy/5_ffhq_4947.png,4
6319,train/happy/5_ffhq_4966.png,4
6320,train/happy/5_ffhq_4968.png,4
6321,train/happy/5_ffhq_4982.png,4
6322,train/happy/5_ffhq_522.png,4
6323,train/happy/5_ffhq_532.png,4
6324,train/happy/5_ffhq_54.png,4
6325,train/happy/5_ffhq_541.png,4
6326,train/happy/5_ffhq_575.png,4
6327,train/happy/5_ffhq_580.png,4
6328,train/happy/5_ffhq_596.png,4
6329,train/happy/5_ffhq_603.png,4
6330,train/happy/5_ffhq_612.png,4
6331,train/happy/5_ffhq_619.png,4
6332,train/happy/5_ffhq_638.png,4
6333,train/happy/5_ffhq_64.png,4
6334,train/happy/5_ffhq_643.png,4
6335,train/happy/5_ffhq_644.png,4
6336,train/happy/5_ffhq_694.png,4
6337,train/happy/5_ffhq_697.png,4
6338,train/happy/5_ffhq_700.png,4
6339,train/happy/5_ffhq_720.png,4
6340,train/happy/5_ffhq_750.png,4
6341,train/happy/5_ffhq_757.png,4
6342,train/happy/5_ffhq_762.png,4
6343,train/happy/5_ffhq_765.png,4
6344,train/happy/5_ffhq_775.png,4
6345,train/happy/5_ffhq_789.png,4
6346,train/happy/5_ffhq_79.png,4
6347,train/happy/5_ffhq_798.png,4
6348,train/happy/5_ffhq_802.png,4
6349,train/happy/5_ffhq_855.png,4
6350,train/happy/5_ffhq_863.png,4
6351,train/happy/5_ffhq_869.png,4
6352,train/happy/5_ffhq_88.png,4
6353,train/happy/5_ffhq_894.png,4
6354,train/happy/5_ffhq_901.png,4
6355,train/happy/5_ffhq_907.png,4
6356,train/happy/5_ffhq_924.png,4
6357,train/happy/5_ffhq_929.png,4
6358,train/happy/5_ffhq_948.png,4
6359,train/happy/5_ffhq_949.png,4
6360,train/happy/5_ffhq_956.png,4
6361,train/happy/5_ffhq_999.png,4
6362,train/happy/5_image0027260.jpg,4
6363,train/happy/5_image0028871.jpg,4
6364,train/happy/5_image0031056.jpg,4
6365,train/happy/5_image0031673.jpg,4
6366,train/neutral/10_ffhq_1001.png,5
6367,train/neutral/10_ffhq_102.png,5
6368,train/neutral/10_ffhq_1033.png,5
6369,train/neutral/10_ffhq_1049.png,5
6370,train/neutral/10_ffhq_1052.png,5
6371,train/neutral/10_ffhq_1057.png,5
6372,train/neutral/10_ffhq_1064.png,5
6373,train/neutral/10_ffhq_1079.png,5
6374,train/neutral/10_ffhq_108.png,5
6375,train/neutral/10_ffhq_1083.png,5
6376,train/neutral/10_ffhq_1118.png,5
6377,train/neutral/10_ffhq_1121.png,5
6378,train/neutral/10_ffhq_1147.png,5
6379,train/neutral/10_ffhq_115.png,5
6380,train/neutral/10_ffhq_1156.png,5
6381,train/neutral/10_ffhq_1160.png,5
6382,train/neutral/10_ffhq_1161.png,5
6383,train/neutral/10_ffhq_1166.png,5
6384,train/neutral/10_ffhq_1177.png,5
6385,train/neutral/10_ffhq_1179.png,5
6386,train/neutral/10_ffhq_1190.png,5
6387,train/neutral/10_ffhq_1198.png,5
6388,train/neutral/10_ffhq_12.png,5
6389,train/neutral/10_ffhq_121.png,5
6390,train/neutral/10_ffhq_1211.png,5
6391,train/neutral/10_ffhq_1214.png,5
6392,train/neutral/10_ffhq_1218.png,5
6393,train/neutral/10_ffhq_1225.png,5
6394,train/neutral/10_ffhq_129.png,5
6395,train/neutral/10_ffhq_1297.png,5
6396,train/neutral/10_ffhq_1301.png,5
6397,train/neutral/10_ffhq_1302.png,5
6398,train/neutral/10_ffhq_1325.png,5
6399,train/neutral/10_ffhq_1350.png,5
6400,train/neutral/10_ffhq_1372.png,5
6401,train/neutral/10_ffhq_1400.png,5
6402,train/neutral/10_ffhq_1426.png,5
6403,train/neutral/10_ffhq_1438.png,5
6404,train/neutral/10_ffhq_1439.png,5
6405,train/neutral/10_ffhq_1456.png,5
6406,train/neutral/10_ffhq_1461.png,5
6407,train/neutral/10_ffhq_1463.png,5
6408,train/neutral/10_ffhq_1466.png,5
6409,train/neutral/10_ffhq_1487.png,5
6410,train/neutral/10_ffhq_149.png,5
6411,train/neutral/10_ffhq_1502.png,5
6412,train/neutral/10_ffhq_1516.png,5
6413,train/neutral/10_ffhq_1522.png,5
6414,train/neutral/10_ffhq_1530.png,5
6415,train/neutral/10_ffhq_1552.png,5
6416,train/neutral/10_ffhq_1568.png,5
6417,train/neutral/10_ffhq_1579.png,5
6418,train/neutral/10_ffhq_158.png,5
6419,train/neutral/10_ffhq_1587.png,5
6420,train/neutral/10_ffhq_1591.png,5
6421,train/neutral/10_ffhq_1608.png,5
6422,train/neutral/10_ffhq_1617.png,5
6423,train/neutral/10_ffhq_163.png,5
6424,train/neutral/10_ffhq_1669.png,5
6425,train/neutral/10_ffhq_1672.png,5
6426,train/neutral/10_ffhq_1677.png,5
6427,train/neutral/10_ffhq_168.png,5
6428,train/neutral/10_ffhq_1681.png,5
6429,train/neutral/10_ffhq_1691.png,5
6430,train/neutral/10_ffhq_1694.png,5
6431,train/neutral/10_ffhq_1699.png,5
6432,train/neutral/10_ffhq_1706.png,5
6433,train/neutral/10_ffhq_171.png,5
6434,train/neutral/10_ffhq_1751.png,5
6435,train/neutral/10_ffhq_1757.png,5
6436,train/neutral/10_ffhq_1766.png,5
6437,train/neutral/10_ffhq_1780.png,5
6438,train/neutral/10_ffhq_1796.png,5
6439,train/neutral/10_ffhq_1803.png,5
6440,train/neutral/10_ffhq_1811.png,5
6441,train/neutral/10_ffhq_1825.png,5
6442,train/neutral/10_ffhq_1832.png,5
6443,train/neutral/10_ffhq_1834.png,5
6444,train/neutral/10_ffhq_1836.png,5
6445,train/neutral/10_ffhq_1856.png,5
6446,train/neutral/10_ffhq_1868.png,5
6447,train/neutral/10_ffhq_1873.png,5
6448,train/neutral/10_ffhq_1887.png,5
6449,train/neutral/10_ffhq_19.png,5
6450,train/neutral/10_ffhq_1908.png,5
6451,train/neutral/10_ffhq_192.png,5
6452,train/neutral/10_ffhq_1922.png,5
6453,train/neutral/10_ffhq_1942.png,5
6454,train/neutral/10_ffhq_1944.png,5
6455,train/neutral/10_ffhq_1946.png,5
6456,train/neutral/10_ffhq_1950.png,5
6457,train/neutral/10_ffhq_1987.png,5
6458,train/neutral/10_ffhq_1996.png,5
6459,train/neutral/10_ffhq_2011.png,5
6460,train/neutral/10_ffhq_202.png,5
6461,train/neutral/10_ffhq_2025.png,5
6462,train/neutral/10_ffhq_2028.png,5
6463,train/neutral/10_ffhq_2045.png,5
6464,train/neutral/10_ffhq_2057.png,5
6465,train/neutral/10_ffhq_2062.png,5
6466,train/neutral/10_ffhq_2078.png,5
6467,train/neutral/10_ffhq_2089.png,5
6468,train/neutral/10_ffhq_21.png,5
6469,train/neutral/10_ffhq_211.png,5
6470,train/neutral/10_ffhq_2115.png,5
6471,train/neutral/10_ffhq_2130.png,5
6472,train/neutral/10_ffhq_2141.png,5
6473,train/neutral/10_ffhq_217.png,5
6474,train/neutral/10_ffhq_2180.png,5
6475,train/neutral/10_ffhq_2182.png,5
6476,train/neutral/10_ffhq_2189.png,5
6477,train/neutral/10_ffhq_2197.png,5
6478,train/neutral/10_ffhq_2208.png,5
6479,train/neutral/10_ffhq_2227.png,5
6480,train/neutral/10_ffhq_2241.png,5
6481,train/neutral/10_ffhq_2246.png,5
6482,train/neutral/10_ffhq_2262.png,5
6483,train/neutral/10_ffhq_2264.png,5
6484,train/neutral/10_ffhq_2273.png,5
6485,train/neutral/10_ffhq_228.png,5
6486,train/neutral/10_ffhq_2285.png,5
6487,train/neutral/10_ffhq_2296.png,5
6488,train/neutral/10_ffhq_2298.png,5
6489,train/neutral/10_ffhq_2300.png,5
6490,train/neutral/10_ffhq_2307.png,5
6491,train/neutral/10_ffhq_2309.png,5
6492,train/neutral/10_ffhq_231.png,5
6493,train/neutral/10_ffhq_2315.png,5
6494,train/neutral/10_ffhq_2316.png,5
6495,train/neutral/10_ffhq_2320.png,5
6496,train/neutral/10_ffhq_2336.png,5
6497,train/neutral/10_ffhq_2347.png,5
6498,train/neutral/10_ffhq_2348.png,5
6499,train/neutral/10_ffhq_235.png,5
6500,train/neutral/10_ffhq_2352.png,5
6501,train/neutral/10_ffhq_2357.png,5
6502,train/neutral/10_ffhq_2376.png,5
6503,train/neutral/10_ffhq_238.png,5
6504,train/neutral/10_ffhq_2391.png,5
6505,train/neutral/10_ffhq_2396.png,5
6506,train/neutral/10_ffhq_24.png,5
6507,train/neutral/10_ffhq_2410.png,5
6508,train/neutral/10_ffhq_2439.png,5
6509,train/neutral/10_ffhq_2452.png,5
6510,train/neutral/10_ffhq_2456.png,5
6511,train/neutral/10_ffhq_2467.png,5
6512,train/neutral/10_ffhq_2486.png,5
6513,train/neutral/10_ffhq_2497.png,5
6514,train/neutral/10_ffhq_2504.png,5
6515,train/neutral/10_ffhq_2531.png,5
6516,train/neutral/10_ffhq_2546.png,5
6517,train/neutral/10_ffhq_2551.png,5
6518,train/neutral/10_ffhq_2560.png,5
6519,train/neutral/10_ffhq_2563.png,5
6520,train/neutral/10_ffhq_2577.png,5
6521,train/neutral/10_ffhq_2595.png,5
6522,train/neutral/10_ffhq_2611.png,5
6523,train/neutral/10_ffhq_2619.png,5
6524,train/neutral/10_ffhq_2628.png,5
6525,train/neutral/10_ffhq_2643.png,5
6526,train/neutral/10_ffhq_2665.png,5
6527,train/neutral/10_ffhq_2667.png,5
6528,train/neutral/10_ffhq_2672.png,5
6529,train/neutral/10_ffhq_268.png,5
6530,train/neutral/10_ffhq_2688.png,5
6531,train/neutral/10_ffhq_2695.png,5
6532,train/neutral/10_ffhq_2705.png,5
6533,train/neutral/10_ffhq_2712.png,5
6534,train/neutral/10_ffhq_2726.png,5
6535,train/neutral/10_ffhq_2737.png,5
6536,train/neutral/10_ffhq_2742.png,5
6537,train/neutral/10_ffhq_2745.png,5
6538,train/neutral/10_ffhq_2746.png,5
6539,train/neutral/10_ffhq_275.png,5
6540,train/neutral/10_ffhq_2755.png,5
6541,train/neutral/10_ffhq_2761.png,5
6542,train/neutral/10_ffhq_2770.png,5
6543,train/neutral/10_ffhq_2778.png,5
6544,train/neutral/10_ffhq_2782.png,5
6545,train/neutral/10_ffhq_2783.png,5
6546,train/neutral/10_ffhq_2786.png,5
6547,train/neutral/10_ffhq_2791.png,5
6548,train/neutral/10_ffhq_2800.png,5
6549,train/neutral/10_ffhq_2802.png,5
6550,train/neutral/10_ffhq_2804.png,5
6551,train/neutral/10_ffhq_2805.png,5
6552,train/neutral/10_ffhq_281.png,5
6553,train/neutral/10_ffhq_2819.png,5
6554,train/neutral/10_ffhq_2832.png,5
6555,train/neutral/10_ffhq_2838.png,5
6556,train/neutral/10_ffhq_284.png,5
6557,train/neutral/10_ffhq_2844.png,5
6558,train/neutral/10_ffhq_2845.png,5
6559,train/neutral/10_ffhq_2846.png,5
6560,train/neutral/10_ffhq_2851.png,5
6561,train/neutral/10_ffhq_2855.png,5
6562,train/neutral/10_ffhq_2860.png,5
6563,train/neutral/10_ffhq_2863.png,5
6564,train/neutral/10_ffhq_2870.png,5
6565,train/neutral/10_ffhq_2877.png,5
6566,train/neutral/10_ffhq_2883.png,5
6567,train/neutral/10_ffhq_2887.png,5
6568,train/neutral/10_ffhq_2901.png,5
6569,train/neutral/10_ffhq_2903.png,5
6570,train/neutral/10_ffhq_2923.png,5
6571,train/neutral/10_ffhq_2924.png,5
6572,train/neutral/10_ffhq_295.png,5
6573,train/neutral/10_ffhq_2970.png,5
6574,train/neutral/10_ffhq_2980.png,5
6575,train/neutral/10_ffhq_2991.png,5
6576,train/neutral/10_ffhq_2995.png,5
6577,train/neutral/10_ffhq_3052.png,5
6578,train/neutral/10_ffhq_3054.png,5
6579,train/neutral/10_ffhq_3058.png,5
6580,train/neutral/10_ffhq_3071.png,5
6581,train/neutral/10_ffhq_320.png,5
6582,train/neutral/10_ffhq_323.png,5
6583,train/neutral/10_ffhq_332.png,5
6584,train/neutral/10_ffhq_349.png,5
6585,train/neutral/10_ffhq_356.png,5
6586,train/neutral/10_ffhq_3739.png,5
6587,train/neutral/10_ffhq_3752.png,5
6588,train/neutral/10_ffhq_3769.png,5
6589,train/neutral/10_ffhq_3782.png,5
6590,train/neutral/10_ffhq_3789.png,5
6591,train/neutral/10_ffhq_3805.png,5
6592,train/neutral/10_ffhq_3816.png,5
6593,train/neutral/10_ffhq_3836.png,5
6594,train/neutral/10_ffhq_3843.png,5
6595,train/neutral/10_ffhq_3864.png,5
6596,train/neutral/10_ffhq_387.png,5
6597,train/neutral/10_ffhq_3874.png,5
6598,train/neutral/10_ffhq_3899.png,5
6599,train/neutral/10_ffhq_391.png,5
6600,train/neutral/10_ffhq_3942.png,5
6601,train/neutral/10_ffhq_3962.png,5
6602,train/neutral/10_ffhq_3964.png,5
6603,train/neutral/10_ffhq_3971.png,5
6604,train/neutral/10_ffhq_3972.png,5
6605,train/neutral/10_ffhq_4026.png,5
6606,train/neutral/10_ffhq_4065.png,5
6607,train/neutral/10_ffhq_4070.png,5
6608,train/neutral/10_ffhq_4090.png,5
6609,train/neutral/10_ffhq_4091.png,5
6610,train/neutral/10_ffhq_4108.png,5
6611,train/neutral/10_ffhq_4109.png,5
6612,train/neutral/10_ffhq_4116.png,5
6613,train/neutral/10_ffhq_4124.png,5
6614,train/neutral/10_ffhq_4129.png,5
6615,train/neutral/10_ffhq_413.png,5
6616,train/neutral/10_ffhq_418.png,5
6617,train/neutral/10_ffhq_4181.png,5
6618,train/neutral/10_ffhq_4198.png,5
6619,train/neutral/10_ffhq_4199.png,5
6620,train/neutral/10_ffhq_4206.png,5
6621,train/neutral/10_ffhq_4211.png,5
6622,train/neutral/10_ffhq_4217.png,5
6623,train/neutral/10_ffhq_4225.png,5
6624,train/neutral/10_ffhq_4230.png,5
6625,train/neutral/10_ffhq_4235.png,5
6626,train/neutral/10_ffhq_4244.png,5
6627,train/neutral/10_ffhq_4266.png,5
6628,train/neutral/10_ffhq_4274.png,5
6629,train/neutral/10_ffhq_4291.png,5
6630,train/neutral/10_ffhq_4320.png,5
6631,train/neutral/10_ffhq_4332.png,5
6632,train/neutral/10_ffhq_4351.png,5
6633,train/neutral/10_ffhq_4357.png,5
6634,train/neutral/10_ffhq_4367.png,5
6635,train/neutral/10_ffhq_4371.png,5
6636,train/neutral/10_ffhq_4374.png,5
6637,train/neutral/10_ffhq_4384.png,5
6638,train/neutral/10_ffhq_4400.png,5
6639,train/neutral/10_ffhq_4415.png,5
6640,train/neutral/10_ffhq_4422.png,5
6641,train/neutral/10_ffhq_4429.png,5
6642,train/neutral/10_ffhq_4434.png,5
6643,train/neutral/10_ffhq_4459.png,5
6644,train/neutral/10_ffhq_4469.png,5
6645,train/neutral/10_ffhq_45.png,5
6646,train/neutral/10_ffhq_450.png,5
6647,train/neutral/10_ffhq_4536.png,5
6648,train/neutral/10_ffhq_4540.png,5
6649,train/neutral/10_ffhq_4546.png,5
6650,train/neutral/10_ffhq_4568.png,5
6651,train/neutral/10_ffhq_4573.png,5
6652,train/neutral/10_ffhq_4584.png,5
6653,train/neutral/10_ffhq_4596.png,5
6654,train/neutral/10_ffhq_4602.png,5
6655,train/neutral/10_ffhq_462.png,5
6656,train/neutral/10_ffhq_4639.png,5
6657,train/neutral/10_ffhq_4681.png,5
6658,train/neutral/10_ffhq_4732.png,5
6659,train/neutral/10_ffhq_4739.png,5
6660,train/neutral/10_ffhq_474.png,5
6661,train/neutral/10_ffhq_476.png,5
6662,train/neutral/10_ffhq_4765.png,5
6663,train/neutral/10_ffhq_4775.png,5
6664,train/neutral/10_ffhq_4777.png,5
6665,train/neutral/10_ffhq_4785.png,5
6666,train/neutral/10_ffhq_4787.png,5
6667,train/neutral/10_ffhq_4791.png,5
6668,train/neutral/10_ffhq_480.png,5
6669,train/neutral/10_ffhq_4827.png,5
6670,train/neutral/10_ffhq_4830.png,5
6671,train/neutral/10_ffhq_4834.png,5
6672,train/neutral/10_ffhq_484.png,5
6673,train/neutral/10_ffhq_4844.png,5
6674,train/neutral/10_ffhq_4852.png,5
6675,train/neutral/10_ffhq_4855.png,5
6676,train/neutral/10_ffhq_4857.png,5
6677,train/neutral/10_ffhq_4858.png,5
6678,train/neutral/10_ffhq_4862.png,5
6679,train/neutral/10_ffhq_4867.png,5
6680,train/neutral/10_ffhq_4890.png,5
6681,train/neutral/10_ffhq_4897.png,5
6682,train/neutral/10_ffhq_4899.png,5
6683,train/neutral/10_ffhq_4906.png,5
6684,train/neutral/10_ffhq_4913.png,5
6685,train/neutral/10_ffhq_4928.png,5
6686,train/neutral/10_ffhq_4945.png,5
6687,train/neutral/10_ffhq_4988.png,5
6688,train/neutral/10_ffhq_5000.png,5
6689,train/neutral/10_ffhq_5044.png,5
6690,train/neutral/10_ffhq_5059.png,5
6691,train/neutral/10_ffhq_5101.png,5
6692,train/neutral/10_ffhq_5119.png,5
6693,train/neutral/10_ffhq_5126.png,5
6694,train/neutral/10_ffhq_515.png,5
6695,train/neutral/10_ffhq_5151.png,5
6696,train/neutral/10_ffhq_5157.png,5
6697,train/neutral/10_ffhq_5176.png,5
6698,train/neutral/10_ffhq_5180.png,5
6699,train/neutral/10_ffhq_5184.png,5
6700,train/neutral/10_ffhq_519.png,5
6701,train/neutral/10_ffhq_5202.png,5
6702,train/neutral/10_ffhq_5249.png,5
6703,train/neutral/10_ffhq_5252.png,5
6704,train/neutral/10_ffhq_5261.png,5
6705,train/neutral/10_ffhq_5267.png,5
6706,train/neutral/10_ffhq_5278.png,5
6707,train/neutral/10_ffhq_528.png,5
6708,train/neutral/10_ffhq_5296.png,5
6709,train/neutral/10_ffhq_5298.png,5
6710,train/neutral/10_ffhq_5304.png,5
6711,train/neutral/10_ffhq_5322.png,5
6712,train/neutral/10_ffhq_533.png,5
6713,train/neutral/10_ffhq_5339.png,5
6714,train/neutral/10_ffhq_5342.png,5
6715,train/neutral/10_ffhq_5352.png,5
6716,train/neutral/10_ffhq_5355.png,5
6717,train/neutral/10_ffhq_5367.png,5
6718,train/neutral/10_ffhq_5371.png,5
6719,train/neutral/10_ffhq_5373.png,5
6720,train/neutral/10_ffhq_5375.png,5
6721,train/neutral/10_ffhq_5386.png,5
6722,train/neutral/10_ffhq_5388.png,5
6723,train/neutral/10_ffhq_5398.png,5
6724,train/neutral/10_ffhq_5413.png,5
6725,train/neutral/10_ffhq_5416.png,5
6726,train/neutral/10_ffhq_5423.png,5
6727,train/neutral/10_ffhq_5432.png,5
6728,train/neutral/10_ffhq_545.png,5
6729,train/neutral/10_ffhq_5451.png,5
6730,train/neutral/10_ffhq_5453.png,5
6731,train/neutral/10_ffhq_5472.png,5
6732,train/neutral/10_ffhq_55.png,5
6733,train/neutral/10_ffhq_5527.png,5
6734,train/neutral/10_ffhq_5528.png,5
6735,train/neutral/10_ffhq_5541.png,5
6736,train/neutral/10_ffhq_5558.png,5
6737,train/neutral/10_ffhq_5577.png,5
6738,train/neutral/10_ffhq_5579.png,5
6739,train/neutral/10_ffhq_5594.png,5
6740,train/neutral/10_ffhq_5596.png,5
6741,train/neutral/10_ffhq_5605.png,5
6742,train/neutral/10_ffhq_5613.png,5
6743,train/neutral/10_ffhq_5625.png,5
6744,train/neutral/10_ffhq_5633.png,5
6745,train/neutral/10_ffhq_5650.png,5
6746,train/neutral/10_ffhq_5663.png,5
6747,train/neutral/10_ffhq_575.png,5
6748,train/neutral/10_ffhq_582.png,5
6749,train/neutral/10_ffhq_608.png,5
6750,train/neutral/10_ffhq_616.png,5
6751,train/neutral/10_ffhq_624.png,5
6752,train/neutral/10_ffhq_643.png,5
6753,train/neutral/10_ffhq_645.png,5
6754,train/neutral/10_ffhq_653.png,5
6755,train/neutral/10_ffhq_663.png,5
6756,train/neutral/10_ffhq_665.png,5
6757,train/neutral/10_ffhq_679.png,5
6758,train/neutral/10_ffhq_684.png,5
6759,train/neutral/10_ffhq_688.png,5
6760,train/neutral/10_ffhq_690.png,5
6761,train/neutral/10_ffhq_7.png,5
6762,train/neutral/10_ffhq_735.png,5
6763,train/neutral/10_ffhq_752.png,5
6764,train/neutral/10_ffhq_754.png,5
6765,train/neutral/10_ffhq_759.png,5
6766,train/neutral/10_ffhq_771.png,5
6767,train/neutral/10_ffhq_78.png,5
6768,train/neutral/10_ffhq_780.png,5
6769,train/neutral/10_ffhq_790.png,5
6770,train/neutral/10_ffhq_799.png,5
6771,train/neutral/10_ffhq_809.png,5
6772,train/neutral/10_ffhq_828.png,5
6773,train/neutral/10_ffhq_830.png,5
6774,train/neutral/10_ffhq_845.png,5
6775,train/neutral/10_ffhq_846.png,5
6776,train/neutral/10_ffhq_854.png,5
6777,train/neutral/10_ffhq_856.png,5
6778,train/neutral/10_ffhq_857.png,5
6779,train/neutral/10_ffhq_861.png,5
6780,train/neutral/10_ffhq_865.png,5
6781,train/neutral/10_ffhq_880.png,5
6782,train/neutral/10_ffhq_908.png,5
6783,train/neutral/10_ffhq_914.png,5
6784,train/neutral/10_ffhq_937.png,5
6785,train/neutral/10_ffhq_940.png,5
6786,train/neutral/10_ffhq_945.png,5
6787,train/neutral/10_ffhq_970.png,5
6788,train/neutral/10_ffhq_971.png,5
6789,train/neutral/10_ffhq_982.png,5
6790,train/neutral/10_image0014286.jpg,5
6791,train/neutral/10_image0014496.jpg,5
6792,train/neutral/10_image0014997.jpg,5
6793,train/neutral/10_image0015518.jpg,5
6794,train/neutral/10_image0016197.jpg,5
6795,train/neutral/10_image0022384.jpg,5
6796,train/neutral/10_image0031787.jpg,5
6797,train/neutral/10_image0032152.jpg,5
6798,train/neutral/10_image0032495.jpg,5
6799,train/neutral/10_image0032874.jpg,5
6800,train/neutral/10_image0041122.jpg,5
6801,train/neutral/15_ffhq_100.png,5
6802,train/neutral/15_ffhq_1004.png,5
6803,train/neutral/15_ffhq_1038.png,5
6804,train/neutral/15_ffhq_1042.png,5
6805,train/neutral/15_ffhq_1061.png,5
6806,train/neutral/15_ffhq_1078.png,5
6807,train/neutral/15_ffhq_1090.png,5
6808,train/neutral/15_ffhq_1093.png,5
6809,train/neutral/15_ffhq_1106.png,5
6810,train/neutral/15_ffhq_1113.png,5
6811,train/neutral/15_ffhq_1136.png,5
6812,train/neutral/15_ffhq_1138.png,5
6813,train/neutral/15_ffhq_1177.png,5
6814,train/neutral/15_ffhq_1184.png,5
6815,train/neutral/15_ffhq_1185.png,5
6816,train/neutral/15_ffhq_1198.png,5
6817,train/neutral/15_ffhq_1206.png,5
6818,train/neutral/15_ffhq_1216.png,5
6819,train/neutral/15_ffhq_1220.png,5
6820,train/neutral/15_ffhq_1238.png,5
6821,train/neutral/15_ffhq_1271.png,5
6822,train/neutral/15_ffhq_1277.png,5
6823,train/neutral/15_ffhq_1292.png,5
6824,train/neutral/15_ffhq_1365.png,5
6825,train/neutral/15_ffhq_139.png,5
6826,train/neutral/15_ffhq_1396.png,5
6827,train/neutral/15_ffhq_140.png,5
6828,train/neutral/15_ffhq_1412.png,5
6829,train/neutral/15_ffhq_142.png,5
6830,train/neutral/15_ffhq_1424.png,5
6831,train/neutral/15_ffhq_1449.png,5
6832,train/neutral/15_ffhq_145.png,5
6833,train/neutral/15_ffhq_150.png,5
6834,train/neutral/15_ffhq_1505.png,5
6835,train/neutral/15_ffhq_1512.png,5
6836,train/neutral/15_ffhq_1521.png,5
6837,train/neutral/15_ffhq_153.png,5
6838,train/neutral/15_ffhq_1542.png,5
6839,train/neutral/15_ffhq_1553.png,5
6840,train/neutral/15_ffhq_1554.png,5
6841,train/neutral/15_ffhq_1556.png,5
6842,train/neutral/15_ffhq_1566.png,5
6843,train/neutral/15_ffhq_1574.png,5
6844,train/neutral/15_ffhq_1575.png,5
6845,train/neutral/15_ffhq_1576.png,5
6846,train/neutral/15_ffhq_1579.png,5
6847,train/neutral/15_ffhq_1588.png,5
6848,train/neutral/15_ffhq_1597.png,5
6849,train/neutral/15_ffhq_1613.png,5
6850,train/neutral/15_ffhq_1619.png,5
6851,train/neutral/15_ffhq_1624.png,5
6852,train/neutral/15_ffhq_1633.png,5
6853,train/neutral/15_ffhq_1662.png,5
6854,train/neutral/15_ffhq_1666.png,5
6855,train/neutral/15_ffhq_1668.png,5
6856,train/neutral/15_ffhq_1673.png,5
6857,train/neutral/15_ffhq_1687.png,5
6858,train/neutral/15_ffhq_1691.png,5
6859,train/neutral/15_ffhq_1703.png,5
6860,train/neutral/15_ffhq_1707.png,5
6861,train/neutral/15_ffhq_171.png,5
6862,train/neutral/15_ffhq_1716.png,5
6863,train/neutral/15_ffhq_1722.png,5
6864,train/neutral/15_ffhq_173.png,5
6865,train/neutral/15_ffhq_1731.png,5
6866,train/neutral/15_ffhq_1736.png,5
6867,train/neutral/15_ffhq_1743.png,5
6868,train/neutral/15_ffhq_1753.png,5
6869,train/neutral/15_ffhq_1782.png,5
6870,train/neutral/15_ffhq_1785.png,5
6871,train/neutral/15_ffhq_1786.png,5
6872,train/neutral/15_ffhq_1798.png,5
6873,train/neutral/15_ffhq_182.png,5
6874,train/neutral/15_ffhq_1823.png,5
6875,train/neutral/15_ffhq_1845.png,5
6876,train/neutral/15_ffhq_1860.png,5
6877,train/neutral/15_ffhq_1861.png,5
6878,train/neutral/15_ffhq_1876.png,5
6879,train/neutral/15_ffhq_1878.png,5
6880,train/neutral/15_ffhq_1914.png,5
6881,train/neutral/15_ffhq_1915.png,5
6882,train/neutral/15_ffhq_1922.png,5
6883,train/neutral/15_ffhq_1931.png,5
6884,train/neutral/15_ffhq_1935.png,5
6885,train/neutral/15_ffhq_1944.png,5
6886,train/neutral/15_ffhq_1953.png,5
6887,train/neutral/15_ffhq_1956.png,5
6888,train/neutral/15_ffhq_1961.png,5
6889,train/neutral/15_ffhq_1979.png,5
6890,train/neutral/15_ffhq_1984.png,5
6891,train/neutral/15_ffhq_1986.png,5
6892,train/neutral/15_ffhq_1991.png,5
6893,train/neutral/15_ffhq_1999.png,5
6894,train/neutral/15_ffhq_2001.png,5
6895,train/neutral/15_ffhq_2011.png,5
6896,train/neutral/15_ffhq_2023.png,5
6897,train/neutral/15_ffhq_2027.png,5
6898,train/neutral/15_ffhq_2036.png,5
6899,train/neutral/15_ffhq_2040.png,5
6900,train/neutral/15_ffhq_2043.png,5
6901,train/neutral/15_ffhq_2067.png,5
6902,train/neutral/15_ffhq_2073.png,5
6903,train/neutral/15_ffhq_2098.png,5
6904,train/neutral/15_ffhq_2116.png,5
6905,train/neutral/15_ffhq_2121.png,5
6906,train/neutral/15_ffhq_2127.png,5
6907,train/neutral/15_ffhq_214.png,5
6908,train/neutral/15_ffhq_2180.png,5
6909,train/neutral/15_ffhq_2181.png,5
6910,train/neutral/15_ffhq_2201.png,5
6911,train/neutral/15_ffhq_2203.png,5
6912,train/neutral/15_ffhq_2214.png,5
6913,train/neutral/15_ffhq_2230.png,5
6914,train/neutral/15_ffhq_2256.png,5
6915,train/neutral/15_ffhq_2270.png,5
6916,train/neutral/15_ffhq_2286.png,5
6917,train/neutral/15_ffhq_2290.png,5
6918,train/neutral/15_ffhq_2294.png,5
6919,train/neutral/15_ffhq_2305.png,5
6920,train/neutral/15_ffhq_2306.png,5
6921,train/neutral/15_ffhq_2311.png,5
6922,train/neutral/15_ffhq_2330.png,5
6923,train/neutral/15_ffhq_2334.png,5
6924,train/neutral/15_ffhq_2339.png,5
6925,train/neutral/15_ffhq_2345.png,5
6926,train/neutral/15_ffhq_2355.png,5
6927,train/neutral/15_ffhq_2367.png,5
6928,train/neutral/15_ffhq_2389.png,5
6929,train/neutral/15_ffhq_2394.png,5
6930,train/neutral/15_ffhq_2398.png,5
6931,train/neutral/15_ffhq_2403.png,5
6932,train/neutral/15_ffhq_2404.png,5
6933,train/neutral/15_ffhq_2430.png,5
6934,train/neutral/15_ffhq_244.png,5
6935,train/neutral/15_ffhq_2450.png,5
6936,train/neutral/15_ffhq_2458.png,5
6937,train/neutral/15_ffhq_248.png,5
6938,train/neutral/15_ffhq_2480.png,5
6939,train/neutral/15_ffhq_2483.png,5
6940,train/neutral/15_ffhq_2498.png,5
6941,train/neutral/15_ffhq_2499.png,5
6942,train/neutral/15_ffhq_2503.png,5
6943,train/neutral/15_ffhq_2520.png,5
6944,train/neutral/15_ffhq_2522.png,5
6945,train/neutral/15_ffhq_2530.png,5
6946,train/neutral/15_ffhq_2541.png,5
6947,train/neutral/15_ffhq_2542.png,5
6948,train/neutral/15_ffhq_2550.png,5
6949,train/neutral/15_ffhq_2560.png,5
6950,train/neutral/15_ffhq_2562.png,5
6951,train/neutral/15_ffhq_2566.png,5
6952,train/neutral/15_ffhq_2579.png,5
6953,train/neutral/15_ffhq_2583.png,5
6954,train/neutral/15_ffhq_2595.png,5
6955,train/neutral/15_ffhq_2605.png,5
6956,train/neutral/15_ffhq_2616.png,5
6957,train/neutral/15_ffhq_262.png,5
6958,train/neutral/15_ffhq_2626.png,5
6959,train/neutral/15_ffhq_2640.png,5
6960,train/neutral/15_ffhq_2645.png,5
6961,train/neutral/15_ffhq_27.png,5
6962,train/neutral/15_ffhq_2700.png,5
6963,train/neutral/15_ffhq_2707.png,5
6964,train/neutral/15_ffhq_2720.png,5
6965,train/neutral/15_ffhq_277.png,5
6966,train/neutral/15_ffhq_2774.png,5
6967,train/neutral/15_ffhq_2802.png,5
6968,train/neutral/15_ffhq_2810.png,5
6969,train/neutral/15_ffhq_2814.png,5
6970,train/neutral/15_ffhq_2818.png,5
6971,train/neutral/15_ffhq_282.png,5
6972,train/neutral/15_ffhq_2821.png,5
6973,train/neutral/15_ffhq_2831.png,5
6974,train/neutral/15_ffhq_2839.png,5
6975,train/neutral/15_ffhq_2856.png,5
6976,train/neutral/15_ffhq_2867.png,5
6977,train/neutral/15_ffhq_287.png,5
6978,train/neutral/15_ffhq_2910.png,5
6979,train/neutral/15_ffhq_2920.png,5
6980,train/neutral/15_ffhq_2953.png,5
6981,train/neutral/15_ffhq_2956.png,5
6982,train/neutral/15_ffhq_2958.png,5
6983,train/neutral/15_ffhq_2966.png,5
6984,train/neutral/15_ffhq_2968.png,5
6985,train/neutral/15_ffhq_2978.png,5
6986,train/neutral/15_ffhq_2991.png,5
6987,train/neutral/15_ffhq_3001.png,5
6988,train/neutral/15_ffhq_3002.png,5
6989,train/neutral/15_ffhq_3021.png,5
6990,train/neutral/15_ffhq_3038.png,5
6991,train/neutral/15_ffhq_3039.png,5
6992,train/neutral/15_ffhq_3062.png,5
6993,train/neutral/15_ffhq_3067.png,5
6994,train/neutral/15_ffhq_3070.png,5
6995,train/neutral/15_ffhq_314.png,5
6996,train/neutral/15_ffhq_325.png,5
6997,train/neutral/15_ffhq_326.png,5
6998,train/neutral/15_ffhq_341.png,5
6999,train/neutral/15_ffhq_352.png,5
7000,train/neutral/15_ffhq_368.png,5
7001,train/neutral/15_ffhq_3738.png,5
7002,train/neutral/15_ffhq_3747.png,5
7003,train/neutral/15_ffhq_3748.png,5
7004,train/neutral/15_ffhq_375.png,5
7005,train/neutral/15_ffhq_3753.png,5
7006,train/neutral/15_ffhq_3761.png,5
7007,train/neutral/15_ffhq_3777.png,5
7008,train/neutral/15_ffhq_3788.png,5
7009,train/neutral/15_ffhq_3790.png,5
7010,train/neutral/15_ffhq_382.png,5
7011,train/neutral/15_ffhq_3824.png,5
7012,train/neutral/15_ffhq_3834.png,5
7013,train/neutral/15_ffhq_3839.png,5
7014,train/neutral/15_ffhq_3843.png,5
7015,train/neutral/15_ffhq_3857.png,5
7016,train/neutral/15_ffhq_387.png,5
7017,train/neutral/15_ffhq_3871.png,5
7018,train/neutral/15_ffhq_3872.png,5
7019,train/neutral/15_ffhq_39.png,5
7020,train/neutral/15_ffhq_390.png,5
7021,train/neutral/15_ffhq_3902.png,5
7022,train/neutral/15_ffhq_391.png,5
7023,train/neutral/15_ffhq_392.png,5
7024,train/neutral/15_ffhq_3935.png,5
7025,train/neutral/15_ffhq_3948.png,5
7026,train/neutral/15_ffhq_3952.png,5
7027,train/neutral/15_ffhq_3965.png,5
7028,train/neutral/15_ffhq_3972.png,5
7029,train/neutral/15_ffhq_398.png,5
7030,train/neutral/15_ffhq_3981.png,5
7031,train/neutral/15_ffhq_3984.png,5
7032,train/neutral/15_ffhq_3989.png,5
7033,train/neutral/15_ffhq_3997.png,5
7034,train/neutral/15_ffhq_3998.png,5
7035,train/neutral/15_ffhq_400.png,5
7036,train/neutral/15_ffhq_4015.png,5
7037,train/neutral/15_ffhq_4031.png,5
7038,train/neutral/15_ffhq_404.png,5
7039,train/neutral/15_ffhq_4045.png,5
7040,train/neutral/15_ffhq_4053.png,5
7041,train/neutral/15_ffhq_4058.png,5
7042,train/neutral/15_ffhq_4065.png,5
7043,train/neutral/15_ffhq_4067.png,5
7044,train/neutral/15_ffhq_4073.png,5
7045,train/neutral/15_ffhq_4078.png,5
7046,train/neutral/15_ffhq_4090.png,5
7047,train/neutral/15_ffhq_4099.png,5
7048,train/neutral/15_ffhq_4113.png,5
7049,train/neutral/15_ffhq_4141.png,5
7050,train/neutral/15_ffhq_4160.png,5
7051,train/neutral/15_ffhq_4162.png,5
7052,train/neutral/15_ffhq_4171.png,5
7053,train/neutral/15_ffhq_4180.png,5
7054,train/neutral/15_ffhq_4186.png,5
7055,train/neutral/15_ffhq_4187.png,5
7056,train/neutral/15_ffhq_4191.png,5
7057,train/neutral/15_ffhq_4222.png,5
7058,train/neutral/15_ffhq_4223.png,5
7059,train/neutral/15_ffhq_4225.png,5
7060,train/neutral/15_ffhq_4249.png,5
7061,train/neutral/15_ffhq_4262.png,5
7062,train/neutral/15_ffhq_4282.png,5
7063,train/neutral/15_ffhq_4288.png,5
7064,train/neutral/15_ffhq_4290.png,5
7065,train/neutral/15_ffhq_4299.png,5
7066,train/neutral/15_ffhq_4315.png,5
7067,train/neutral/15_ffhq_4317.png,5
7068,train/neutral/15_ffhq_4346.png,5
7069,train/neutral/15_ffhq_4375.png,5
7070,train/neutral/15_ffhq_4376.png,5
7071,train/neutral/15_ffhq_4385.png,5
7072,train/neutral/15_ffhq_439.png,5
7073,train/neutral/15_ffhq_4390.png,5
7074,train/neutral/15_ffhq_4397.png,5
7075,train/neutral/15_ffhq_4413.png,5
7076,train/neutral/15_ffhq_4427.png,5
7077,train/neutral/15_ffhq_4441.png,5
7078,train/neutral/15_ffhq_4454.png,5
7079,train/neutral/15_ffhq_4456.png,5
7080,train/neutral/15_ffhq_4460.png,5
7081,train/neutral/15_ffhq_4470.png,5
7082,train/neutral/15_ffhq_4486.png,5
7083,train/neutral/15_ffhq_4503.png,5
7084,train/neutral/15_ffhq_4510.png,5
7085,train/neutral/15_ffhq_4516.png,5
7086,train/neutral/15_ffhq_4533.png,5
7087,train/neutral/15_ffhq_4544.png,5
7088,train/neutral/15_ffhq_4553.png,5
7089,train/neutral/15_ffhq_4554.png,5
7090,train/neutral/15_ffhq_4580.png,5
7091,train/neutral/15_ffhq_4594.png,5
7092,train/neutral/15_ffhq_4602.png,5
7093,train/neutral/15_ffhq_4619.png,5
7094,train/neutral/15_ffhq_4628.png,5
7095,train/neutral/15_ffhq_4633.png,5
7096,train/neutral/15_ffhq_464.png,5
7097,train/neutral/15_ffhq_4644.png,5
7098,train/neutral/15_ffhq_4647.png,5
7099,train/neutral/15_ffhq_4659.png,5
7100,train/neutral/15_ffhq_4662.png,5
7101,train/neutral/15_ffhq_4676.png,5
7102,train/neutral/15_ffhq_4689.png,5
7103,train/neutral/15_ffhq_4693.png,5
7104,train/neutral/15_ffhq_4756.png,5
7105,train/neutral/15_ffhq_4798.png,5
7106,train/neutral/15_ffhq_481.png,5
7107,train/neutral/15_ffhq_482.png,5
7108,train/neutral/15_ffhq_4832.png,5
7109,train/neutral/15_ffhq_4834.png,5
7110,train/neutral/15_ffhq_4837.png,5
7111,train/neutral/15_ffhq_4855.png,5
7112,train/neutral/15_ffhq_4860.png,5
7113,train/neutral/15_ffhq_4875.png,5
7114,train/neutral/15_ffhq_4878.png,5
7115,train/neutral/15_ffhq_4898.png,5
7116,train/neutral/15_ffhq_4901.png,5
7117,train/neutral/15_ffhq_4907.png,5
7118,train/neutral/15_ffhq_4911.png,5
7119,train/neutral/15_ffhq_4926.png,5
7120,train/neutral/15_ffhq_496.png,5
7121,train/neutral/15_ffhq_4963.png,5
7122,train/neutral/15_ffhq_4964.png,5
7123,train/neutral/15_ffhq_4973.png,5
7124,train/neutral/15_ffhq_5004.png,5
7125,train/neutral/15_ffhq_5006.png,5
7126,train/neutral/15_ffhq_5007.png,5
7127,train/neutral/15_ffhq_501.png,5
7128,train/neutral/15_ffhq_5011.png,5
7129,train/neutral/15_ffhq_5013.png,5
7130,train/neutral/15_ffhq_5045.png,5
7131,train/neutral/15_ffhq_5052.png,5
7132,train/neutral/15_ffhq_5056.png,5
7133,train/neutral/15_ffhq_5101.png,5
7134,train/neutral/15_ffhq_5105.png,5
7135,train/neutral/15_ffhq_5137.png,5
7136,train/neutral/15_ffhq_5140.png,5
7137,train/neutral/15_ffhq_5149.png,5
7138,train/neutral/15_ffhq_5153.png,5
7139,train/neutral/15_ffhq_5200.png,5
7140,train/neutral/15_ffhq_5212.png,5
7141,train/neutral/15_ffhq_5213.png,5
7142,train/neutral/15_ffhq_5223.png,5
7143,train/neutral/15_ffhq_5227.png,5
7144,train/neutral/15_ffhq_5323.png,5
7145,train/neutral/15_ffhq_5347.png,5
7146,train/neutral/15_ffhq_5371.png,5
7147,train/neutral/15_ffhq_5378.png,5
7148,train/neutral/15_ffhq_539.png,5
7149,train/neutral/15_ffhq_5390.png,5
7150,train/neutral/15_ffhq_5399.png,5
7151,train/neutral/15_ffhq_5403.png,5
7152,train/neutral/15_ffhq_5427.png,5
7153,train/neutral/15_ffhq_5442.png,5
7154,train/neutral/15_ffhq_5460.png,5
7155,train/neutral/15_ffhq_5463.png,5
7156,train/neutral/15_ffhq_5470.png,5
7157,train/neutral/15_ffhq_5486.png,5
7158,train/neutral/15_ffhq_5488.png,5
7159,train/neutral/15_ffhq_5501.png,5
7160,train/neutral/15_ffhq_5508.png,5
7161,train/neutral/15_ffhq_5513.png,5
7162,train/neutral/15_ffhq_5548.png,5
7163,train/neutral/15_ffhq_5566.png,5
7164,train/neutral/15_ffhq_5576.png,5
7165,train/neutral/15_ffhq_5609.png,5
7166,train/neutral/15_ffhq_562.png,5
7167,train/neutral/15_ffhq_5621.png,5
7168,train/neutral/15_ffhq_5634.png,5
7169,train/neutral/15_ffhq_5654.png,5
7170,train/neutral/15_ffhq_5662.png,5
7171,train/neutral/15_ffhq_578.png,5
7172,train/neutral/15_ffhq_60.png,5
7173,train/neutral/15_ffhq_603.png,5
7174,train/neutral/15_ffhq_61.png,5
7175,train/neutral/15_ffhq_616.png,5
7176,train/neutral/15_ffhq_619.png,5
7177,train/neutral/15_ffhq_620.png,5
7178,train/neutral/15_ffhq_624.png,5
7179,train/neutral/15_ffhq_635.png,5
7180,train/neutral/15_ffhq_647.png,5
7181,train/neutral/15_ffhq_648.png,5
7182,train/neutral/15_ffhq_651.png,5
7183,train/neutral/15_ffhq_660.png,5
7184,train/neutral/15_ffhq_663.png,5
7185,train/neutral/15_ffhq_671.png,5
7186,train/neutral/15_ffhq_682.png,5
7187,train/neutral/15_ffhq_695.png,5
7188,train/neutral/15_ffhq_700.png,5
7189,train/neutral/15_ffhq_704.png,5
7190,train/neutral/15_ffhq_705.png,5
7191,train/neutral/15_ffhq_709.png,5
7192,train/neutral/15_ffhq_718.png,5
7193,train/neutral/15_ffhq_72.png,5
7194,train/neutral/15_ffhq_730.png,5
7195,train/neutral/15_ffhq_739.png,5
7196,train/neutral/15_ffhq_746.png,5
7197,train/neutral/15_ffhq_760.png,5
7198,train/neutral/15_ffhq_78.png,5
7199,train/neutral/15_ffhq_781.png,5
7200,train/neutral/15_ffhq_800.png,5
7201,train/neutral/15_ffhq_801.png,5
7202,train/neutral/15_ffhq_803.png,5
7203,train/neutral/15_ffhq_804.png,5
7204,train/neutral/15_ffhq_806.png,5
7205,train/neutral/15_ffhq_83.png,5
7206,train/neutral/15_ffhq_835.png,5
7207,train/neutral/15_ffhq_839.png,5
7208,train/neutral/15_ffhq_843.png,5
7209,train/neutral/15_ffhq_853.png,5
7210,train/neutral/15_ffhq_863.png,5
7211,train/neutral/15_ffhq_885.png,5
7212,train/neutral/15_ffhq_891.png,5
7213,train/neutral/15_ffhq_895.png,5
7214,train/neutral/15_ffhq_900.png,5
7215,train/neutral/15_ffhq_908.png,5
7216,train/neutral/15_ffhq_929.png,5
7217,train/neutral/15_ffhq_931.png,5
7218,train/neutral/15_ffhq_987.png,5
7219,train/neutral/15_ffhq_988.png,5
7220,train/neutral/15_ffhq_989.png,5
7221,train/neutral/15_ffhq_99.png,5
7222,train/neutral/15_image0000879.jpg,5
7223,train/neutral/15_image0014283.jpg,5
7224,train/neutral/15_image0014294.jpg,5
7225,train/neutral/15_image0015250.jpg,5
7226,train/neutral/15_image0018903.jpg,5
7227,train/neutral/15_image0022536.jpg,5
7228,train/neutral/15_image0022736.jpg,5
7229,train/neutral/15_image0030914.jpg,5
7230,train/neutral/15_image0031787.jpg,5
7231,train/neutral/15_image0032693.jpg,5
7232,train/neutral/15_image0032882.jpg,5
7233,train/neutral/5_ffhq_1001.png,5
7234,train/neutral/5_ffhq_1009.png,5
7235,train/neutral/5_ffhq_1015.png,5
7236,train/neutral/5_ffhq_1017.png,5
7237,train/neutral/5_ffhq_1035.png,5
7238,train/neutral/5_ffhq_105.png,5
7239,train/neutral/5_ffhq_1053.png,5
7240,train/neutral/5_ffhq_106.png,5
7241,train/neutral/5_ffhq_1067.png,5
7242,train/neutral/5_ffhq_1073.png,5
7243,train/neutral/5_ffhq_1074.png,5
7244,train/neutral/5_ffhq_1075.png,5
7245,train/neutral/5_ffhq_108.png,5
7246,train/neutral/5_ffhq_1091.png,5
7247,train/neutral/5_ffhq_1092.png,5
7248,train/neutral/5_ffhq_1095.png,5
7249,train/neutral/5_ffhq_1099.png,5
7250,train/neutral/5_ffhq_11.png,5
7251,train/neutral/5_ffhq_110.png,5
7252,train/neutral/5_ffhq_111.png,5
7253,train/neutral/5_ffhq_1111.png,5
7254,train/neutral/5_ffhq_1131.png,5
7255,train/neutral/5_ffhq_1160.png,5
7256,train/neutral/5_ffhq_1163.png,5
7257,train/neutral/5_ffhq_1168.png,5
7258,train/neutral/5_ffhq_117.png,5
7259,train/neutral/5_ffhq_1170.png,5
7260,train/neutral/5_ffhq_1195.png,5
7261,train/neutral/5_ffhq_1200.png,5
7262,train/neutral/5_ffhq_1226.png,5
7263,train/neutral/5_ffhq_1234.png,5
7264,train/neutral/5_ffhq_1235.png,5
7265,train/neutral/5_ffhq_1269.png,5
7266,train/neutral/5_ffhq_1272.png,5
7267,train/neutral/5_ffhq_129.png,5
7268,train/neutral/5_ffhq_1290.png,5
7269,train/neutral/5_ffhq_1296.png,5
7270,train/neutral/5_ffhq_1306.png,5
7271,train/neutral/5_ffhq_1307.png,5
7272,train/neutral/5_ffhq_1308.png,5
7273,train/neutral/5_ffhq_1309.png,5
7274,train/neutral/5_ffhq_135.png,5
7275,train/neutral/5_ffhq_1368.png,5
7276,train/neutral/5_ffhq_1372.png,5
7277,train/neutral/5_ffhq_1387.png,5
7278,train/neutral/5_ffhq_1395.png,5
7279,train/neutral/5_ffhq_1402.png,5
7280,train/neutral/5_ffhq_1456.png,5
7281,train/neutral/5_ffhq_1472.png,5
7282,train/neutral/5_ffhq_1496.png,5
7283,train/neutral/5_ffhq_1497.png,5
7284,train/neutral/5_ffhq_1501.png,5
7285,train/neutral/5_ffhq_1520.png,5
7286,train/neutral/5_ffhq_1524.png,5
7287,train/neutral/5_ffhq_1528.png,5
7288,train/neutral/5_ffhq_154.png,5
7289,train/neutral/5_ffhq_1541.png,5
7290,train/neutral/5_ffhq_1542.png,5
7291,train/neutral/5_ffhq_1545.png,5
7292,train/neutral/5_ffhq_155.png,5
7293,train/neutral/5_ffhq_1575.png,5
7294,train/neutral/5_ffhq_1577.png,5
7295,train/neutral/5_ffhq_1585.png,5
7296,train/neutral/5_ffhq_1587.png,5
7297,train/neutral/5_ffhq_1598.png,5
7298,train/neutral/5_ffhq_162.png,5
7299,train/neutral/5_ffhq_1621.png,5
7300,train/neutral/5_ffhq_1623.png,5
7301,train/neutral/5_ffhq_1644.png,5
7302,train/neutral/5_ffhq_1649.png,5
7303,train/neutral/5_ffhq_1658.png,5
7304,train/neutral/5_ffhq_1679.png,5
7305,train/neutral/5_ffhq_1682.png,5
7306,train/neutral/5_ffhq_1684.png,5
7307,train/neutral/5_ffhq_1686.png,5
7308,train/neutral/5_ffhq_1688.png,5
7309,train/neutral/5_ffhq_1696.png,5
7310,train/neutral/5_ffhq_1741.png,5
7311,train/neutral/5_ffhq_1749.png,5
7312,train/neutral/5_ffhq_1757.png,5
7313,train/neutral/5_ffhq_178.png,5
7314,train/neutral/5_ffhq_180.png,5
7315,train/neutral/5_ffhq_1817.png,5
7316,train/neutral/5_ffhq_1824.png,5
7317,train/neutral/5_ffhq_1827.png,5
7318,train/neutral/5_ffhq_1829.png,5
7319,train/neutral/5_ffhq_1831.png,5
7320,train/neutral/5_ffhq_1850.png,5
7321,train/neutral/5_ffhq_1863.png,5
7322,train/neutral/5_ffhq_1870.png,5
7323,train/neutral/5_ffhq_1871.png,5
7324,train/neutral/5_ffhq_1874.png,5
7325,train/neutral/5_ffhq_1887.png,5
7326,train/neutral/5_ffhq_1896.png,5
7327,train/neutral/5_ffhq_1908.png,5
7328,train/neutral/5_ffhq_1910.png,5
7329,train/neutral/5_ffhq_1913.png,5
7330,train/neutral/5_ffhq_1931.png,5
7331,train/neutral/5_ffhq_1943.png,5
7332,train/neutral/5_ffhq_1971.png,5
7333,train/neutral/5_ffhq_1973.png,5
7334,train/neutral/5_ffhq_1975.png,5
7335,train/neutral/5_ffhq_1990.png,5
7336,train/neutral/5_ffhq_1994.png,5
7337,train/neutral/5_ffhq_1997.png,5
7338,train/neutral/5_ffhq_1998.png,5
7339,train/neutral/5_ffhq_2005.png,5
7340,train/neutral/5_ffhq_2009.png,5
7341,train/neutral/5_ffhq_2013.png,5
7342,train/neutral/5_ffhq_2014.png,5
7343,train/neutral/5_ffhq_2035.png,5
7344,train/neutral/5_ffhq_2042.png,5
7345,train/neutral/5_ffhq_2058.png,5
7346,train/neutral/5_ffhq_2085.png,5
7347,train/neutral/5_ffhq_2092.png,5
7348,train/neutral/5_ffhq_212.png,5
7349,train/neutral/5_ffhq_2120.png,5
7350,train/neutral/5_ffhq_2121.png,5
7351,train/neutral/5_ffhq_2122.png,5
7352,train/neutral/5_ffhq_2133.png,5
7353,train/neutral/5_ffhq_2153.png,5
7354,train/neutral/5_ffhq_2168.png,5
7355,train/neutral/5_ffhq_2170.png,5
7356,train/neutral/5_ffhq_2180.png,5
7357,train/neutral/5_ffhq_2196.png,5
7358,train/neutral/5_ffhq_2218.png,5
7359,train/neutral/5_ffhq_2224.png,5
7360,train/neutral/5_ffhq_2238.png,5
7361,train/neutral/5_ffhq_2244.png,5
7362,train/neutral/5_ffhq_226.png,5
7363,train/neutral/5_ffhq_2275.png,5
7364,train/neutral/5_ffhq_2277.png,5
7365,train/neutral/5_ffhq_2282.png,5
7366,train/neutral/5_ffhq_23.png,5
7367,train/neutral/5_ffhq_2327.png,5
7368,train/neutral/5_ffhq_2339.png,5
7369,train/neutral/5_ffhq_2344.png,5
7370,train/neutral/5_ffhq_2367.png,5
7371,train/neutral/5_ffhq_2377.png,5
7372,train/neutral/5_ffhq_238.png,5
7373,train/neutral/5_ffhq_2394.png,5
7374,train/neutral/5_ffhq_2399.png,5
7375,train/neutral/5_ffhq_24.png,5
7376,train/neutral/5_ffhq_2403.png,5
7377,train/neutral/5_ffhq_2404.png,5
7378,train/neutral/5_ffhq_2405.png,5
7379,train/neutral/5_ffhq_241.png,5
7380,train/neutral/5_ffhq_2433.png,5
7381,train/neutral/5_ffhq_2455.png,5
7382,train/neutral/5_ffhq_2460.png,5
7383,train/neutral/5_ffhq_2471.png,5
7384,train/neutral/5_ffhq_2488.png,5
7385,train/neutral/5_ffhq_2502.png,5
7386,train/neutral/5_ffhq_2506.png,5
7387,train/neutral/5_ffhq_2517.png,5
7388,train/neutral/5_ffhq_2534.png,5
7389,train/neutral/5_ffhq_2555.png,5
7390,train/neutral/5_ffhq_261.png,5
7391,train/neutral/5_ffhq_2613.png,5
7392,train/neutral/5_ffhq_2619.png,5
7393,train/neutral/5_ffhq_2635.png,5
7394,train/neutral/5_ffhq_2639.png,5
7395,train/neutral/5_ffhq_2646.png,5
7396,train/neutral/5_ffhq_2668.png,5
7397,train/neutral/5_ffhq_2673.png,5
7398,train/neutral/5_ffhq_2675.png,5
7399,train/neutral/5_ffhq_2678.png,5
7400,train/neutral/5_ffhq_2684.png,5
7401,train/neutral/5_ffhq_2689.png,5
7402,train/neutral/5_ffhq_269.png,5
7403,train/neutral/5_ffhq_2692.png,5
7404,train/neutral/5_ffhq_27.png,5
7405,train/neutral/5_ffhq_2700.png,5
7406,train/neutral/5_ffhq_2702.png,5
7407,train/neutral/5_ffhq_2715.png,5
7408,train/neutral/5_ffhq_2724.png,5
7409,train/neutral/5_ffhq_2726.png,5
7410,train/neutral/5_ffhq_2741.png,5
7411,train/neutral/5_ffhq_2742.png,5
7412,train/neutral/5_ffhq_2751.png,5
7413,train/neutral/5_ffhq_2755.png,5
7414,train/neutral/5_ffhq_2761.png,5
7415,train/neutral/5_ffhq_2768.png,5
7416,train/neutral/5_ffhq_2790.png,5
7417,train/neutral/5_ffhq_280.png,5
7418,train/neutral/5_ffhq_2807.png,5
7419,train/neutral/5_ffhq_2820.png,5
7420,train/neutral/5_ffhq_2837.png,5
7421,train/neutral/5_ffhq_2842.png,5
7422,train/neutral/5_ffhq_2846.png,5
7423,train/neutral/5_ffhq_285.png,5
7424,train/neutral/5_ffhq_2851.png,5
7425,train/neutral/5_ffhq_2880.png,5
7426,train/neutral/5_ffhq_289.png,5
7427,train/neutral/5_ffhq_2894.png,5
7428,train/neutral/5_ffhq_2908.png,5
7429,train/neutral/5_ffhq_2915.png,5
7430,train/neutral/5_ffhq_2924.png,5
7431,train/neutral/5_ffhq_2935.png,5
7432,train/neutral/5_ffhq_2941.png,5
7433,train/neutral/5_ffhq_2956.png,5
7434,train/neutral/5_ffhq_2964.png,5
7435,train/neutral/5_ffhq_2971.png,5
7436,train/neutral/5_ffhq_2975.png,5
7437,train/neutral/5_ffhq_2990.png,5
7438,train/neutral/5_ffhq_2997.png,5
7439,train/neutral/5_ffhq_3001.png,5
7440,train/neutral/5_ffhq_3022.png,5
7441,train/neutral/5_ffhq_3036.png,5
7442,train/neutral/5_ffhq_304.png,5
7443,train/neutral/5_ffhq_3055.png,5
7444,train/neutral/5_ffhq_3062.png,5
7445,train/neutral/5_ffhq_322.png,5
7446,train/neutral/5_ffhq_342.png,5
7447,train/neutral/5_ffhq_351.png,5
7448,train/neutral/5_ffhq_3767.png,5
7449,train/neutral/5_ffhq_3772.png,5
7450,train/neutral/5_ffhq_3774.png,5
7451,train/neutral/5_ffhq_3790.png,5
7452,train/neutral/5_ffhq_3793.png,5
7453,train/neutral/5_ffhq_3798.png,5
7454,train/neutral/5_ffhq_3802.png,5
7455,train/neutral/5_ffhq_3806.png,5
7456,train/neutral/5_ffhq_3811.png,5
7457,train/neutral/5_ffhq_3821.png,5
7458,train/neutral/5_ffhq_3830.png,5
7459,train/neutral/5_ffhq_3842.png,5
7460,train/neutral/5_ffhq_3846.png,5
7461,train/neutral/5_ffhq_3851.png,5
7462,train/neutral/5_ffhq_3864.png,5
7463,train/neutral/5_ffhq_3872.png,5
7464,train/neutral/5_ffhq_3897.png,5
7465,train/neutral/5_ffhq_390.png,5
7466,train/neutral/5_ffhq_3908.png,5
7467,train/neutral/5_ffhq_3915.png,5
7468,train/neutral/5_ffhq_3924.png,5
7469,train/neutral/5_ffhq_3929.png,5
7470,train/neutral/5_ffhq_393.png,5
7471,train/neutral/5_ffhq_3934.png,5
7472,train/neutral/5_ffhq_3939.png,5
7473,train/neutral/5_ffhq_3942.png,5
7474,train/neutral/5_ffhq_3951.png,5
7475,train/neutral/5_ffhq_3953.png,5
7476,train/neutral/5_ffhq_3954.png,5
7477,train/neutral/5_ffhq_3964.png,5
7478,train/neutral/5_ffhq_3987.png,5
7479,train/neutral/5_ffhq_3988.png,5
7480,train/neutral/5_ffhq_4022.png,5
7481,train/neutral/5_ffhq_4057.png,5
7482,train/neutral/5_ffhq_406.png,5
7483,train/neutral/5_ffhq_4069.png,5
7484,train/neutral/5_ffhq_407.png,5
7485,train/neutral/5_ffhq_4074.png,5
7486,train/neutral/5_ffhq_4075.png,5
7487,train/neutral/5_ffhq_4076.png,5
7488,train/neutral/5_ffhq_4078.png,5
7489,train/neutral/5_ffhq_408.png,5
7490,train/neutral/5_ffhq_4080.png,5
7491,train/neutral/5_ffhq_4086.png,5
7492,train/neutral/5_ffhq_4104.png,5
7493,train/neutral/5_ffhq_413.png,5
7494,train/neutral/5_ffhq_4134.png,5
7495,train/neutral/5_ffhq_4135.png,5
7496,train/neutral/5_ffhq_4136.png,5
7497,train/neutral/5_ffhq_4189.png,5
7498,train/neutral/5_ffhq_4195.png,5
7499,train/neutral/5_ffhq_420.png,5
7500,train/neutral/5_ffhq_4204.png,5
7501,train/neutral/5_ffhq_4210.png,5
7502,train/neutral/5_ffhq_4224.png,5
7503,train/neutral/5_ffhq_4230.png,5
7504,train/neutral/5_ffhq_4240.png,5
7505,train/neutral/5_ffhq_4252.png,5
7506,train/neutral/5_ffhq_4259.png,5
7507,train/neutral/5_ffhq_4265.png,5
7508,train/neutral/5_ffhq_4266.png,5
7509,train/neutral/5_ffhq_4272.png,5
7510,train/neutral/5_ffhq_4280.png,5
7511,train/neutral/5_ffhq_4313.png,5
7512,train/neutral/5_ffhq_4316.png,5
7513,train/neutral/5_ffhq_432.png,5
7514,train/neutral/5_ffhq_4325.png,5
7515,train/neutral/5_ffhq_433.png,5
7516,train/neutral/5_ffhq_4333.png,5
7517,train/neutral/5_ffhq_434.png,5
7518,train/neutral/5_ffhq_4345.png,5
7519,train/neutral/5_ffhq_4349.png,5
7520,train/neutral/5_ffhq_4355.png,5
7521,train/neutral/5_ffhq_4357.png,5
7522,train/neutral/5_ffhq_436.png,5
7523,train/neutral/5_ffhq_4370.png,5
7524,train/neutral/5_ffhq_4371.png,5
7525,train/neutral/5_ffhq_4374.png,5
7526,train/neutral/5_ffhq_4375.png,5
7527,train/neutral/5_ffhq_4411.png,5
7528,train/neutral/5_ffhq_4412.png,5
7529,train/neutral/5_ffhq_4425.png,5
7530,train/neutral/5_ffhq_4427.png,5
7531,train/neutral/5_ffhq_4439.png,5
7532,train/neutral/5_ffhq_4443.png,5
7533,train/neutral/5_ffhq_4456.png,5
7534,train/neutral/5_ffhq_4466.png,5
7535,train/neutral/5_ffhq_4485.png,5
7536,train/neutral/5_ffhq_4496.png,5
7537,train/neutral/5_ffhq_4508.png,5
7538,train/neutral/5_ffhq_4514.png,5
7539,train/neutral/5_ffhq_4555.png,5
7540,train/neutral/5_ffhq_4562.png,5
7541,train/neutral/5_ffhq_4595.png,5
7542,train/neutral/5_ffhq_4598.png,5
7543,train/neutral/5_ffhq_4615.png,5
7544,train/neutral/5_ffhq_4625.png,5
7545,train/neutral/5_ffhq_4632.png,5
7546,train/neutral/5_ffhq_4641.png,5
7547,train/neutral/5_ffhq_4662.png,5
7548,train/neutral/5_ffhq_4696.png,5
7549,train/neutral/5_ffhq_4701.png,5
7550,train/neutral/5_ffhq_4702.png,5
7551,train/neutral/5_ffhq_4705.png,5
7552,train/neutral/5_ffhq_472.png,5
7553,train/neutral/5_ffhq_4720.png,5
7554,train/neutral/5_ffhq_4721.png,5
7555,train/neutral/5_ffhq_4749.png,5
7556,train/neutral/5_ffhq_4752.png,5
7557,train/neutral/5_ffhq_4753.png,5
7558,train/neutral/5_ffhq_4771.png,5
7559,train/neutral/5_ffhq_478.png,5
7560,train/neutral/5_ffhq_4786.png,5
7561,train/neutral/5_ffhq_4795.png,5
7562,train/neutral/5_ffhq_4800.png,5
7563,train/neutral/5_ffhq_4804.png,5
7564,train/neutral/5_ffhq_4834.png,5
7565,train/neutral/5_ffhq_4835.png,5
7566,train/neutral/5_ffhq_4853.png,5
7567,train/neutral/5_ffhq_4856.png,5
7568,train/neutral/5_ffhq_4866.png,5
7569,train/neutral/5_ffhq_4889.png,5
7570,train/neutral/5_ffhq_490.png,5
7571,train/neutral/5_ffhq_4935.png,5
7572,train/neutral/5_ffhq_4942.png,5
7573,train/neutral/5_ffhq_4948.png,5
7574,train/neutral/5_ffhq_4955.png,5
7575,train/neutral/5_ffhq_4968.png,5
7576,train/neutral/5_ffhq_4982.png,5
7577,train/neutral/5_ffhq_5007.png,5
7578,train/neutral/5_ffhq_5024.png,5
7579,train/neutral/5_ffhq_5043.png,5
7580,train/neutral/5_ffhq_5054.png,5
7581,train/neutral/5_ffhq_5056.png,5
7582,train/neutral/5_ffhq_5067.png,5
7583,train/neutral/5_ffhq_5087.png,5
7584,train/neutral/5_ffhq_5101.png,5
7585,train/neutral/5_ffhq_5107.png,5
7586,train/neutral/5_ffhq_5110.png,5
7587,train/neutral/5_ffhq_5120.png,5
7588,train/neutral/5_ffhq_5122.png,5
7589,train/neutral/5_ffhq_5160.png,5
7590,train/neutral/5_ffhq_5161.png,5
7591,train/neutral/5_ffhq_5170.png,5
7592,train/neutral/5_ffhq_5171.png,5
7593,train/neutral/5_ffhq_5173.png,5
7594,train/neutral/5_ffhq_5187.png,5
7595,train/neutral/5_ffhq_5219.png,5
7596,train/neutral/5_ffhq_5231.png,5
7597,train/neutral/5_ffhq_5238.png,5
7598,train/neutral/5_ffhq_5240.png,5
7599,train/neutral/5_ffhq_5248.png,5
7600,train/neutral/5_ffhq_5250.png,5
7601,train/neutral/5_ffhq_5257.png,5
7602,train/neutral/5_ffhq_5295.png,5
7603,train/neutral/5_ffhq_5296.png,5
7604,train/neutral/5_ffhq_5306.png,5
7605,train/neutral/5_ffhq_531.png,5
7606,train/neutral/5_ffhq_5315.png,5
7607,train/neutral/5_ffhq_533.png,5
7608,train/neutral/5_ffhq_5348.png,5
7609,train/neutral/5_ffhq_5349.png,5
7610,train/neutral/5_ffhq_5381.png,5
7611,train/neutral/5_ffhq_5384.png,5
7612,train/neutral/5_ffhq_5386.png,5
7613,train/neutral/5_ffhq_5392.png,5
7614,train/neutral/5_ffhq_5397.png,5
7615,train/neutral/5_ffhq_5408.png,5
7616,train/neutral/5_ffhq_5426.png,5
7617,train/neutral/5_ffhq_5439.png,5
7618,train/neutral/5_ffhq_5440.png,5
7619,train/neutral/5_ffhq_5476.png,5
7620,train/neutral/5_ffhq_5480.png,5
7621,train/neutral/5_ffhq_5482.png,5
7622,train/neutral/5_ffhq_549.png,5
7623,train/neutral/5_ffhq_5494.png,5
7624,train/neutral/5_ffhq_5511.png,5
7625,train/neutral/5_ffhq_5547.png,5
7626,train/neutral/5_ffhq_5581.png,5
7627,train/neutral/5_ffhq_5588.png,5
7628,train/neutral/5_ffhq_5590.png,5
7629,train/neutral/5_ffhq_5591.png,5
7630,train/neutral/5_ffhq_5593.png,5
7631,train/neutral/5_ffhq_5597.png,5
7632,train/neutral/5_ffhq_5616.png,5
7633,train/neutral/5_ffhq_5660.png,5
7634,train/neutral/5_ffhq_570.png,5
7635,train/neutral/5_ffhq_575.png,5
7636,train/neutral/5_ffhq_595.png,5
7637,train/neutral/5_ffhq_596.png,5
7638,train/neutral/5_ffhq_599.png,5
7639,train/neutral/5_ffhq_603.png,5
7640,train/neutral/5_ffhq_640.png,5
7641,train/neutral/5_ffhq_652.png,5
7642,train/neutral/5_ffhq_670.png,5
7643,train/neutral/5_ffhq_674.png,5
7644,train/neutral/5_ffhq_677.png,5
7645,train/neutral/5_ffhq_687.png,5
7646,train/neutral/5_ffhq_707.png,5
7647,train/neutral/5_ffhq_710.png,5
7648,train/neutral/5_ffhq_721.png,5
7649,train/neutral/5_ffhq_726.png,5
7650,train/neutral/5_ffhq_742.png,5
7651,train/neutral/5_ffhq_749.png,5
7652,train/neutral/5_ffhq_756.png,5
7653,train/neutral/5_ffhq_760.png,5
7654,train/neutral/5_ffhq_785.png,5
7655,train/neutral/5_ffhq_796.png,5
7656,train/neutral/5_ffhq_803.png,5
7657,train/neutral/5_ffhq_814.png,5
7658,train/neutral/5_ffhq_82.png,5
7659,train/neutral/5_ffhq_84.png,5
7660,train/neutral/5_ffhq_840.png,5
7661,train/neutral/5_ffhq_851.png,5
7662,train/neutral/5_ffhq_852.png,5
7663,train/neutral/5_ffhq_86.png,5
7664,train/neutral/5_ffhq_880.png,5
7665,train/neutral/5_ffhq_913.png,5
7666,train/neutral/5_ffhq_917.png,5
7667,train/neutral/5_ffhq_929.png,5
7668,train/neutral/5_ffhq_937.png,5
7669,train/neutral/5_ffhq_948.png,5
7670,train/neutral/5_ffhq_958.png,5
7671,train/neutral/5_ffhq_991.png,5
7672,train/neutral/5_image0002899.jpg,5
7673,train/neutral/5_image0014554.jpg,5
7674,train/neutral/5_image0014941.jpg,5
7675,train/neutral/5_image0015262.jpg,5
7676,train/neutral/5_image0022287.jpg,5
7677,train/neutral/5_image0022731.jpg,5
7678,train/neutral/5_image0022739.jpg,5
7679,train/neutral/5_image0029002.jpg,5
7680,train/neutral/5_image0031608.jpg,5
7681,train/neutral/5_image0041122.jpg,5
7682,train/sad/10_image0000093.jpg,6
7683,train/sad/10_image0000721.jpg,6
7684,train/sad/10_image0000971.jpg,6
7685,train/sad/10_image0001030.jpg,6
7686,train/sad/10_image0001252.jpg,6
7687,train/sad/10_image0001329.jpg,6
7688,train/sad/10_image0001340.jpg,6
7689,train/sad/10_image0001735.jpg,6
7690,train/sad/10_image0001948.jpg,6
7691,train/sad/10_image0001985.jpg,6
7692,train/sad/10_image0002127.jpg,6
7693,train/sad/10_image0002242.jpg,6
7694,train/sad/10_image0002304.jpg,6
7695,train/sad/10_image0002606.jpg,6
7696,train/sad/10_image0002784.jpg,6
7697,train/sad/10_image0002924.jpg,6
7698,train/sad/10_image0003068.jpg,6
7699,train/sad/10_image0003248.jpg,6
7700,train/sad/10_image0003289.jpg,6
7701,train/sad/10_image0003318.jpg,6
7702,train/sad/10_image0003581.jpg,6
7703,train/sad/10_image0003668.jpg,6
7704,train/sad/10_image0003774.jpg,6
7705,train/sad/10_image0003847.jpg,6
7706,train/sad/10_image0003911.jpg,6
7707,train/sad/10_image0004052.jpg,6
7708,train/sad/10_image0004115.jpg,6
7709,train/sad/10_image0004201.jpg,6
7710,train/sad/10_image0004454.jpg,6
7711,train/sad/10_image0004668.jpg,6
7712,train/sad/10_image0004888.jpg,6
7713,train/sad/10_image0005091.jpg,6
7714,train/sad/10_image0005364.jpg,6
7715,train/sad/10_image0005386.jpg,6
7716,train/sad/10_image0005441.jpg,6
7717,train/sad/10_image0005478.jpg,6
7718,train/sad/10_image0005639.jpg,6
7719,train/sad/10_image0005650.jpg,6
7720,train/sad/10_image0005698.jpg,6
7721,train/sad/10_image0005772.jpg,6
7722,train/sad/10_image0005984.jpg,6
7723,train/sad/10_image0006101.jpg,6
7724,train/sad/10_image0006250.jpg,6
7725,train/sad/10_image0006254.jpg,6
7726,train/sad/10_image0006424.jpg,6
7727,train/sad/10_image0006556.jpg,6
7728,train/sad/10_image0006795.jpg,6
7729,train/sad/10_image0007355.jpg,6
7730,train/sad/10_image0007377.jpg,6
7731,train/sad/10_image0007428.jpg,6
7732,train/sad/10_image0007561.jpg,6
7733,train/sad/10_image0007651.jpg,6
7734,train/sad/10_image0007757.jpg,6
7735,train/sad/10_image0007817.jpg,6
7736,train/sad/10_image0008549.jpg,6
7737,train/sad/10_image0008581.jpg,6
7738,train/sad/10_image0008899.jpg,6
7739,train/sad/10_image0008940.jpg,6
7740,train/sad/10_image0008942.jpg,6
7741,train/sad/10_image0008999.jpg,6
7742,train/sad/10_image0009590.jpg,6
7743,train/sad/10_image0009891.jpg,6
7744,train/sad/10_image0010065.jpg,6
7745,train/sad/10_image0010172.jpg,6
7746,train/sad/10_image0010215.jpg,6
7747,train/sad/10_image0010331.jpg,6
7748,train/sad/10_image0010407.jpg,6
7749,train/sad/10_image0010593.jpg,6
7750,train/sad/10_image0010653.jpg,6
7751,train/sad/10_image0010665.jpg,6
7752,train/sad/10_image0011081.jpg,6
7753,train/sad/10_image0011175.jpg,6
7754,train/sad/10_image0011357.jpg,6
7755,train/sad/10_image0011856.jpg,6
7756,train/sad/10_image0011992.jpg,6
7757,train/sad/10_image0012072.jpg,6
7758,train/sad/10_image0012088.jpg,6
7759,train/sad/10_image0012344.jpg,6
7760,train/sad/10_image0012406.jpg,6
7761,train/sad/10_image0012556.jpg,6
7762,train/sad/10_image0012667.jpg,6
7763,train/sad/10_image0012784.jpg,6
7764,train/sad/10_image0012820.jpg,6
7765,train/sad/10_image0012882.jpg,6
7766,train/sad/10_image0012917.jpg,6
7767,train/sad/10_image0012947.jpg,6
7768,train/sad/10_image0013126.jpg,6
7769,train/sad/10_image0013202.jpg,6
7770,train/sad/10_image0013235.jpg,6
7771,train/sad/10_image0013354.jpg,6
7772,train/sad/10_image0013361.jpg,6
7773,train/sad/10_image0013499.jpg,6
7774,train/sad/10_image0013528.jpg,6
7775,train/sad/10_image0013656.jpg,6
7776,train/sad/10_image0013661.jpg,6
7777,train/sad/10_image0013685.jpg,6
7778,train/sad/10_image0013698.jpg,6
7779,train/sad/10_image0013779.jpg,6
7780,train/sad/10_image0013919.jpg,6
7781,train/sad/10_image0014138.jpg,6
7782,train/sad/10_image0014145.jpg,6
7783,train/sad/10_image0014198.jpg,6
7784,train/sad/10_image0014205.jpg,6
7785,train/sad/10_image0014274.jpg,6
7786,train/sad/10_image0014285.jpg,6
7787,train/sad/10_image0014287.jpg,6
7788,train/sad/10_image0014347.jpg,6
7789,train/sad/10_image0014379.jpg,6
7790,train/sad/10_image0014757.jpg,6
7791,train/sad/10_image0015055.jpg,6
7792,train/sad/10_image0015100.jpg,6
7793,train/sad/10_image0015146.jpg,6
7794,train/sad/10_image0015157.jpg,6
7795,train/sad/10_image0015261.jpg,6
7796,train/sad/10_image0015328.jpg,6
7797,train/sad/10_image0015395.jpg,6
7798,train/sad/10_image0015403.jpg,6
7799,train/sad/10_image0015613.jpg,6
7800,train/sad/10_image0015752.jpg,6
7801,train/sad/10_image0015968.jpg,6
7802,train/sad/10_image0016339.jpg,6
7803,train/sad/10_image0016341.jpg,6
7804,train/sad/10_image0016380.jpg,6
7805,train/sad/10_image0016449.jpg,6
7806,train/sad/10_image0016471.jpg,6
7807,train/sad/10_image0016509.jpg,6
7808,train/sad/10_image0016639.jpg,6
7809,train/sad/10_image0017308.jpg,6
7810,train/sad/10_image0017366.jpg,6
7811,train/sad/10_image0017380.jpg,6
7812,train/sad/10_image0017473.jpg,6
7813,train/sad/10_image0017496.jpg,6
7814,train/sad/10_image0017518.jpg,6
7815,train/sad/10_image0017657.jpg,6
7816,train/sad/10_image0017701.jpg,6
7817,train/sad/10_image0017758.jpg,6
7818,train/sad/10_image0017878.jpg,6
7819,train/sad/10_image0017950.jpg,6
7820,train/sad/10_image0017958.jpg,6
7821,train/sad/10_image0018067.jpg,6
7822,train/sad/10_image0018376.jpg,6
7823,train/sad/10_image0018394.jpg,6
7824,train/sad/10_image0018398.jpg,6
7825,train/sad/10_image0018401.jpg,6
7826,train/sad/10_image0018434.jpg,6
7827,train/sad/10_image0018438.jpg,6
7828,train/sad/10_image0018454.jpg,6
7829,train/sad/10_image0018498.jpg,6
7830,train/sad/10_image0018548.jpg,6
7831,train/sad/10_image0018586.jpg,6
7832,train/sad/10_image0018663.jpg,6
7833,train/sad/10_image0018700.jpg,6
7834,train/sad/10_image0018821.jpg,6
7835,train/sad/10_image0018920.jpg,6
7836,train/sad/10_image0019084.jpg,6
7837,train/sad/10_image0019092.jpg,6
7838,train/sad/10_image0019108.jpg,6
7839,train/sad/10_image0019135.jpg,6
7840,train/sad/10_image0019167.jpg,6
7841,train/sad/10_image0019198.jpg,6
7842,train/sad/10_image0019204.jpg,6
7843,train/sad/10_image0019304.jpg,6
7844,train/sad/10_image0019318.jpg,6
7845,train/sad/10_image0019419.jpg,6
7846,train/sad/10_image0019644.jpg,6
7847,train/sad/10_image0019681.jpg,6
7848,train/sad/10_image0019832.jpg,6
7849,train/sad/10_image0019904.jpg,6
7850,train/sad/10_image0019936.jpg,6
7851,train/sad/10_image0019961.jpg,6
7852,train/sad/10_image0020050.jpg,6
7853,train/sad/10_image0020133.jpg,6
7854,train/sad/10_image0020189.jpg,6
7855,train/sad/10_image0020196.jpg,6
7856,train/sad/10_image0020202.jpg,6
7857,train/sad/10_image0020215.jpg,6
7858,train/sad/10_image0020270.jpg,6
7859,train/sad/10_image0020275.jpg,6
7860,train/sad/10_image0020352.jpg,6
7861,train/sad/10_image0020362.jpg,6
7862,train/sad/10_image0020398.jpg,6
7863,train/sad/10_image0020408.jpg,6
7864,train/sad/10_image0020432.jpg,6
7865,train/sad/10_image0020522.jpg,6
7866,train/sad/10_image0020599.jpg,6
7867,train/sad/10_image0020875.jpg,6
7868,train/sad/10_image0020944.jpg,6
7869,train/sad/10_image0021081.jpg,6
7870,train/sad/10_image0021089.jpg,6
7871,train/sad/10_image0021095.jpg,6
7872,train/sad/10_image0021154.jpg,6
7873,train/sad/10_image0021227.jpg,6
7874,train/sad/10_image0021240.jpg,6
7875,train/sad/10_image0021252.jpg,6
7876,train/sad/10_image0021260.jpg,6
7877,train/sad/10_image0021277.jpg,6
7878,train/sad/10_image0021541.jpg,6
7879,train/sad/10_image0021547.jpg,6
7880,train/sad/10_image0021618.jpg,6
7881,train/sad/10_image0021629.jpg,6
7882,train/sad/10_image0021667.jpg,6
7883,train/sad/10_image0021737.jpg,6
7884,train/sad/10_image0021745.jpg,6
7885,train/sad/10_image0021823.jpg,6
7886,train/sad/10_image0021849.jpg,6
7887,train/sad/10_image0021908.jpg,6
7888,train/sad/10_image0021956.jpg,6
7889,train/sad/10_image0021967.jpg,6
7890,train/sad/10_image0022005.jpg,6
7891,train/sad/10_image0022094.jpg,6
7892,train/sad/10_image0022119.jpg,6
7893,train/sad/10_image0022148.jpg,6
7894,train/sad/10_image0022166.jpg,6
7895,train/sad/10_image0022464.jpg,6
7896,train/sad/10_image0022521.jpg,6
7897,train/sad/10_image0022546.jpg,6
7898,train/sad/10_image0022579.jpg,6
7899,train/sad/10_image0022636.jpg,6
7900,train/sad/10_image0022722.jpg,6
7901,train/sad/10_image0022745.jpg,6
7902,train/sad/10_image0022807.jpg,6
7903,train/sad/10_image0022842.jpg,6
7904,train/sad/10_image0023142.jpg,6
7905,train/sad/10_image0023159.jpg,6
7906,train/sad/10_image0023210.jpg,6
7907,train/sad/10_image0023389.jpg,6
7908,train/sad/10_image0023415.jpg,6
7909,train/sad/10_image0023416.jpg,6
7910,train/sad/10_image0023431.jpg,6
7911,train/sad/10_image0023446.jpg,6
7912,train/sad/10_image0023565.jpg,6
7913,train/sad/10_image0023621.jpg,6
7914,train/sad/10_image0023643.jpg,6
7915,train/sad/10_image0023655.jpg,6
7916,train/sad/10_image0023667.jpg,6
7917,train/sad/10_image0023693.jpg,6
7918,train/sad/10_image0023760.jpg,6
7919,train/sad/10_image0023776.jpg,6
7920,train/sad/10_image0023921.jpg,6
7921,train/sad/10_image0023946.jpg,6
7922,train/sad/10_image0024057.jpg,6
7923,train/sad/10_image0024066.jpg,6
7924,train/sad/10_image0024117.jpg,6
7925,train/sad/10_image0024167.jpg,6
7926,train/sad/10_image0024236.jpg,6
7927,train/sad/10_image0024257.jpg,6
7928,train/sad/10_image0024328.jpg,6
7929,train/sad/10_image0024330.jpg,6
7930,train/sad/10_image0024336.jpg,6
7931,train/sad/10_image0024391.jpg,6
7932,train/sad/10_image0024433.jpg,6
7933,train/sad/10_image0024572.jpg,6
7934,train/sad/10_image0024724.jpg,6
7935,train/sad/10_image0024735.jpg,6
7936,train/sad/10_image0024807.jpg,6
7937,train/sad/10_image0024853.jpg,6
7938,train/sad/10_image0024968.jpg,6
7939,train/sad/10_image0025016.jpg,6
7940,train/sad/10_image0025018.jpg,6
7941,train/sad/10_image0025137.jpg,6
7942,train/sad/10_image0025185.jpg,6
7943,train/sad/10_image0025203.jpg,6
7944,train/sad/10_image0025332.jpg,6
7945,train/sad/10_image0025367.jpg,6
7946,train/sad/10_image0025509.jpg,6
7947,train/sad/10_image0025524.jpg,6
7948,train/sad/10_image0025679.jpg,6
7949,train/sad/10_image0025686.jpg,6
7950,train/sad/10_image0025753.jpg,6
7951,train/sad/10_image0025769.jpg,6
7952,train/sad/10_image0025843.jpg,6
7953,train/sad/10_image0025999.jpg,6
7954,train/sad/10_image0026088.jpg,6
7955,train/sad/10_image0026105.jpg,6
7956,train/sad/10_image0026107.jpg,6
7957,train/sad/10_image0026132.jpg,6
7958,train/sad/10_image0026142.jpg,6
7959,train/sad/10_image0026188.jpg,6
7960,train/sad/10_image0026195.jpg,6
7961,train/sad/10_image0026208.jpg,6
7962,train/sad/10_image0026282.jpg,6
7963,train/sad/10_image0026319.jpg,6
7964,train/sad/10_image0026321.jpg,6
7965,train/sad/10_image0026347.jpg,6
7966,train/sad/10_image0026435.jpg,6
7967,train/sad/10_image0026538.jpg,6
7968,train/sad/10_image0026622.jpg,6
7969,train/sad/10_image0026684.jpg,6
7970,train/sad/10_image0026727.jpg,6
7971,train/sad/10_image0026750.jpg,6
7972,train/sad/10_image0026782.jpg,6
7973,train/sad/10_image0026793.jpg,6
7974,train/sad/10_image0026839.jpg,6
7975,train/sad/10_image0026842.jpg,6
7976,train/sad/10_image0026916.jpg,6
7977,train/sad/10_image0026972.jpg,6
7978,train/sad/10_image0026974.jpg,6
7979,train/sad/10_image0027030.jpg,6
7980,train/sad/10_image0027084.jpg,6
7981,train/sad/10_image0027085.jpg,6
7982,train/sad/10_image0027091.jpg,6
7983,train/sad/10_image0027189.jpg,6
7984,train/sad/10_image0027193.jpg,6
7985,train/sad/10_image0027195.jpg,6
7986,train/sad/10_image0027206.jpg,6
7987,train/sad/10_image0027208.jpg,6
7988,train/sad/10_image0027305.jpg,6
7989,train/sad/10_image0027320.jpg,6
7990,train/sad/10_image0027380.jpg,6
7991,train/sad/10_image0027403.jpg,6
7992,train/sad/10_image0027413.jpg,6
7993,train/sad/10_image0027449.jpg,6
7994,train/sad/10_image0027486.jpg,6
7995,train/sad/10_image0027503.jpg,6
7996,train/sad/10_image0027513.jpg,6
7997,train/sad/10_image0027534.jpg,6
7998,train/sad/10_image0027539.jpg,6
7999,train/sad/10_image0027556.jpg,6
8000,train/sad/10_image0027772.jpg,6
8001,train/sad/10_image0027807.jpg,6
8002,train/sad/10_image0027835.jpg,6
8003,train/sad/10_image0027916.jpg,6
8004,train/sad/10_image0027937.jpg,6
8005,train/sad/10_image0027954.jpg,6
8006,train/sad/10_image0028141.jpg,6
8007,train/sad/10_image0028159.jpg,6
8008,train/sad/10_image0028213.jpg,6
8009,train/sad/10_image0028217.jpg,6
8010,train/sad/10_image0028233.jpg,6
8011,train/sad/10_image0028302.jpg,6
8012,train/sad/10_image0028389.jpg,6
8013,train/sad/10_image0028410.jpg,6
8014,train/sad/10_image0028454.jpg,6
8015,train/sad/10_image0028539.jpg,6
8016,train/sad/10_image0028600.jpg,6
8017,train/sad/10_image0028615.jpg,6
8018,train/sad/10_image0028647.jpg,6
8019,train/sad/10_image0028741.jpg,6
8020,train/sad/10_image0028804.jpg,6
8021,train/sad/10_image0028811.jpg,6
8022,train/sad/10_image0028823.jpg,6
8023,train/sad/10_image0028830.jpg,6
8024,train/sad/10_image0028907.jpg,6
8025,train/sad/10_image0028909.jpg,6
8026,train/sad/10_image0028911.jpg,6
8027,train/sad/10_image0028914.jpg,6
8028,train/sad/10_image0028985.jpg,6
8029,train/sad/10_image0028990.jpg,6
8030,train/sad/10_image0029008.jpg,6
8031,train/sad/10_image0029025.jpg,6
8032,train/sad/10_image0029057.jpg,6
8033,train/sad/10_image0029069.jpg,6
8034,train/sad/10_image0029081.jpg,6
8035,train/sad/10_image0029095.jpg,6
8036,train/sad/10_image0029114.jpg,6
8037,train/sad/10_image0029115.jpg,6
8038,train/sad/10_image0029168.jpg,6
8039,train/sad/10_image0029193.jpg,6
8040,train/sad/10_image0029196.jpg,6
8041,train/sad/10_image0029199.jpg,6
8042,train/sad/10_image0029209.jpg,6
8043,train/sad/10_image0029215.jpg,6
8044,train/sad/10_image0029223.jpg,6
8045,train/sad/10_image0029256.jpg,6
8046,train/sad/10_image0029341.jpg,6
8047,train/sad/10_image0029371.jpg,6
8048,train/sad/10_image0029391.jpg,6
8049,train/sad/10_image0029396.jpg,6
8050,train/sad/10_image0029418.jpg,6
8051,train/sad/10_image0029483.jpg,6
8052,train/sad/10_image0029539.jpg,6
8053,train/sad/10_image0029548.jpg,6
8054,train/sad/10_image0029566.jpg,6
8055,train/sad/10_image0029580.jpg,6
8056,train/sad/10_image0029582.jpg,6
8057,train/sad/10_image0029604.jpg,6
8058,train/sad/10_image0029608.jpg,6
8059,train/sad/10_image0029660.jpg,6
8060,train/sad/10_image0029680.jpg,6
8061,train/sad/10_image0029711.jpg,6
8062,train/sad/10_image0029833.jpg,6
8063,train/sad/10_image0029912.jpg,6
8064,train/sad/10_image0029916.jpg,6
8065,train/sad/10_image0030059.jpg,6
8066,train/sad/10_image0030066.jpg,6
8067,train/sad/10_image0030085.jpg,6
8068,train/sad/10_image0030113.jpg,6
8069,train/sad/10_image0030125.jpg,6
8070,train/sad/10_image0030156.jpg,6
8071,train/sad/10_image0030161.jpg,6
8072,train/sad/10_image0030220.jpg,6
8073,train/sad/10_image0030222.jpg,6
8074,train/sad/10_image0030262.jpg,6
8075,train/sad/10_image0030337.jpg,6
8076,train/sad/10_image0030343.jpg,6
8077,train/sad/10_image0030358.jpg,6
8078,train/sad/10_image0030389.jpg,6
8079,train/sad/10_image0030440.jpg,6
8080,train/sad/10_image0030485.jpg,6
8081,train/sad/15_image0000145.jpg,6
8082,train/sad/15_image0000290.jpg,6
8083,train/sad/15_image0000311.jpg,6
8084,train/sad/15_image0000481.jpg,6
8085,train/sad/15_image0000971.jpg,6
8086,train/sad/15_image0001176.jpg,6
8087,train/sad/15_image0001340.jpg,6
8088,train/sad/15_image0001502.jpg,6
8089,train/sad/15_image0001610.jpg,6
8090,train/sad/15_image0001735.jpg,6
8091,train/sad/15_image0001976.jpg,6
8092,train/sad/15_image0002134.jpg,6
8093,train/sad/15_image0002169.jpg,6
8094,train/sad/15_image0002531.jpg,6
8095,train/sad/15_image0002651.jpg,6
8096,train/sad/15_image0002784.jpg,6
8097,train/sad/15_image0003248.jpg,6
8098,train/sad/15_image0003323.jpg,6
8099,train/sad/15_image0003736.jpg,6
8100,train/sad/15_image0003911.jpg,6
8101,train/sad/15_image0004019.jpg,6
8102,train/sad/15_image0004498.jpg,6
8103,train/sad/15_image0004549.jpg,6
8104,train/sad/15_image0004941.jpg,6
8105,train/sad/15_image0005018.jpg,6
8106,train/sad/15_image0005386.jpg,6
8107,train/sad/15_image0005478.jpg,6
8108,train/sad/15_image0005639.jpg,6
8109,train/sad/15_image0005835.jpg,6
8110,train/sad/15_image0005897.jpg,6
8111,train/sad/15_image0006101.jpg,6
8112,train/sad/15_image0006117.jpg,6
8113,train/sad/15_image0006120.jpg,6
8114,train/sad/15_image0006154.jpg,6
8115,train/sad/15_image0006250.jpg,6
8116,train/sad/15_image0006498.jpg,6
8117,train/sad/15_image0006623.jpg,6
8118,train/sad/15_image0006626.jpg,6
8119,train/sad/15_image0006646.jpg,6
8120,train/sad/15_image0006777.jpg,6
8121,train/sad/15_image0007162.jpg,6
8122,train/sad/15_image0007234.jpg,6
8123,train/sad/15_image0007428.jpg,6
8124,train/sad/15_image0007561.jpg,6
8125,train/sad/15_image0007797.jpg,6
8126,train/sad/15_image0007887.jpg,6
8127,train/sad/15_image0007965.jpg,6
8128,train/sad/15_image0007971.jpg,6
8129,train/sad/15_image0007990.jpg,6
8130,train/sad/15_image0008064.jpg,6
8131,train/sad/15_image0008190.jpg,6
8132,train/sad/15_image0008508.jpg,6
8133,train/sad/15_image0008509.jpg,6
8134,train/sad/15_image0008539.jpg,6
8135,train/sad/15_image0008549.jpg,6
8136,train/sad/15_image0009086.jpg,6
8137,train/sad/15_image0009190.jpg,6
8138,train/sad/15_image0009255.jpg,6
8139,train/sad/15_image0009299.jpg,6
8140,train/sad/15_image0009335.jpg,6
8141,train/sad/15_image0009554.jpg,6
8142,train/sad/15_image0009757.jpg,6
8143,train/sad/15_image0010331.jpg,6
8144,train/sad/15_image0010753.jpg,6
8145,train/sad/15_image0010959.jpg,6
8146,train/sad/15_image0011006.jpg,6
8147,train/sad/15_image0011063.jpg,6
8148,train/sad/15_image0011175.jpg,6
8149,train/sad/15_image0011299.jpg,6
8150,train/sad/15_image0011542.jpg,6
8151,train/sad/15_image0011872.jpg,6
8152,train/sad/15_image0011894.jpg,6
8153,train/sad/15_image0011937.jpg,6
8154,train/sad/15_image0012009.jpg,6
8155,train/sad/15_image0012273.jpg,6
8156,train/sad/15_image0012305.jpg,6
8157,train/sad/15_image0012334.jpg,6
8158,train/sad/15_image0012377.jpg,6
8159,train/sad/15_image0012409.jpg,6
8160,train/sad/15_image0012446.jpg,6
8161,train/sad/15_image0012455.jpg,6
8162,train/sad/15_image0012590.jpg,6
8163,train/sad/15_image0012681.jpg,6
8164,train/sad/15_image0012686.jpg,6
8165,train/sad/15_image0012733.jpg,6
8166,train/sad/15_image0012793.jpg,6
8167,train/sad/15_image0012882.jpg,6
8168,train/sad/15_image0012947.jpg,6
8169,train/sad/15_image0012950.jpg,6
8170,train/sad/15_image0012985.jpg,6
8171,train/sad/15_image0013120.jpg,6
8172,train/sad/15_image0013264.jpg,6
8173,train/sad/15_image0013438.jpg,6
8174,train/sad/15_image0013528.jpg,6
8175,train/sad/15_image0013556.jpg,6
8176,train/sad/15_image0013558.jpg,6
8177,train/sad/15_image0013580.jpg,6
8178,train/sad/15_image0013711.jpg,6
8179,train/sad/15_image0013749.jpg,6
8180,train/sad/15_image0014147.jpg,6
8181,train/sad/15_image0014153.jpg,6
8182,train/sad/15_image0014424.jpg,6
8183,train/sad/15_image0014485.jpg,6
8184,train/sad/15_image0014523.jpg,6
8185,train/sad/15_image0014726.jpg,6
8186,train/sad/15_image0014752.jpg,6
8187,train/sad/15_image0014756.jpg,6
8188,train/sad/15_image0014914.jpg,6
8189,train/sad/15_image0015009.jpg,6
8190,train/sad/15_image0015162.jpg,6
8191,train/sad/15_image0015289.jpg,6
8192,train/sad/15_image0015328.jpg,6
8193,train/sad/15_image0015536.jpg,6
8194,train/sad/15_image0015793.jpg,6
8195,train/sad/15_image0015909.jpg,6
8196,train/sad/15_image0016020.jpg,6
8197,train/sad/15_image0016111.jpg,6
8198,train/sad/15_image0016113.jpg,6
8199,train/sad/15_image0016204.jpg,6
8200,train/sad/15_image0016215.jpg,6
8201,train/sad/15_image0016231.jpg,6
8202,train/sad/15_image0016454.jpg,6
8203,train/sad/15_image0016471.jpg,6
8204,train/sad/15_image0016524.jpg,6
8205,train/sad/15_image0016553.jpg,6
8206,train/sad/15_image0016555.jpg,6
8207,train/sad/15_image0016561.jpg,6
8208,train/sad/15_image0016626.jpg,6
8209,train/sad/15_image0016627.jpg,6
8210,train/sad/15_image0016654.jpg,6
8211,train/sad/15_image0016832.jpg,6
8212,train/sad/15_image0016936.jpg,6
8213,train/sad/15_image0016938.jpg,6
8214,train/sad/15_image0017042.jpg,6
8215,train/sad/15_image0017220.jpg,6
8216,train/sad/15_image0017250.jpg,6
8217,train/sad/15_image0017308.jpg,6
8218,train/sad/15_image0017480.jpg,6
8219,train/sad/15_image0017483.jpg,6
8220,train/sad/15_image0017522.jpg,6
8221,train/sad/15_image0017557.jpg,6
8222,train/sad/15_image0017609.jpg,6
8223,train/sad/15_image0017613.jpg,6
8224,train/sad/15_image0017637.jpg,6
8225,train/sad/15_image0017687.jpg,6
8226,train/sad/15_image0017773.jpg,6
8227,train/sad/15_image0017775.jpg,6
8228,train/sad/15_image0017792.jpg,6
8229,train/sad/15_image0017946.jpg,6
8230,train/sad/15_image0017977.jpg,6
8231,train/sad/15_image0017990.jpg,6
8232,train/sad/15_image0017994.jpg,6
8233,train/sad/15_image0018037.jpg,6
8234,train/sad/15_image0018055.jpg,6
8235,train/sad/15_image0018067.jpg,6
8236,train/sad/15_image0018086.jpg,6
8237,train/sad/15_image0018106.jpg,6
8238,train/sad/15_image0018268.jpg,6
8239,train/sad/15_image0018376.jpg,6
8240,train/sad/15_image0018434.jpg,6
8241,train/sad/15_image0018465.jpg,6
8242,train/sad/15_image0018498.jpg,6
8243,train/sad/15_image0018663.jpg,6
8244,train/sad/15_image0018692.jpg,6
8245,train/sad/15_image0018823.jpg,6
8246,train/sad/15_image0018826.jpg,6
8247,train/sad/15_image0018977.jpg,6
8248,train/sad/15_image0018992.jpg,6
8249,train/sad/15_image0019028.jpg,6
8250,train/sad/15_image0019122.jpg,6
8251,train/sad/15_image0019233.jpg,6
8252,train/sad/15_image0019406.jpg,6
8253,train/sad/15_image0019432.jpg,6
8254,train/sad/15_image0019500.jpg,6
8255,train/sad/15_image0019510.jpg,6
8256,train/sad/15_image0019547.jpg,6
8257,train/sad/15_image0019644.jpg,6
8258,train/sad/15_image0019749.jpg,6
8259,train/sad/15_image0019782.jpg,6
8260,train/sad/15_image0019786.jpg,6
8261,train/sad/15_image0019791.jpg,6
8262,train/sad/15_image0019857.jpg,6
8263,train/sad/15_image0019906.jpg,6
8264,train/sad/15_image0019960.jpg,6
8265,train/sad/15_image0019998.jpg,6
8266,train/sad/15_image0020005.jpg,6
8267,train/sad/15_image0020009.jpg,6
8268,train/sad/15_image0020028.jpg,6
8269,train/sad/15_image0020107.jpg,6
8270,train/sad/15_image0020144.jpg,6
8271,train/sad/15_image0020158.jpg,6
8272,train/sad/15_image0020202.jpg,6
8273,train/sad/15_image0020270.jpg,6
8274,train/sad/15_image0020338.jpg,6
8275,train/sad/15_image0020362.jpg,6
8276,train/sad/15_image0020441.jpg,6
8277,train/sad/15_image0020580.jpg,6
8278,train/sad/15_image0020590.jpg,6
8279,train/sad/15_image0020609.jpg,6
8280,train/sad/15_image0020638.jpg,6
8281,train/sad/15_image0020711.jpg,6
8282,train/sad/15_image0020774.jpg,6
8283,train/sad/15_image0020988.jpg,6
8284,train/sad/15_image0020996.jpg,6
8285,train/sad/15_image0021006.jpg,6
8286,train/sad/15_image0021107.jpg,6
8287,train/sad/15_image0021154.jpg,6
8288,train/sad/15_image0021203.jpg,6
8289,train/sad/15_image0021233.jpg,6
8290,train/sad/15_image0021349.jpg,6
8291,train/sad/15_image0021369.jpg,6
8292,train/sad/15_image0021420.jpg,6
8293,train/sad/15_image0021481.jpg,6
8294,train/sad/15_image0021667.jpg,6
8295,train/sad/15_image0021686.jpg,6
8296,train/sad/15_image0021716.jpg,6
8297,train/sad/15_image0021785.jpg,6
8298,train/sad/15_image0021789.jpg,6
8299,train/sad/15_image0021823.jpg,6
8300,train/sad/15_image0021899.jpg,6
8301,train/sad/15_image0021989.jpg,6
8302,train/sad/15_image0022005.jpg,6
8303,train/sad/15_image0022008.jpg,6
8304,train/sad/15_image0022126.jpg,6
8305,train/sad/15_image0022185.jpg,6
8306,train/sad/15_image0022202.jpg,6
8307,train/sad/15_image0022245.jpg,6
8308,train/sad/15_image0022296.jpg,6
8309,train/sad/15_image0022301.jpg,6
8310,train/sad/15_image0022318.jpg,6
8311,train/sad/15_image0022341.jpg,6
8312,train/sad/15_image0022348.jpg,6
8313,train/sad/15_image0022408.jpg,6
8314,train/sad/15_image0022483.jpg,6
8315,train/sad/15_image0022564.jpg,6
8316,train/sad/15_image0022579.jpg,6
8317,train/sad/15_image0022704.jpg,6
8318,train/sad/15_image0022905.jpg,6
8319,train/sad/15_image0022933.jpg,6
8320,train/sad/15_image0022997.jpg,6
8321,train/sad/15_image0023046.jpg,6
8322,train/sad/15_image0023179.jpg,6
8323,train/sad/15_image0023222.jpg,6
8324,train/sad/15_image0023226.jpg,6
8325,train/sad/15_image0023231.jpg,6
8326,train/sad/15_image0023244.jpg,6
8327,train/sad/15_image0023398.jpg,6
8328,train/sad/15_image0023450.jpg,6
8329,train/sad/15_image0023519.jpg,6
8330,train/sad/15_image0023540.jpg,6
8331,train/sad/15_image0023558.jpg,6
8332,train/sad/15_image0023559.jpg,6
8333,train/sad/15_image0023588.jpg,6
8334,train/sad/15_image0023916.jpg,6
8335,train/sad/15_image0023925.jpg,6
8336,train/sad/15_image0024043.jpg,6
8337,train/sad/15_image0024096.jpg,6
8338,train/sad/15_image0024106.jpg,6
8339,train/sad/15_image0024141.jpg,6
8340,train/sad/15_image0024165.jpg,6
8341,train/sad/15_image0024257.jpg,6
8342,train/sad/15_image0024366.jpg,6
8343,train/sad/15_image0024395.jpg,6
8344,train/sad/15_image0024407.jpg,6
8345,train/sad/15_image0024568.jpg,6
8346,train/sad/15_image0024572.jpg,6
8347,train/sad/15_image0024596.jpg,6
8348,train/sad/15_image0024616.jpg,6
8349,train/sad/15_image0024624.jpg,6
8350,train/sad/15_image0024671.jpg,6
8351,train/sad/15_image0024699.jpg,6
8352,train/sad/15_image0024805.jpg,6
8353,train/sad/15_image0024853.jpg,6
8354,train/sad/15_image0024890.jpg,6
8355,train/sad/15_image0024911.jpg,6
8356,train/sad/15_image0024944.jpg,6
8357,train/sad/15_image0024994.jpg,6
8358,train/sad/15_image0025020.jpg,6
8359,train/sad/15_image0025066.jpg,6
8360,train/sad/15_image0025164.jpg,6
8361,train/sad/15_image0025195.jpg,6
8362,train/sad/15_image0025335.jpg,6
8363,train/sad/15_image0025414.jpg,6
8364,train/sad/15_image0025479.jpg,6
8365,train/sad/15_image0025480.jpg,6
8366,train/sad/15_image0025536.jpg,6
8367,train/sad/15_image0025591.jpg,6
8368,train/sad/15_image0025645.jpg,6
8369,train/sad/15_image0025648.jpg,6
8370,train/sad/15_image0025666.jpg,6
8371,train/sad/15_image0025693.jpg,6
8372,train/sad/15_image0025730.jpg,6
8373,train/sad/15_image0025736.jpg,6
8374,train/sad/15_image0025769.jpg,6
8375,train/sad/15_image0025771.jpg,6
8376,train/sad/15_image0025933.jpg,6
8377,train/sad/15_image0025985.jpg,6
8378,train/sad/15_image0026046.jpg,6
8379,train/sad/15_image0026057.jpg,6
8380,train/sad/15_image0026109.jpg,6
8381,train/sad/15_image0026226.jpg,6
8382,train/sad/15_image0026247.jpg,6
8383,train/sad/15_image0026306.jpg,6
8384,train/sad/15_image0026319.jpg,6
8385,train/sad/15_image0026435.jpg,6
8386,train/sad/15_image0026494.jpg,6
8387,train/sad/15_image0026537.jpg,6
8388,train/sad/15_image0026545.jpg,6
8389,train/sad/15_image0026623.jpg,6
8390,train/sad/15_image0026686.jpg,6
8391,train/sad/15_image0026721.jpg,6
8392,train/sad/15_image0026839.jpg,6
8393,train/sad/15_image0026856.jpg,6
8394,train/sad/15_image0026894.jpg,6
8395,train/sad/15_image0026969.jpg,6
8396,train/sad/15_image0026990.jpg,6
8397,train/sad/15_image0027076.jpg,6
8398,train/sad/15_image0027105.jpg,6
8399,train/sad/15_image0027112.jpg,6
8400,train/sad/15_image0027137.jpg,6
8401,train/sad/15_image0027160.jpg,6
8402,train/sad/15_image0027229.jpg,6
8403,train/sad/15_image0027282.jpg,6
8404,train/sad/15_image0027346.jpg,6
8405,train/sad/15_image0027393.jpg,6
8406,train/sad/15_image0027401.jpg,6
8407,train/sad/15_image0027418.jpg,6
8408,train/sad/15_image0027431.jpg,6
8409,train/sad/15_image0027436.jpg,6
8410,train/sad/15_image0027449.jpg,6
8411,train/sad/15_image0027458.jpg,6
8412,train/sad/15_image0027474.jpg,6
8413,train/sad/15_image0027479.jpg,6
8414,train/sad/15_image0027514.jpg,6
8415,train/sad/15_image0027520.jpg,6
8416,train/sad/15_image0027526.jpg,6
8417,train/sad/15_image0027531.jpg,6
8418,train/sad/15_image0027542.jpg,6
8419,train/sad/15_image0027553.jpg,6
8420,train/sad/15_image0027556.jpg,6
8421,train/sad/15_image0027597.jpg,6
8422,train/sad/15_image0027602.jpg,6
8423,train/sad/15_image0027619.jpg,6
8424,train/sad/15_image0027644.jpg,6
8425,train/sad/15_image0027691.jpg,6
8426,train/sad/15_image0027715.jpg,6
8427,train/sad/15_image0027736.jpg,6
8428,train/sad/15_image0027738.jpg,6
8429,train/sad/15_image0027758.jpg,6
8430,train/sad/15_image0027786.jpg,6
8431,train/sad/15_image0027824.jpg,6
8432,train/sad/15_image0027838.jpg,6
8433,train/sad/15_image0027937.jpg,6
8434,train/sad/15_image0027954.jpg,6
8435,train/sad/15_image0028060.jpg,6
8436,train/sad/15_image0028062.jpg,6
8437,train/sad/15_image0028087.jpg,6
8438,train/sad/15_image0028091.jpg,6
8439,train/sad/15_image0028110.jpg,6
8440,train/sad/15_image0028115.jpg,6
8441,train/sad/15_image0028141.jpg,6
8442,train/sad/15_image0028178.jpg,6
8443,train/sad/15_image0028190.jpg,6
8444,train/sad/15_image0028207.jpg,6
8445,train/sad/15_image0028216.jpg,6
8446,train/sad/15_image0028230.jpg,6
8447,train/sad/15_image0028258.jpg,6
8448,train/sad/15_image0028297.jpg,6
8449,train/sad/15_image0028318.jpg,6
8450,train/sad/15_image0028354.jpg,6
8451,train/sad/15_image0028385.jpg,6
8452,train/sad/15_image0028391.jpg,6
8453,train/sad/15_image0028404.jpg,6
8454,train/sad/15_image0028473.jpg,6
8455,train/sad/15_image0028502.jpg,6
8456,train/sad/15_image0028505.jpg,6
8457,train/sad/15_image0028539.jpg,6
8458,train/sad/15_image0028609.jpg,6
8459,train/sad/15_image0028630.jpg,6
8460,train/sad/15_image0028670.jpg,6
8461,train/sad/15_image0028689.jpg,6
8462,train/sad/15_image0028695.jpg,6
8463,train/sad/15_image0028699.jpg,6
8464,train/sad/15_image0028701.jpg,6
8465,train/sad/15_image0028735.jpg,6
8466,train/sad/15_image0028817.jpg,6
8467,train/sad/15_image0028824.jpg,6
8468,train/sad/15_image0028865.jpg,6
8469,train/sad/15_image0028919.jpg,6
8470,train/sad/15_image0028942.jpg,6
8471,train/sad/15_image0028972.jpg,6
8472,train/sad/15_image0029008.jpg,6
8473,train/sad/15_image0029040.jpg,6
8474,train/sad/15_image0029059.jpg,6
8475,train/sad/15_image0029062.jpg,6
8476,train/sad/15_image0029113.jpg,6
8477,train/sad/15_image0029160.jpg,6
8478,train/sad/15_image0029183.jpg,6
8479,train/sad/15_image0029204.jpg,6
8480,train/sad/15_image0029232.jpg,6
8481,train/sad/15_image0029233.jpg,6
8482,train/sad/15_image0029269.jpg,6
8483,train/sad/15_image0029285.jpg,6
8484,train/sad/15_image0029364.jpg,6
8485,train/sad/15_image0029403.jpg,6
8486,train/sad/15_image0029422.jpg,6
8487,train/sad/15_image0029461.jpg,6
8488,train/sad/15_image0029471.jpg,6
8489,train/sad/15_image0029479.jpg,6
8490,train/sad/15_image0029488.jpg,6
8491,train/sad/15_image0029495.jpg,6
8492,train/sad/15_image0029543.jpg,6
8493,train/sad/15_image0029566.jpg,6
8494,train/sad/15_image0029572.jpg,6
8495,train/sad/15_image0029604.jpg,6
8496,train/sad/15_image0029608.jpg,6
8497,train/sad/15_image0029645.jpg,6
8498,train/sad/15_image0029680.jpg,6
8499,train/sad/15_image0029731.jpg,6
8500,train/sad/15_image0029747.jpg,6
8501,train/sad/15_image0029764.jpg,6
8502,train/sad/15_image0029846.jpg,6
8503,train/sad/15_image0029850.jpg,6
8504,train/sad/15_image0029916.jpg,6
8505,train/sad/15_image0029937.jpg,6
8506,train/sad/15_image0029951.jpg,6
8507,train/sad/15_image0030045.jpg,6
8508,train/sad/15_image0030105.jpg,6
8509,train/sad/15_image0030125.jpg,6
8510,train/sad/15_image0030134.jpg,6
8511,train/sad/15_image0030179.jpg,6
8512,train/sad/15_image0030184.jpg,6
8513,train/sad/15_image0030185.jpg,6
8514,train/sad/15_image0030232.jpg,6
8515,train/sad/15_image0030267.jpg,6
8516,train/sad/15_image0030281.jpg,6
8517,train/sad/15_image0030305.jpg,6
8518,train/sad/15_image0030321.jpg,6
8519,train/sad/15_image0030336.jpg,6
8520,train/sad/15_image0030341.jpg,6
8521,train/sad/15_image0030343.jpg,6
8522,train/sad/15_image0030345.jpg,6
8523,train/sad/15_image0030351.jpg,6
8524,train/sad/15_image0030358.jpg,6
8525,train/sad/15_image0030359.jpg,6
8526,train/sad/15_image0030398.jpg,6
8527,train/sad/15_image0030452.jpg,6
8528,train/sad/15_image0030470.jpg,6
8529,train/sad/15_image0030489.jpg,6
8530,train/sad/5_image0000145.jpg,6
8531,train/sad/5_image0000162.jpg,6
8532,train/sad/5_image0000179.jpg,6
8533,train/sad/5_image0000274.jpg,6
8534,train/sad/5_image0000327.jpg,6
8535,train/sad/5_image0000362.jpg,6
8536,train/sad/5_image0000382.jpg,6
8537,train/sad/5_image0000883.jpg,6
8538,train/sad/5_image0000971.jpg,6
8539,train/sad/5_image0001214.jpg,6
8540,train/sad/5_image0001342.jpg,6
8541,train/sad/5_image0001842.jpg,6
8542,train/sad/5_image0001897.jpg,6
8543,train/sad/5_image0002086.jpg,6
8544,train/sad/5_image0002304.jpg,6
8545,train/sad/5_image0002582.jpg,6
8546,train/sad/5_image0003059.jpg,6
8547,train/sad/5_image0003434.jpg,6
8548,train/sad/5_image0003603.jpg,6
8549,train/sad/5_image0003615.jpg,6
8550,train/sad/5_image0003644.jpg,6
8551,train/sad/5_image0003765.jpg,6
8552,train/sad/5_image0003825.jpg,6
8553,train/sad/5_image0003846.jpg,6
8554,train/sad/5_image0003921.jpg,6
8555,train/sad/5_image0003944.jpg,6
8556,train/sad/5_image0003995.jpg,6
8557,train/sad/5_image0004052.jpg,6
8558,train/sad/5_image0004250.jpg,6
8559,train/sad/5_image0004490.jpg,6
8560,train/sad/5_image0004510.jpg,6
8561,train/sad/5_image0004594.jpg,6
8562,train/sad/5_image0004941.jpg,6
8563,train/sad/5_image0005031.jpg,6
8564,train/sad/5_image0005113.jpg,6
8565,train/sad/5_image0005153.jpg,6
8566,train/sad/5_image0005431.jpg,6
8567,train/sad/5_image0005477.jpg,6
8568,train/sad/5_image0005478.jpg,6
8569,train/sad/5_image0005582.jpg,6
8570,train/sad/5_image0005610.jpg,6
8571,train/sad/5_image0005613.jpg,6
8572,train/sad/5_image0005615.jpg,6
8573,train/sad/5_image0005655.jpg,6
8574,train/sad/5_image0005772.jpg,6
8575,train/sad/5_image0005941.jpg,6
8576,train/sad/5_image0006018.jpg,6
8577,train/sad/5_image0006107.jpg,6
8578,train/sad/5_image0006165.jpg,6
8579,train/sad/5_image0006252.jpg,6
8580,train/sad/5_image0006304.jpg,6
8581,train/sad/5_image0006341.jpg,6
8582,train/sad/5_image0006423.jpg,6
8583,train/sad/5_image0006475.jpg,6
8584,train/sad/5_image0006511.jpg,6
8585,train/sad/5_image0006593.jpg,6
8586,train/sad/5_image0006787.jpg,6
8587,train/sad/5_image0006883.jpg,6
8588,train/sad/5_image0007162.jpg,6
8589,train/sad/5_image0007165.jpg,6
8590,train/sad/5_image0007270.jpg,6
8591,train/sad/5_image0007363.jpg,6
8592,train/sad/5_image0007561.jpg,6
8593,train/sad/5_image0007601.jpg,6
8594,train/sad/5_image0007747.jpg,6
8595,train/sad/5_image0007820.jpg,6
8596,train/sad/5_image0007934.jpg,6
8597,train/sad/5_image0008237.jpg,6
8598,train/sad/5_image0008581.jpg,6
8599,train/sad/5_image0009010.jpg,6
8600,train/sad/5_image0009024.jpg,6
8601,train/sad/5_image0009147.jpg,6
8602,train/sad/5_image0009161.jpg,6
8603,train/sad/5_image0009294.jpg,6
8604,train/sad/5_image0009335.jpg,6
8605,train/sad/5_image0009422.jpg,6
8606,train/sad/5_image0009601.jpg,6
8607,train/sad/5_image0009784.jpg,6
8608,train/sad/5_image0009996.jpg,6
8609,train/sad/5_image0010065.jpg,6
8610,train/sad/5_image0010172.jpg,6
8611,train/sad/5_image0010204.jpg,6
8612,train/sad/5_image0010206.jpg,6
8613,train/sad/5_image0010323.jpg,6
8614,train/sad/5_image0010331.jpg,6
8615,train/sad/5_image0010597.jpg,6
8616,train/sad/5_image0011006.jpg,6
8617,train/sad/5_image0011423.jpg,6
8618,train/sad/5_image0011542.jpg,6
8619,train/sad/5_image0011935.jpg,6
8620,train/sad/5_image0011992.jpg,6
8621,train/sad/5_image0012006.jpg,6
8622,train/sad/5_image0012100.jpg,6
8623,train/sad/5_image0012104.jpg,6
8624,train/sad/5_image0012126.jpg,6
8625,train/sad/5_image0012377.jpg,6
8626,train/sad/5_image0012392.jpg,6
8627,train/sad/5_image0012455.jpg,6
8628,train/sad/5_image0012681.jpg,6
8629,train/sad/5_image0012686.jpg,6
8630,train/sad/5_image0012795.jpg,6
8631,train/sad/5_image0012798.jpg,6
8632,train/sad/5_image0012902.jpg,6
8633,train/sad/5_image0012992.jpg,6
8634,train/sad/5_image0013006.jpg,6
8635,train/sad/5_image0013053.jpg,6
8636,train/sad/5_image0013106.jpg,6
8637,train/sad/5_image0013271.jpg,6
8638,train/sad/5_image0013661.jpg,6
8639,train/sad/5_image0013698.jpg,6
8640,train/sad/5_image0013707.jpg,6
8641,train/sad/5_image0013832.jpg,6
8642,train/sad/5_image0013931.jpg,6
8643,train/sad/5_image0013937.jpg,6
8644,train/sad/5_image0013978.jpg,6
8645,train/sad/5_image0014376.jpg,6
8646,train/sad/5_image0014382.jpg,6
8647,train/sad/5_image0014389.jpg,6
8648,train/sad/5_image0014659.jpg,6
8649,train/sad/5_image0014675.jpg,6
8650,train/sad/5_image0014799.jpg,6
8651,train/sad/5_image0014802.jpg,6
8652,train/sad/5_image0014851.jpg,6
8653,train/sad/5_image0015052.jpg,6
8654,train/sad/5_image0015106.jpg,6
8655,train/sad/5_image0015232.jpg,6
8656,train/sad/5_image0015266.jpg,6
8657,train/sad/5_image0015309.jpg,6
8658,train/sad/5_image0015403.jpg,6
8659,train/sad/5_image0015505.jpg,6
8660,train/sad/5_image0015618.jpg,6
8661,train/sad/5_image0015769.jpg,6
8662,train/sad/5_image0015795.jpg,6
8663,train/sad/5_image0015835.jpg,6
8664,train/sad/5_image0015942.jpg,6
8665,train/sad/5_image0016054.jpg,6
8666,train/sad/5_image0016225.jpg,6
8667,train/sad/5_image0016233.jpg,6
8668,train/sad/5_image0016279.jpg,6
8669,train/sad/5_image0016342.jpg,6
8670,train/sad/5_image0016355.jpg,6
8671,train/sad/5_image0016357.jpg,6
8672,train/sad/5_image0016404.jpg,6
8673,train/sad/5_image0016469.jpg,6
8674,train/sad/5_image0016596.jpg,6
8675,train/sad/5_image0016599.jpg,6
8676,train/sad/5_image0016627.jpg,6
8677,train/sad/5_image0016649.jpg,6
8678,train/sad/5_image0016713.jpg,6
8679,train/sad/5_image0016818.jpg,6
8680,train/sad/5_image0017050.jpg,6
8681,train/sad/5_image0017062.jpg,6
8682,train/sad/5_image0017124.jpg,6
8683,train/sad/5_image0017238.jpg,6
8684,train/sad/5_image0017246.jpg,6
8685,train/sad/5_image0017473.jpg,6
8686,train/sad/5_image0017484.jpg,6
8687,train/sad/5_image0017549.jpg,6
8688,train/sad/5_image0017563.jpg,6
8689,train/sad/5_image0017593.jpg,6
8690,train/sad/5_image0017684.jpg,6
8691,train/sad/5_image0017733.jpg,6
8692,train/sad/5_image0017768.jpg,6
8693,train/sad/5_image0017831.jpg,6
8694,train/sad/5_image0017864.jpg,6
8695,train/sad/5_image0017946.jpg,6
8696,train/sad/5_image0017958.jpg,6
8697,train/sad/5_image0018055.jpg,6
8698,train/sad/5_image0018089.jpg,6
8699,train/sad/5_image0018137.jpg,6
8700,train/sad/5_image0018210.jpg,6
8701,train/sad/5_image0018219.jpg,6
8702,train/sad/5_image0018237.jpg,6
8703,train/sad/5_image0018268.jpg,6
8704,train/sad/5_image0018272.jpg,6
8705,train/sad/5_image0018316.jpg,6
8706,train/sad/5_image0018340.jpg,6
8707,train/sad/5_image0018396.jpg,6
8708,train/sad/5_image0018434.jpg,6
8709,train/sad/5_image0018441.jpg,6
8710,train/sad/5_image0018501.jpg,6
8711,train/sad/5_image0018543.jpg,6
8712,train/sad/5_image0018591.jpg,6
8713,train/sad/5_image0018655.jpg,6
8714,train/sad/5_image0018739.jpg,6
8715,train/sad/5_image0018764.jpg,6
8716,train/sad/5_image0018769.jpg,6
8717,train/sad/5_image0018823.jpg,6
8718,train/sad/5_image0018863.jpg,6
8719,train/sad/5_image0018900.jpg,6
8720,train/sad/5_image0018911.jpg,6
8721,train/sad/5_image0019028.jpg,6
8722,train/sad/5_image0019170.jpg,6
8723,train/sad/5_image0019204.jpg,6
8724,train/sad/5_image0019213.jpg,6
8725,train/sad/5_image0019406.jpg,6
8726,train/sad/5_image0019510.jpg,6
8727,train/sad/5_image0019563.jpg,6
8728,train/sad/5_image0019611.jpg,6
8729,train/sad/5_image0019722.jpg,6
8730,train/sad/5_image0019795.jpg,6
8731,train/sad/5_image0019868.jpg,6
8732,train/sad/5_image0019906.jpg,6
8733,train/sad/5_image0020024.jpg,6
8734,train/sad/5_image0020041.jpg,6
8735,train/sad/5_image0020090.jpg,6
8736,train/sad/5_image0020207.jpg,6
8737,train/sad/5_image0020431.jpg,6
8738,train/sad/5_image0020468.jpg,6
8739,train/sad/5_image0020524.jpg,6
8740,train/sad/5_image0020548.jpg,6
8741,train/sad/5_image0020615.jpg,6
8742,train/sad/5_image0020871.jpg,6
8743,train/sad/5_image0020877.jpg,6
8744,train/sad/5_image0020903.jpg,6
8745,train/sad/5_image0020977.jpg,6
8746,train/sad/5_image0020990.jpg,6
8747,train/sad/5_image0021058.jpg,6
8748,train/sad/5_image0021185.jpg,6
8749,train/sad/5_image0021211.jpg,6
8750,train/sad/5_image0021240.jpg,6
8751,train/sad/5_image0021254.jpg,6
8752,train/sad/5_image0021369.jpg,6
8753,train/sad/5_image0021433.jpg,6
8754,train/sad/5_image0021470.jpg,6
8755,train/sad/5_image0021614.jpg,6
8756,train/sad/5_image0021692.jpg,6
8757,train/sad/5_image0021713.jpg,6
8758,train/sad/5_image0021908.jpg,6
8759,train/sad/5_image0021984.jpg,6
8760,train/sad/5_image0022044.jpg,6
8761,train/sad/5_image0022182.jpg,6
8762,train/sad/5_image0022296.jpg,6
8763,train/sad/5_image0022301.jpg,6
8764,train/sad/5_image0022348.jpg,6
8765,train/sad/5_image0022408.jpg,6
8766,train/sad/5_image0022458.jpg,6
8767,train/sad/5_image0022554.jpg,6
8768,train/sad/5_image0022574.jpg,6
8769,train/sad/5_image0022585.jpg,6
8770,train/sad/5_image0022636.jpg,6
8771,train/sad/5_image0022638.jpg,6
8772,train/sad/5_image0022700.jpg,6
8773,train/sad/5_image0022856.jpg,6
8774,train/sad/5_image0022910.jpg,6
8775,train/sad/5_image0023034.jpg,6
8776,train/sad/5_image0023096.jpg,6
8777,train/sad/5_image0023102.jpg,6
8778,train/sad/5_image0023131.jpg,6
8779,train/sad/5_image0023231.jpg,6
8780,train/sad/5_image0023383.jpg,6
8781,train/sad/5_image0023389.jpg,6
8782,train/sad/5_image0023398.jpg,6
8783,train/sad/5_image0023429.jpg,6
8784,train/sad/5_image0023456.jpg,6
8785,train/sad/5_image0023523.jpg,6
8786,train/sad/5_image0023623.jpg,6
8787,train/sad/5_image0023649.jpg,6
8788,train/sad/5_image0023660.jpg,6
8789,train/sad/5_image0023726.jpg,6
8790,train/sad/5_image0023776.jpg,6
8791,train/sad/5_image0023846.jpg,6
8792,train/sad/5_image0023946.jpg,6
8793,train/sad/5_image0023970.jpg,6
8794,train/sad/5_image0023977.jpg,6
8795,train/sad/5_image0024107.jpg,6
8796,train/sad/5_image0024137.jpg,6
8797,train/sad/5_image0024165.jpg,6
8798,train/sad/5_image0024222.jpg,6
8799,train/sad/5_image0024232.jpg,6
8800,train/sad/5_image0024268.jpg,6
8801,train/sad/5_image0024279.jpg,6
8802,train/sad/5_image0024334.jpg,6
8803,train/sad/5_image0024336.jpg,6
8804,train/sad/5_image0024352.jpg,6
8805,train/sad/5_image0024407.jpg,6
8806,train/sad/5_image0024408.jpg,6
8807,train/sad/5_image0024470.jpg,6
8808,train/sad/5_image0024507.jpg,6
8809,train/sad/5_image0024572.jpg,6
8810,train/sad/5_image0024614.jpg,6
8811,train/sad/5_image0024805.jpg,6
8812,train/sad/5_image0024884.jpg,6
8813,train/sad/5_image0024952.jpg,6
8814,train/sad/5_image0024968.jpg,6
8815,train/sad/5_image0025089.jpg,6
8816,train/sad/5_image0025160.jpg,6
8817,train/sad/5_image0025164.jpg,6
8818,train/sad/5_image0025197.jpg,6
8819,train/sad/5_image0025327.jpg,6
8820,train/sad/5_image0025356.jpg,6
8821,train/sad/5_image0025359.jpg,6
8822,train/sad/5_image0025367.jpg,6
8823,train/sad/5_image0025513.jpg,6
8824,train/sad/5_image0025627.jpg,6
8825,train/sad/5_image0025633.jpg,6
8826,train/sad/5_image0025638.jpg,6
8827,train/sad/5_image0025659.jpg,6
8828,train/sad/5_image0025715.jpg,6
8829,train/sad/5_image0025808.jpg,6
8830,train/sad/5_image0025926.jpg,6
8831,train/sad/5_image0025938.jpg,6
8832,train/sad/5_image0025950.jpg,6
8833,train/sad/5_image0026069.jpg,6
8834,train/sad/5_image0026172.jpg,6
8835,train/sad/5_image0026208.jpg,6
8836,train/sad/5_image0026215.jpg,6
8837,train/sad/5_image0026295.jpg,6
8838,train/sad/5_image0026384.jpg,6
8839,train/sad/5_image0026395.jpg,6
8840,train/sad/5_image0026601.jpg,6
8841,train/sad/5_image0026668.jpg,6
8842,train/sad/5_image0026684.jpg,6
8843,train/sad/5_image0026686.jpg,6
8844,train/sad/5_image0026688.jpg,6
8845,train/sad/5_image0026691.jpg,6
8846,train/sad/5_image0026721.jpg,6
8847,train/sad/5_image0026727.jpg,6
8848,train/sad/5_image0026782.jpg,6
8849,train/sad/5_image0026865.jpg,6
8850,train/sad/5_image0026868.jpg,6
8851,train/sad/5_image0026878.jpg,6
8852,train/sad/5_image0026901.jpg,6
8853,train/sad/5_image0026907.jpg,6
8854,train/sad/5_image0026933.jpg,6
8855,train/sad/5_image0026960.jpg,6
8856,train/sad/5_image0027027.jpg,6
8857,train/sad/5_image0027073.jpg,6
8858,train/sad/5_image0027105.jpg,6
8859,train/sad/5_image0027133.jpg,6
8860,train/sad/5_image0027160.jpg,6
8861,train/sad/5_image0027226.jpg,6
8862,train/sad/5_image0027229.jpg,6
8863,train/sad/5_image0027297.jpg,6
8864,train/sad/5_image0027322.jpg,6
8865,train/sad/5_image0027342.jpg,6
8866,train/sad/5_image0027376.jpg,6
8867,train/sad/5_image0027403.jpg,6
8868,train/sad/5_image0027474.jpg,6
8869,train/sad/5_image0027486.jpg,6
8870,train/sad/5_image0027487.jpg,6
8871,train/sad/5_image0027567.jpg,6
8872,train/sad/5_image0027661.jpg,6
8873,train/sad/5_image0027673.jpg,6
8874,train/sad/5_image0027757.jpg,6
8875,train/sad/5_image0027770.jpg,6
8876,train/sad/5_image0027848.jpg,6
8877,train/sad/5_image0027849.jpg,6
8878,train/sad/5_image0027971.jpg,6
8879,train/sad/5_image0028006.jpg,6
8880,train/sad/5_image0028060.jpg,6
8881,train/sad/5_image0028115.jpg,6
8882,train/sad/5_image0028157.jpg,6
8883,train/sad/5_image0028213.jpg,6
8884,train/sad/5_image0028214.jpg,6
8885,train/sad/5_image0028219.jpg,6
8886,train/sad/5_image0028266.jpg,6
8887,train/sad/5_image0028298.jpg,6
8888,train/sad/5_image0028337.jpg,6
8889,train/sad/5_image0028358.jpg,6
8890,train/sad/5_image0028366.jpg,6
8891,train/sad/5_image0028381.jpg,6
8892,train/sad/5_image0028404.jpg,6
8893,train/sad/5_image0028410.jpg,6
8894,train/sad/5_image0028442.jpg,6
8895,train/sad/5_image0028473.jpg,6
8896,train/sad/5_image0028484.jpg,6
8897,train/sad/5_image0028490.jpg,6
8898,train/sad/5_image0028493.jpg,6
8899,train/sad/5_image0028577.jpg,6
8900,train/sad/5_image0028579.jpg,6
8901,train/sad/5_image0028584.jpg,6
8902,train/sad/5_image0028601.jpg,6
8903,train/sad/5_image0028603.jpg,6
8904,train/sad/5_image0028760.jpg,6
8905,train/sad/5_image0028804.jpg,6
8906,train/sad/5_image0028811.jpg,6
8907,train/sad/5_image0028919.jpg,6
8908,train/sad/5_image0028957.jpg,6
8909,train/sad/5_image0028996.jpg,6
8910,train/sad/5_image0029094.jpg,6
8911,train/sad/5_image0029223.jpg,6
8912,train/sad/5_image0029232.jpg,6
8913,train/sad/5_image0029270.jpg,6
8914,train/sad/5_image0029341.jpg,6
8915,train/sad/5_image0029342.jpg,6
8916,train/sad/5_image0029364.jpg,6
8917,train/sad/5_image0029403.jpg,6
8918,train/sad/5_image0029406.jpg,6
8919,train/sad/5_image0029422.jpg,6
8920,train/sad/5_image0029461.jpg,6
8921,train/sad/5_image0029474.jpg,6
8922,train/sad/5_image0029478.jpg,6
8923,train/sad/5_image0029509.jpg,6
8924,train/sad/5_image0029520.jpg,6
8925,train/sad/5_image0029526.jpg,6
8926,train/sad/5_image0029567.jpg,6
8927,train/sad/5_image0029604.jpg,6
8928,train/sad/5_image0029608.jpg,6
8929,train/sad/5_image0029739.jpg,6
8930,train/sad/5_image0029747.jpg,6
8931,train/sad/5_image0029777.jpg,6
8932,train/sad/5_image0029789.jpg,6
8933,train/sad/5_image0029795.jpg,6
8934,train/sad/5_image0029839.jpg,6
8935,train/sad/5_image0029848.jpg,6
8936,train/sad/5_image0029887.jpg,6
8937,train/sad/5_image0029907.jpg,6
8938,train/sad/5_image0030025.jpg,6
8939,train/sad/5_image0030041.jpg,6
8940,train/sad/5_image0030085.jpg,6
8941,train/sad/5_image0030097.jpg,6
8942,train/sad/5_image0030111.jpg,6
8943,train/sad/5_image0030116.jpg,6
8944,train/sad/5_image0030133.jpg,6
8945,train/sad/5_image0030174.jpg,6
8946,train/sad/5_image0030183.jpg,6
8947,train/sad/5_image0030232.jpg,6
8948,train/sad/5_image0030262.jpg,6
8949,train/sad/5_image0030287.jpg,6
8950,train/sad/5_image0030291.jpg,6
8951,train/sad/5_image0030359.jpg,6
8952,train/sad/5_image0030370.jpg,6
8953,train/sad/5_image0030462.jpg,6
8954,train/sad/5_image0030485.jpg,6
8955,train/sad/5_image0031265.jpg,6
8956,train/surprise/10_ffhq_140.png,7
8957,train/surprise/10_ffhq_147.png,7
8958,train/surprise/10_ffhq_151.png,7
8959,train/surprise/10_ffhq_164.png,7
8960,train/surprise/10_ffhq_175.png,7
8961,train/surprise/10_ffhq_182.png,7
8962,train/surprise/10_ffhq_186.png,7
8963,train/surprise/10_ffhq_202.png,7
8964,train/surprise/10_ffhq_227.png,7
8965,train/surprise/10_ffhq_230.png,7
8966,train/surprise/10_ffhq_24.png,7
8967,train/surprise/10_ffhq_248.png,7
8968,train/surprise/10_ffhq_261.png,7
8969,train/surprise/10_ffhq_267.png,7
8970,train/surprise/10_ffhq_272.png,7
8971,train/surprise/10_ffhq_292.png,7
8972,train/surprise/10_ffhq_296.png,7
8973,train/surprise/10_ffhq_320.png,7
8974,train/surprise/10_ffhq_328.png,7
8975,train/surprise/10_ffhq_331.png,7
8976,train/surprise/10_ffhq_334.png,7
8977,train/surprise/10_ffhq_343.png,7
8978,train/surprise/10_ffhq_346.png,7
8979,train/surprise/10_ffhq_351.png,7
8980,train/surprise/10_ffhq_36.png,7
8981,train/surprise/10_ffhq_378.png,7
8982,train/surprise/10_ffhq_390.png,7
8983,train/surprise/10_ffhq_428.png,7
8984,train/surprise/10_ffhq_441.png,7
8985,train/surprise/10_ffhq_448.png,7
8986,train/surprise/10_ffhq_47.png,7
8987,train/surprise/10_ffhq_48.png,7
8988,train/surprise/10_ffhq_487.png,7
8989,train/surprise/10_ffhq_5.png,7
8990,train/surprise/10_ffhq_510.png,7
8991,train/surprise/10_ffhq_544.png,7
8992,train/surprise/10_ffhq_556.png,7
8993,train/surprise/10_ffhq_557.png,7
8994,train/surprise/10_ffhq_565.png,7
8995,train/surprise/10_ffhq_588.png,7
8996,train/surprise/10_ffhq_590.png,7
8997,train/surprise/10_ffhq_606.png,7
8998,train/surprise/10_ffhq_611.png,7
8999,train/surprise/10_ffhq_62.png,7
9000,train/surprise/10_ffhq_624.png,7
9001,train/surprise/10_ffhq_627.png,7
9002,train/surprise/10_ffhq_637.png,7
9003,train/surprise/10_ffhq_642.png,7
9004,train/surprise/10_ffhq_648.png,7
9005,train/surprise/10_ffhq_649.png,7
9006,train/surprise/10_ffhq_65.png,7
9007,train/surprise/10_ffhq_69.png,7
9008,train/surprise/10_ffhq_72.png,7
9009,train/surprise/10_ffhq_78.png,7
9010,train/surprise/10_ffhq_79.png,7
9011,train/surprise/10_ffhq_82.png,7
9012,train/surprise/10_image0000033.jpg,7
9013,train/surprise/10_image0000822.jpg,7
9014,train/surprise/10_image0000954.jpg,7
9015,train/surprise/10_image0001477.jpg,7
9016,train/surprise/10_image0001757.jpg,7
9017,train/surprise/10_image0001924.jpg,7
9018,train/surprise/10_image0001966.jpg,7
9019,train/surprise/10_image0002021.jpg,7
9020,train/surprise/10_image0002055.jpg,7
9021,train/surprise/10_image0002115.jpg,7
9022,train/surprise/10_image0002825.jpg,7
9023,train/surprise/10_image0002978.jpg,7
9024,train/surprise/10_image0003012.jpg,7
9025,train/surprise/10_image0003752.jpg,7
9026,train/surprise/10_image0004407.jpg,7
9027,train/surprise/10_image0004579.jpg,7
9028,train/surprise/10_image0005401.jpg,7
9029,train/surprise/10_image0005585.jpg,7
9030,train/surprise/10_image0005614.jpg,7
9031,train/surprise/10_image0005712.jpg,7
9032,train/surprise/10_image0005836.jpg,7
9033,train/surprise/10_image0006344.jpg,7
9034,train/surprise/10_image0007336.jpg,7
9035,train/surprise/10_image0007697.jpg,7
9036,train/surprise/10_image0007860.jpg,7
9037,train/surprise/10_image0007970.jpg,7
9038,train/surprise/10_image0008077.jpg,7
9039,train/surprise/10_image0008175.jpg,7
9040,train/surprise/10_image0008543.jpg,7
9041,train/surprise/10_image0008606.jpg,7
9042,train/surprise/10_image0008836.jpg,7
9043,train/surprise/10_image0008953.jpg,7
9044,train/surprise/10_image0009117.jpg,7
9045,train/surprise/10_image0009244.jpg,7
9046,train/surprise/10_image0009358.jpg,7
9047,train/surprise/10_image0009402.jpg,7
9048,train/surprise/10_image0009677.jpg,7
9049,train/surprise/10_image0009825.jpg,7
9050,train/surprise/10_image0010220.jpg,7
9051,train/surprise/10_image0010368.jpg,7
9052,train/surprise/10_image0011088.jpg,7
9053,train/surprise/10_image0011251.jpg,7
9054,train/surprise/10_image0011705.jpg,7
9055,train/surprise/10_image0012099.jpg,7
9056,train/surprise/10_image0012293.jpg,7
9057,train/surprise/10_image0012425.jpg,7
9058,train/surprise/10_image0012517.jpg,7
9059,train/surprise/10_image0012558.jpg,7
9060,train/surprise/10_image0012580.jpg,7
9061,train/surprise/10_image0012615.jpg,7
9062,train/surprise/10_image0012723.jpg,7
9063,train/surprise/10_image0013058.jpg,7
9064,train/surprise/10_image0013351.jpg,7
9065,train/surprise/10_image0013648.jpg,7
9066,train/surprise/10_image0013710.jpg,7
9067,train/surprise/10_image0013744.jpg,7
9068,train/surprise/10_image0013761.jpg,7
9069,train/surprise/10_image0013882.jpg,7
9070,train/surprise/10_image0013904.jpg,7
9071,train/surprise/10_image0014085.jpg,7
9072,train/surprise/10_image0014194.jpg,7
9073,train/surprise/10_image0014322.jpg,7
9074,train/surprise/10_image0014501.jpg,7
9075,train/surprise/10_image0014576.jpg,7
9076,train/surprise/10_image0014762.jpg,7
9077,train/surprise/10_image0014967.jpg,7
9078,train/surprise/10_image0014976.jpg,7
9079,train/surprise/10_image0015199.jpg,7
9080,train/surprise/10_image0015208.jpg,7
9081,train/surprise/10_image0015382.jpg,7
9082,train/surprise/10_image0015532.jpg,7
9083,train/surprise/10_image0015615.jpg,7
9084,train/surprise/10_image0015688.jpg,7
9085,train/surprise/10_image0015775.jpg,7
9086,train/surprise/10_image0015784.jpg,7
9087,train/surprise/10_image0015993.jpg,7
9088,train/surprise/10_image0016063.jpg,7
9089,train/surprise/10_image0016481.jpg,7
9090,train/surprise/10_image0016655.jpg,7
9091,train/surprise/10_image0016732.jpg,7
9092,train/surprise/10_image0016841.jpg,7
9093,train/surprise/10_image0016916.jpg,7
9094,train/surprise/10_image0017032.jpg,7
9095,train/surprise/10_image0017051.jpg,7
9096,train/surprise/10_image0017233.jpg,7
9097,train/surprise/10_image0017447.jpg,7
9098,train/surprise/10_image0017451.jpg,7
9099,train/surprise/10_image0017463.jpg,7
9100,train/surprise/10_image0017635.jpg,7
9101,train/surprise/10_image0017710.jpg,7
9102,train/surprise/10_image0017749.jpg,7
9103,train/surprise/10_image0017897.jpg,7
9104,train/surprise/10_image0018027.jpg,7
9105,train/surprise/10_image0018517.jpg,7
9106,train/surprise/10_image0018689.jpg,7
9107,train/surprise/10_image0018849.jpg,7
9108,train/surprise/10_image0019113.jpg,7
9109,train/surprise/10_image0019264.jpg,7
9110,train/surprise/10_image0019265.jpg,7
9111,train/surprise/10_image0019297.jpg,7
9112,train/surprise/10_image0019442.jpg,7
9113,train/surprise/10_image0019557.jpg,7
9114,train/surprise/10_image0019753.jpg,7
9115,train/surprise/10_image0019754.jpg,7
9116,train/surprise/10_image0019772.jpg,7
9117,train/surprise/10_image0019777.jpg,7
9118,train/surprise/10_image0019923.jpg,7
9119,train/surprise/10_image0019939.jpg,7
9120,train/surprise/10_image0019956.jpg,7
9121,train/surprise/10_image0020153.jpg,7
9122,train/surprise/10_image0020206.jpg,7
9123,train/surprise/10_image0020218.jpg,7
9124,train/surprise/10_image0020264.jpg,7
9125,train/surprise/10_image0020269.jpg,7
9126,train/surprise/10_image0020367.jpg,7
9127,train/surprise/10_image0020373.jpg,7
9128,train/surprise/10_image0020547.jpg,7
9129,train/surprise/10_image0020833.jpg,7
9130,train/surprise/10_image0020883.jpg,7
9131,train/surprise/10_image0020969.jpg,7
9132,train/surprise/10_image0021024.jpg,7
9133,train/surprise/10_image0021193.jpg,7
9134,train/surprise/10_image0021293.jpg,7
9135,train/surprise/10_image0021328.jpg,7
9136,train/surprise/10_image0021393.jpg,7
9137,train/surprise/10_image0021394.jpg,7
9138,train/surprise/10_image0021414.jpg,7
9139,train/surprise/10_image0021473.jpg,7
9140,train/surprise/10_image0021543.jpg,7
9141,train/surprise/10_image0021585.jpg,7
9142,train/surprise/10_image0021712.jpg,7
9143,train/surprise/10_image0021733.jpg,7
9144,train/surprise/10_image0022041.jpg,7
9145,train/surprise/10_image0022077.jpg,7
9146,train/surprise/10_image0022240.jpg,7
9147,train/surprise/10_image0022306.jpg,7
9148,train/surprise/10_image0022331.jpg,7
9149,train/surprise/10_image0022373.jpg,7
9150,train/surprise/10_image0022437.jpg,7
9151,train/surprise/10_image0022459.jpg,7
9152,train/surprise/10_image0022625.jpg,7
9153,train/surprise/10_image0022684.jpg,7
9154,train/surprise/10_image0022845.jpg,7
9155,train/surprise/10_image0022964.jpg,7
9156,train/surprise/10_image0023063.jpg,7
9157,train/surprise/10_image0023157.jpg,7
9158,train/surprise/10_image0023183.jpg,7
9159,train/surprise/10_image0023395.jpg,7
9160,train/surprise/10_image0023549.jpg,7
9161,train/surprise/10_image0023568.jpg,7
9162,train/surprise/10_image0023627.jpg,7
9163,train/surprise/10_image0023710.jpg,7
9164,train/surprise/10_image0023839.jpg,7
9165,train/surprise/10_image0023908.jpg,7
9166,train/surprise/10_image0024012.jpg,7
9167,train/surprise/10_image0024119.jpg,7
9168,train/surprise/10_image0024159.jpg,7
9169,train/surprise/10_image0024177.jpg,7
9170,train/surprise/10_image0024277.jpg,7
9171,train/surprise/10_image0024358.jpg,7
9172,train/surprise/10_image0024432.jpg,7
9173,train/surprise/10_image0024487.jpg,7
9174,train/surprise/10_image0024760.jpg,7
9175,train/surprise/10_image0024803.jpg,7
9176,train/surprise/10_image0024851.jpg,7
9177,train/surprise/10_image0025171.jpg,7
9178,train/surprise/10_image0025389.jpg,7
9179,train/surprise/10_image0025449.jpg,7
9180,train/surprise/10_image0025461.jpg,7
9181,train/surprise/10_image0025490.jpg,7
9182,train/surprise/10_image0025532.jpg,7
9183,train/surprise/10_image0025557.jpg,7
9184,train/surprise/10_image0025572.jpg,7
9185,train/surprise/10_image0025727.jpg,7
9186,train/surprise/10_image0025791.jpg,7
9187,train/surprise/10_image0025954.jpg,7
9188,train/surprise/10_image0026062.jpg,7
9189,train/surprise/10_image0026130.jpg,7
9190,train/surprise/10_image0026189.jpg,7
9191,train/surprise/10_image0026556.jpg,7
9192,train/surprise/10_image0026734.jpg,7
9193,train/surprise/10_image0026849.jpg,7
9194,train/surprise/10_image0027010.jpg,7
9195,train/surprise/10_image0027192.jpg,7
9196,train/surprise/10_image0027238.jpg,7
9197,train/surprise/10_image0027324.jpg,7
9198,train/surprise/10_image0027329.jpg,7
9199,train/surprise/10_image0027350.jpg,7
9200,train/surprise/10_image0027367.jpg,7
9201,train/surprise/10_image0027390.jpg,7
9202,train/surprise/10_image0027455.jpg,7
9203,train/surprise/10_image0027522.jpg,7
9204,train/surprise/10_image0027579.jpg,7
9205,train/surprise/10_image0027586.jpg,7
9206,train/surprise/10_image0027646.jpg,7
9207,train/surprise/10_image0027773.jpg,7
9208,train/surprise/10_image0027854.jpg,7
9209,train/surprise/10_image0027938.jpg,7
9210,train/surprise/10_image0027962.jpg,7
9211,train/surprise/10_image0027982.jpg,7
9212,train/surprise/10_image0027997.jpg,7
9213,train/surprise/10_image0028045.jpg,7
9214,train/surprise/10_image0028218.jpg,7
9215,train/surprise/10_image0028301.jpg,7
9216,train/surprise/10_image0028405.jpg,7
9217,train/surprise/10_image0028492.jpg,7
9218,train/surprise/10_image0028523.jpg,7
9219,train/surprise/10_image0028744.jpg,7
9220,train/surprise/10_image0028766.jpg,7
9221,train/surprise/10_image0028818.jpg,7
9222,train/surprise/10_image0028847.jpg,7
9223,train/surprise/10_image0028922.jpg,7
9224,train/surprise/10_image0028995.jpg,7
9225,train/surprise/10_image0029019.jpg,7
9226,train/surprise/10_image0029243.jpg,7
9227,train/surprise/10_image0029279.jpg,7
9228,train/surprise/10_image0029424.jpg,7
9229,train/surprise/10_image0029460.jpg,7
9230,train/surprise/10_image0029564.jpg,7
9231,train/surprise/10_image0029644.jpg,7
9232,train/surprise/10_image0029888.jpg,7
9233,train/surprise/10_image0030103.jpg,7
9234,train/surprise/10_image0030558.jpg,7
9235,train/surprise/10_image0030592.jpg,7
9236,train/surprise/10_image0030703.jpg,7
9237,train/surprise/10_image0030771.jpg,7
9238,train/surprise/10_image0030773.jpg,7
9239,train/surprise/10_image0030794.jpg,7
9240,train/surprise/10_image0030801.jpg,7
9241,train/surprise/10_image0030804.jpg,7
9242,train/surprise/10_image0030828.jpg,7
9243,train/surprise/10_image0030842.jpg,7
9244,train/surprise/10_image0030890.jpg,7
9245,train/surprise/10_image0030904.jpg,7
9246,train/surprise/10_image0030915.jpg,7
9247,train/surprise/10_image0030936.jpg,7
9248,train/surprise/10_image0030961.jpg,7
9249,train/surprise/10_image0030973.jpg,7
9250,train/surprise/10_image0030976.jpg,7
9251,train/surprise/10_image0031011.jpg,7
9252,train/surprise/10_image0031036.jpg,7
9253,train/surprise/10_image0031072.jpg,7
9254,train/surprise/10_image0031218.jpg,7
9255,train/surprise/10_image0031326.jpg,7
9256,train/surprise/10_image0031333.jpg,7
9257,train/surprise/10_image0031357.jpg,7
9258,train/surprise/10_image0031363.jpg,7
9259,train/surprise/10_image0031491.jpg,7
9260,train/surprise/10_image0031610.jpg,7
9261,train/surprise/10_image0031635.jpg,7
9262,train/surprise/10_image0031651.jpg,7
9263,train/surprise/10_image0031691.jpg,7
9264,train/surprise/10_image0031722.jpg,7
9265,train/surprise/10_image0031778.jpg,7
9266,train/surprise/10_image0031786.jpg,7
9267,train/surprise/10_image0031792.jpg,7
9268,train/surprise/10_image0031811.jpg,7
9269,train/surprise/10_image0031817.jpg,7
9270,train/surprise/10_image0031842.jpg,7
9271,train/surprise/10_image0031984.jpg,7
9272,train/surprise/10_image0031988.jpg,7
9273,train/surprise/10_image0032040.jpg,7
9274,train/surprise/10_image0032082.jpg,7
9275,train/surprise/10_image0032200.jpg,7
9276,train/surprise/10_image0032257.jpg,7
9277,train/surprise/10_image0032379.jpg,7
9278,train/surprise/10_image0032417.jpg,7
9279,train/surprise/10_image0032443.jpg,7
9280,train/surprise/10_image0032449.jpg,7
9281,train/surprise/10_image0032492.jpg,7
9282,train/surprise/10_image0032585.jpg,7
9283,train/surprise/10_image0032673.jpg,7
9284,train/surprise/10_image0032694.jpg,7
9285,train/surprise/10_image0032706.jpg,7
9286,train/surprise/10_image0032716.jpg,7
9287,train/surprise/10_image0032732.jpg,7
9288,train/surprise/10_image0032799.jpg,7
9289,train/surprise/10_image0032826.jpg,7
9290,train/surprise/10_image0032850.jpg,7
9291,train/surprise/10_image0032940.jpg,7
9292,train/surprise/10_image0032950.jpg,7
9293,train/surprise/10_image0032957.jpg,7
9294,train/surprise/10_image0032975.jpg,7
9295,train/surprise/10_image0032989.jpg,7
9296,train/surprise/10_image0033024.jpg,7
9297,train/surprise/10_image0033072.jpg,7
9298,train/surprise/10_image0033077.jpg,7
9299,train/surprise/10_image0033092.jpg,7
9300,train/surprise/10_image0033114.jpg,7
9301,train/surprise/10_image0033147.jpg,7
9302,train/surprise/10_image0033153.jpg,7
9303,train/surprise/10_image0033186.jpg,7
9304,train/surprise/10_image0033202.jpg,7
9305,train/surprise/10_image0033234.jpg,7
9306,train/surprise/10_image0033291.jpg,7
9307,train/surprise/10_image0033302.jpg,7
9308,train/surprise/10_image0033333.jpg,7
9309,train/surprise/10_image0033373.jpg,7
9310,train/surprise/10_image0033378.jpg,7
9311,train/surprise/10_image0033426.jpg,7
9312,train/surprise/10_image0033470.jpg,7
9313,train/surprise/10_image0033475.jpg,7
9314,train/surprise/10_image0033566.jpg,7
9315,train/surprise/10_image0033624.jpg,7
9316,train/surprise/10_image0033632.jpg,7
9317,train/surprise/10_image0033657.jpg,7
9318,train/surprise/10_image0033684.jpg,7
9319,train/surprise/10_image0033698.jpg,7
9320,train/surprise/10_image0033707.jpg,7
9321,train/surprise/10_image0033708.jpg,7
9322,train/surprise/10_image0033714.jpg,7
9323,train/surprise/10_image0033730.jpg,7
9324,train/surprise/10_image0033737.jpg,7
9325,train/surprise/10_image0033836.jpg,7
9326,train/surprise/10_image0033843.jpg,7
9327,train/surprise/10_image0033847.jpg,7
9328,train/surprise/10_image0033898.jpg,7
9329,train/surprise/10_image0033963.jpg,7
9330,train/surprise/10_image0033998.jpg,7
9331,train/surprise/10_image0034057.jpg,7
9332,train/surprise/10_image0034098.jpg,7
9333,train/surprise/10_image0034200.jpg,7
9334,train/surprise/10_image0034204.jpg,7
9335,train/surprise/10_image0034233.jpg,7
9336,train/surprise/10_image0034334.jpg,7
9337,train/surprise/10_image0034369.jpg,7
9338,train/surprise/10_image0034388.jpg,7
9339,train/surprise/10_image0034398.jpg,7
9340,train/surprise/10_image0034407.jpg,7
9341,train/surprise/10_image0034434.jpg,7
9342,train/surprise/10_image0034553.jpg,7
9343,train/surprise/10_image0034566.jpg,7
9344,train/surprise/10_image0034576.jpg,7
9345,train/surprise/10_image0034594.jpg,7
9346,train/surprise/10_image0034611.jpg,7
9347,train/surprise/10_image0034633.jpg,7
9348,train/surprise/10_image0034635.jpg,7
9349,train/surprise/10_image0034655.jpg,7
9350,train/surprise/10_image0034754.jpg,7
9351,train/surprise/10_image0034795.jpg,7
9352,train/surprise/10_image0034841.jpg,7
9353,train/surprise/10_image0034868.jpg,7
9354,train/surprise/10_image0034878.jpg,7
9355,train/surprise/10_image0034879.jpg,7
9356,train/surprise/15_ffhq_104.png,7
9357,train/surprise/15_ffhq_105.png,7
9358,train/surprise/15_ffhq_142.png,7
9359,train/surprise/15_ffhq_147.png,7
9360,train/surprise/15_ffhq_150.png,7
9361,train/surprise/15_ffhq_152.png,7
9362,train/surprise/15_ffhq_162.png,7
9363,train/surprise/15_ffhq_173.png,7
9364,train/surprise/15_ffhq_175.png,7
9365,train/surprise/15_ffhq_182.png,7
9366,train/surprise/15_ffhq_190.png,7
9367,train/surprise/15_ffhq_193.png,7
9368,train/surprise/15_ffhq_20.png,7
9369,train/surprise/15_ffhq_218.png,7
9370,train/surprise/15_ffhq_23.png,7
9371,train/surprise/15_ffhq_246.png,7
9372,train/surprise/15_ffhq_248.png,7
9373,train/surprise/15_ffhq_25.png,7
9374,train/surprise/15_ffhq_257.png,7
9375,train/surprise/15_ffhq_260.png,7
9376,train/surprise/15_ffhq_264.png,7
9377,train/surprise/15_ffhq_265.png,7
9378,train/surprise/15_ffhq_288.png,7
9379,train/surprise/15_ffhq_293.png,7
9380,train/surprise/15_ffhq_303.png,7
9381,train/surprise/15_ffhq_306.png,7
9382,train/surprise/15_ffhq_326.png,7
9383,train/surprise/15_ffhq_330.png,7
9384,train/surprise/15_ffhq_341.png,7
9385,train/surprise/15_ffhq_352.png,7
9386,train/surprise/15_ffhq_355.png,7
9387,train/surprise/15_ffhq_358.png,7
9388,train/surprise/15_ffhq_365.png,7
9389,train/surprise/15_ffhq_367.png,7
9390,train/surprise/15_ffhq_370.png,7
9391,train/surprise/15_ffhq_383.png,7
9392,train/surprise/15_ffhq_392.png,7
9393,train/surprise/15_ffhq_399.png,7
9394,train/surprise/15_ffhq_405.png,7
9395,train/surprise/15_ffhq_407.png,7
9396,train/surprise/15_ffhq_412.png,7
9397,train/surprise/15_ffhq_413.png,7
9398,train/surprise/15_ffhq_428.png,7
9399,train/surprise/15_ffhq_433.png,7
9400,train/surprise/15_ffhq_444.png,7
9401,train/surprise/15_ffhq_455.png,7
9402,train/surprise/15_ffhq_456.png,7
9403,train/surprise/15_ffhq_471.png,7
9404,train/surprise/15_ffhq_483.png,7
9405,train/surprise/15_ffhq_491.png,7
9406,train/surprise/15_ffhq_497.png,7
9407,train/surprise/15_ffhq_516.png,7
9408,train/surprise/15_ffhq_525.png,7
9409,train/surprise/15_ffhq_532.png,7
9410,train/surprise/15_ffhq_535.png,7
9411,train/surprise/15_ffhq_559.png,7
9412,train/surprise/15_ffhq_563.png,7
9413,train/surprise/15_ffhq_570.png,7
9414,train/surprise/15_ffhq_583.png,7
9415,train/surprise/15_ffhq_588.png,7
9416,train/surprise/15_ffhq_590.png,7
9417,train/surprise/15_ffhq_606.png,7
9418,train/surprise/15_ffhq_61.png,7
9419,train/surprise/15_ffhq_619.png,7
9420,train/surprise/15_ffhq_634.png,7
9421,train/surprise/15_ffhq_637.png,7
9422,train/surprise/15_ffhq_651.png,7
9423,train/surprise/15_ffhq_652.png,7
9424,train/surprise/15_ffhq_656.png,7
9425,train/surprise/15_ffhq_657.png,7
9426,train/surprise/15_ffhq_83.png,7
9427,train/surprise/15_ffhq_95.png,7
9428,train/surprise/15_ffhq_96.png,7
9429,train/surprise/15_ffhq_98.png,7
9430,train/surprise/15_image0000967.jpg,7
9431,train/surprise/15_image0001009.jpg,7
9432,train/surprise/15_image0001164.jpg,7
9433,train/surprise/15_image0001492.jpg,7
9434,train/surprise/15_image0001520.jpg,7
9435,train/surprise/15_image0001618.jpg,7
9436,train/surprise/15_image0001847.jpg,7
9437,train/surprise/15_image0001862.jpg,7
9438,train/surprise/15_image0002870.jpg,7
9439,train/surprise/15_image0003441.jpg,7
9440,train/surprise/15_image0003491.jpg,7
9441,train/surprise/15_image0003499.jpg,7
9442,train/surprise/15_image0003773.jpg,7
9443,train/surprise/15_image0003927.jpg,7
9444,train/surprise/15_image0004137.jpg,7
9445,train/surprise/15_image0004407.jpg,7
9446,train/surprise/15_image0004682.jpg,7
9447,train/surprise/15_image0004700.jpg,7
9448,train/surprise/15_image0004714.jpg,7
9449,train/surprise/15_image0004998.jpg,7
9450,train/surprise/15_image0005148.jpg,7
9451,train/surprise/15_image0005240.jpg,7
9452,train/surprise/15_image0005362.jpg,7
9453,train/surprise/15_image0005910.jpg,7
9454,train/surprise/15_image0006205.jpg,7
9455,train/surprise/15_image0006388.jpg,7
9456,train/surprise/15_image0006480.jpg,7
9457,train/surprise/15_image0006520.jpg,7
9458,train/surprise/15_image0006915.jpg,7
9459,train/surprise/15_image0007120.jpg,7
9460,train/surprise/15_image0007296.jpg,7
9461,train/surprise/15_image0007860.jpg,7
9462,train/surprise/15_image0008040.jpg,7
9463,train/surprise/15_image0008062.jpg,7
9464,train/surprise/15_image0008175.jpg,7
9465,train/surprise/15_image0008253.jpg,7
9466,train/surprise/15_image0008455.jpg,7
9467,train/surprise/15_image0008458.jpg,7
9468,train/surprise/15_image0008689.jpg,7
9469,train/surprise/15_image0008836.jpg,7
9470,train/surprise/15_image0008869.jpg,7
9471,train/surprise/15_image0009244.jpg,7
9472,train/surprise/15_image0009521.jpg,7
9473,train/surprise/15_image0009592.jpg,7
9474,train/surprise/15_image0010137.jpg,7
9475,train/surprise/15_image0010335.jpg,7
9476,train/surprise/15_image0010710.jpg,7
9477,train/surprise/15_image0011259.jpg,7
9478,train/surprise/15_image0011272.jpg,7
9479,train/surprise/15_image0011883.jpg,7
9480,train/surprise/15_image0011936.jpg,7
9481,train/surprise/15_image0012099.jpg,7
9482,train/surprise/15_image0012113.jpg,7
9483,train/surprise/15_image0012219.jpg,7
9484,train/surprise/15_image0012381.jpg,7
9485,train/surprise/15_image0012417.jpg,7
9486,train/surprise/15_image0012495.jpg,7
9487,train/surprise/15_image0012679.jpg,7
9488,train/surprise/15_image0012758.jpg,7
9489,train/surprise/15_image0012804.jpg,7
9490,train/surprise/15_image0012808.jpg,7
9491,train/surprise/15_image0013018.jpg,7
9492,train/surprise/15_image0013339.jpg,7
9493,train/surprise/15_image0013710.jpg,7
9494,train/surprise/15_image0013778.jpg,7
9495,train/surprise/15_image0013895.jpg,7
9496,train/surprise/15_image0014118.jpg,7
9497,train/surprise/15_image0014237.jpg,7
9498,train/surprise/15_image0014594.jpg,7
9499,train/surprise/15_image0015263.jpg,7
9500,train/surprise/15_image0015425.jpg,7
9501,train/surprise/15_image0015570.jpg,7
9502,train/surprise/15_image0015775.jpg,7
9503,train/surprise/15_image0016090.jpg,7
9504,train/surprise/15_image0016131.jpg,7
9505,train/surprise/15_image0016399.jpg,7
9506,train/surprise/15_image0017237.jpg,7
9507,train/surprise/15_image0017343.jpg,7
9508,train/surprise/15_image0017511.jpg,7
9509,train/surprise/15_image0017570.jpg,7
9510,train/surprise/15_image0017575.jpg,7
9511,train/surprise/15_image0017631.jpg,7
9512,train/surprise/15_image0017807.jpg,7
9513,train/surprise/15_image0018012.jpg,7
9514,train/surprise/15_image0018157.jpg,7
9515,train/surprise/15_image0018169.jpg,7
9516,train/surprise/15_image0018214.jpg,7
9517,train/surprise/15_image0018329.jpg,7
9518,train/surprise/15_image0018423.jpg,7
9519,train/surprise/15_image0018517.jpg,7
9520,train/surprise/15_image0018546.jpg,7
9521,train/surprise/15_image0018624.jpg,7
9522,train/surprise/15_image0018890.jpg,7
9523,train/surprise/15_image0018944.jpg,7
9524,train/surprise/15_image0018975.jpg,7
9525,train/surprise/15_image0019011.jpg,7
9526,train/surprise/15_image0019029.jpg,7
9527,train/surprise/15_image0019082.jpg,7
9528,train/surprise/15_image0019158.jpg,7
9529,train/surprise/15_image0019166.jpg,7
9530,train/surprise/15_image0019265.jpg,7
9531,train/surprise/15_image0019283.jpg,7
9532,train/surprise/15_image0019472.jpg,7
9533,train/surprise/15_image0019616.jpg,7
9534,train/surprise/15_image0019663.jpg,7
9535,train/surprise/15_image0019766.jpg,7
9536,train/surprise/15_image0019784.jpg,7
9537,train/surprise/15_image0019828.jpg,7
9538,train/surprise/15_image0020130.jpg,7
9539,train/surprise/15_image0020136.jpg,7
9540,train/surprise/15_image0020218.jpg,7
9541,train/surprise/15_image0020266.jpg,7
9542,train/surprise/15_image0020269.jpg,7
9543,train/surprise/15_image0020370.jpg,7
9544,train/surprise/15_image0020525.jpg,7
9545,train/surprise/15_image0020619.jpg,7
9546,train/surprise/15_image0020645.jpg,7
9547,train/surprise/15_image0020883.jpg,7
9548,train/surprise/15_image0021020.jpg,7
9549,train/surprise/15_image0021023.jpg,7
9550,train/surprise/15_image0021057.jpg,7
9551,train/surprise/15_image0021253.jpg,7
9552,train/surprise/15_image0021543.jpg,7
9553,train/surprise/15_image0021749.jpg,7
9554,train/surprise/15_image0021814.jpg,7
9555,train/surprise/15_image0021826.jpg,7
9556,train/surprise/15_image0022064.jpg,7
9557,train/surprise/15_image0022373.jpg,7
9558,train/surprise/15_image0022482.jpg,7
9559,train/surprise/15_image0022489.jpg,7
9560,train/surprise/15_image0022648.jpg,7
9561,train/surprise/15_image0022684.jpg,7
9562,train/surprise/15_image0022716.jpg,7
9563,train/surprise/15_image0022837.jpg,7
9564,train/surprise/15_image0022874.jpg,7
9565,train/surprise/15_image0023050.jpg,7
9566,train/surprise/15_image0023078.jpg,7
9567,train/surprise/15_image0023145.jpg,7
9568,train/surprise/15_image0023310.jpg,7
9569,train/surprise/15_image0023395.jpg,7
9570,train/surprise/15_image0023511.jpg,7
9571,train/surprise/15_image0023545.jpg,7
9572,train/surprise/15_image0023568.jpg,7
9573,train/surprise/15_image0023684.jpg,7
9574,train/surprise/15_image0023703.jpg,7
9575,train/surprise/15_image0023888.jpg,7
9576,train/surprise/15_image0023895.jpg,7
9577,train/surprise/15_image0023907.jpg,7
9578,train/surprise/15_image0023908.jpg,7
9579,train/surprise/15_image0023926.jpg,7
9580,train/surprise/15_image0024102.jpg,7
9581,train/surprise/15_image0024151.jpg,7
9582,train/surprise/15_image0024358.jpg,7
9583,train/surprise/15_image0024384.jpg,7
9584,train/surprise/15_image0024403.jpg,7
9585,train/surprise/15_image0024445.jpg,7
9586,train/surprise/15_image0024458.jpg,7
9587,train/surprise/15_image0024527.jpg,7
9588,train/surprise/15_image0024597.jpg,7
9589,train/surprise/15_image0024667.jpg,7
9590,train/surprise/15_image0024734.jpg,7
9591,train/surprise/15_image0025024.jpg,7
9592,train/surprise/15_image0025174.jpg,7
9593,train/surprise/15_image0025389.jpg,7
9594,train/surprise/15_image0025595.jpg,7
9595,train/surprise/15_image0025641.jpg,7
9596,train/surprise/15_image0025788.jpg,7
9597,train/surprise/15_image0026005.jpg,7
9598,train/surprise/15_image0026062.jpg,7
9599,train/surprise/15_image0026108.jpg,7
9600,train/surprise/15_image0026300.jpg,7
9601,train/surprise/15_image0026385.jpg,7
9602,train/surprise/15_image0026568.jpg,7
9603,train/surprise/15_image0026571.jpg,7
9604,train/surprise/15_image0026876.jpg,7
9605,train/surprise/15_image0026884.jpg,7
9606,train/surprise/15_image0026890.jpg,7
9607,train/surprise/15_image0027049.jpg,7
9608,train/surprise/15_image0027056.jpg,7
9609,train/surprise/15_image0027103.jpg,7
9610,train/surprise/15_image0027109.jpg,7
9611,train/surprise/15_image0027115.jpg,7
9612,train/surprise/15_image0027127.jpg,7
9613,train/surprise/15_image0027192.jpg,7
9614,train/surprise/15_image0027199.jpg,7
9615,train/surprise/15_image0027306.jpg,7
9616,train/surprise/15_image0027390.jpg,7
9617,train/surprise/15_image0027522.jpg,7
9618,train/surprise/15_image0027599.jpg,7
9619,train/surprise/15_image0027653.jpg,7
9620,train/surprise/15_image0027674.jpg,7
9621,train/surprise/15_image0027749.jpg,7
9622,train/surprise/15_image0027780.jpg,7
9623,train/surprise/15_image0027801.jpg,7
9624,train/surprise/15_image0028138.jpg,7
9625,train/surprise/15_image0028314.jpg,7
9626,train/surprise/15_image0028327.jpg,7
9627,train/surprise/15_image0028408.jpg,7
9628,train/surprise/15_image0028560.jpg,7
9629,train/surprise/15_image0028565.jpg,7
9630,train/surprise/15_image0028783.jpg,7
9631,train/surprise/15_image0028789.jpg,7
9632,train/surprise/15_image0028838.jpg,7
9633,train/surprise/15_image0028946.jpg,7
9634,train/surprise/15_image0028949.jpg,7
9635,train/surprise/15_image0028971.jpg,7
9636,train/surprise/15_image0029010.jpg,7
9637,train/surprise/15_image0029047.jpg,7
9638,train/surprise/15_image0029067.jpg,7
9639,train/surprise/15_image0029218.jpg,7
9640,train/surprise/15_image0029244.jpg,7
9641,train/surprise/15_image0029246.jpg,7
9642,train/surprise/15_image0029266.jpg,7
9643,train/surprise/15_image0029692.jpg,7
9644,train/surprise/15_image0029785.jpg,7
9645,train/surprise/15_image0029803.jpg,7
9646,train/surprise/15_image0029893.jpg,7
9647,train/surprise/15_image0029985.jpg,7
9648,train/surprise/15_image0030042.jpg,7
9649,train/surprise/15_image0030052.jpg,7
9650,train/surprise/15_image0030103.jpg,7
9651,train/surprise/15_image0030112.jpg,7
9652,train/surprise/15_image0030163.jpg,7
9653,train/surprise/15_image0030170.jpg,7
9654,train/surprise/15_image0030598.jpg,7
9655,train/surprise/15_image0030629.jpg,7
9656,train/surprise/15_image0030653.jpg,7
9657,train/surprise/15_image0030671.jpg,7
9658,train/surprise/15_image0030694.jpg,7
9659,train/surprise/15_image0030720.jpg,7
9660,train/surprise/15_image0030726.jpg,7
9661,train/surprise/15_image0030800.jpg,7
9662,train/surprise/15_image0030822.jpg,7
9663,train/surprise/15_image0030828.jpg,7
9664,train/surprise/15_image0030850.jpg,7
9665,train/surprise/15_image0030890.jpg,7
9666,train/surprise/15_image0030954.jpg,7
9667,train/surprise/15_image0030962.jpg,7
9668,train/surprise/15_image0030982.jpg,7
9669,train/surprise/15_image0031074.jpg,7
9670,train/surprise/15_image0031091.jpg,7
9671,train/surprise/15_image0031140.jpg,7
9672,train/surprise/15_image0031161.jpg,7
9673,train/surprise/15_image0031166.jpg,7
9674,train/surprise/15_image0031171.jpg,7
9675,train/surprise/15_image0031180.jpg,7
9676,train/surprise/15_image0031209.jpg,7
9677,train/surprise/15_image0031224.jpg,7
9678,train/surprise/15_image0031245.jpg,7
9679,train/surprise/15_image0031257.jpg,7
9680,train/surprise/15_image0031264.jpg,7
9681,train/surprise/15_image0031273.jpg,7
9682,train/surprise/15_image0031275.jpg,7
9683,train/surprise/15_image0031285.jpg,7
9684,train/surprise/15_image0031327.jpg,7
9685,train/surprise/15_image0031331.jpg,7
9686,train/surprise/15_image0031384.jpg,7
9687,train/surprise/15_image0031390.jpg,7
9688,train/surprise/15_image0031394.jpg,7
9689,train/surprise/15_image0031413.jpg,7
9690,train/surprise/15_image0031449.jpg,7
9691,train/surprise/15_image0031451.jpg,7
9692,train/surprise/15_image0031461.jpg,7
9693,train/surprise/15_image0031469.jpg,7
9694,train/surprise/15_image0031473.jpg,7
9695,train/surprise/15_image0031489.jpg,7
9696,train/surprise/15_image0031497.jpg,7
9697,train/surprise/15_image0031538.jpg,7
9698,train/surprise/15_image0031541.jpg,7
9699,train/surprise/15_image0031551.jpg,7
9700,train/surprise/15_image0031598.jpg,7
9701,train/surprise/15_image0031690.jpg,7
9702,train/surprise/15_image0031693.jpg,7
9703,train/surprise/15_image0031710.jpg,7
9704,train/surprise/15_image0031765.jpg,7
9705,train/surprise/15_image0031805.jpg,7
9706,train/surprise/15_image0031894.jpg,7
9707,train/surprise/15_image0031918.jpg,7
9708,train/surprise/15_image0031923.jpg,7
9709,train/surprise/15_image0031931.jpg,7
9710,train/surprise/15_image0031962.jpg,7
9711,train/surprise/15_image0031968.jpg,7
9712,train/surprise/15_image0032044.jpg,7
9713,train/surprise/15_image0032135.jpg,7
9714,train/surprise/15_image0032211.jpg,7
9715,train/surprise/15_image0032212.jpg,7
9716,train/surprise/15_image0032300.jpg,7
9717,train/surprise/15_image0032445.jpg,7
9718,train/surprise/15_image0032452.jpg,7
9719,train/surprise/15_image0032471.jpg,7
9720,train/surprise/15_image0032568.jpg,7
9721,train/surprise/15_image0032590.jpg,7
9722,train/surprise/15_image0032631.jpg,7
9723,train/surprise/15_image0032632.jpg,7
9724,train/surprise/15_image0032644.jpg,7
9725,train/surprise/15_image0032706.jpg,7
9726,train/surprise/15_image0032718.jpg,7
9727,train/surprise/15_image0032721.jpg,7
9728,train/surprise/15_image0032728.jpg,7
9729,train/surprise/15_image0032765.jpg,7
9730,train/surprise/15_image0032780.jpg,7
9731,train/surprise/15_image0032799.jpg,7
9732,train/surprise/15_image0032826.jpg,7
9733,train/surprise/15_image0032865.jpg,7
9734,train/surprise/15_image0032867.jpg,7
9735,train/surprise/15_image0032877.jpg,7
9736,train/surprise/15_image0032885.jpg,7
9737,train/surprise/15_image0032898.jpg,7
9738,train/surprise/15_image0032939.jpg,7
9739,train/surprise/15_image0032989.jpg,7
9740,train/surprise/15_image0033065.jpg,7
9741,train/surprise/15_image0033074.jpg,7
9742,train/surprise/15_image0033117.jpg,7
9743,train/surprise/15_image0033142.jpg,7
9744,train/surprise/15_image0033161.jpg,7
9745,train/surprise/15_image0033166.jpg,7
9746,train/surprise/15_image0033181.jpg,7
9747,train/surprise/15_image0033187.jpg,7
9748,train/surprise/15_image0033194.jpg,7
9749,train/surprise/15_image0033202.jpg,7
9750,train/surprise/15_image0033234.jpg,7
9751,train/surprise/15_image0033260.jpg,7
9752,train/surprise/15_image0033290.jpg,7
9753,train/surprise/15_image0033318.jpg,7
9754,train/surprise/15_image0033321.jpg,7
9755,train/surprise/15_image0033327.jpg,7
9756,train/surprise/15_image0033330.jpg,7
9757,train/surprise/15_image0033343.jpg,7
9758,train/surprise/15_image0033360.jpg,7
9759,train/surprise/15_image0033362.jpg,7
9760,train/surprise/15_image0033378.jpg,7
9761,train/surprise/15_image0033386.jpg,7
9762,train/surprise/15_image0033396.jpg,7
9763,train/surprise/15_image0033425.jpg,7
9764,train/surprise/15_image0033430.jpg,7
9765,train/surprise/15_image0033468.jpg,7
9766,train/surprise/15_image0033475.jpg,7
9767,train/surprise/15_image0033500.jpg,7
9768,train/surprise/15_image0033530.jpg,7
9769,train/surprise/15_image0033532.jpg,7
9770,train/surprise/15_image0033550.jpg,7
9771,train/surprise/15_image0033596.jpg,7
9772,train/surprise/15_image0033603.jpg,7
9773,train/surprise/15_image0033684.jpg,7
9774,train/surprise/15_image0033705.jpg,7
9775,train/surprise/15_image0033714.jpg,7
9776,train/surprise/15_image0033792.jpg,7
9777,train/surprise/15_image0033910.jpg,7
9778,train/surprise/15_image0033941.jpg,7
9779,train/surprise/15_image0033947.jpg,7
9780,train/surprise/15_image0033962.jpg,7
9781,train/surprise/15_image0033981.jpg,7
9782,train/surprise/15_image0034028.jpg,7
9783,train/surprise/15_image0034069.jpg,7
9784,train/surprise/15_image0034087.jpg,7
9785,train/surprise/15_image0034127.jpg,7
9786,train/surprise/15_image0034147.jpg,7
9787,train/surprise/15_image0034155.jpg,7
9788,train/surprise/15_image0034171.jpg,7
9789,train/surprise/15_image0034175.jpg,7
9790,train/surprise/15_image0034201.jpg,7
9791,train/surprise/15_image0034237.jpg,7
9792,train/surprise/15_image0034249.jpg,7
9793,train/surprise/15_image0034268.jpg,7
9794,train/surprise/15_image0034278.jpg,7
9795,train/surprise/15_image0034314.jpg,7
9796,train/surprise/15_image0034320.jpg,7
9797,train/surprise/15_image0034344.jpg,7
9798,train/surprise/15_image0034390.jpg,7
9799,train/surprise/15_image0034392.jpg,7
9800,train/surprise/15_image0034471.jpg,7
9801,train/surprise/15_image0034487.jpg,7
9802,train/surprise/15_image0034511.jpg,7
9803,train/surprise/15_image0034513.jpg,7
9804,train/surprise/15_image0034531.jpg,7
9805,train/surprise/15_image0034566.jpg,7
9806,train/surprise/15_image0034586.jpg,7
9807,train/surprise/15_image0034605.jpg,7
9808,train/surprise/15_image0034632.jpg,7
9809,train/surprise/15_image0034656.jpg,7
9810,train/surprise/15_image0034659.jpg,7
9811,train/surprise/15_image0034690.jpg,7
9812,train/surprise/15_image0034719.jpg,7
9813,train/surprise/15_image0034733.jpg,7
9814,train/surprise/15_image0034788.jpg,7
9815,train/surprise/15_image0034795.jpg,7
9816,train/surprise/15_image0034822.jpg,7
9817,train/surprise/15_image0034829.jpg,7
9818,train/surprise/15_image0034841.jpg,7
9819,train/surprise/15_image0034853.jpg,7
9820,train/surprise/15_image0034871.jpg,7
9821,train/surprise/15_image0034878.jpg,7
9822,train/surprise/15_image0034882.jpg,7
9823,train/surprise/15_image0034891.jpg,7
9824,train/surprise/15_image0034893.jpg,7
9825,train/surprise/15_image0034896.jpg,7
9826,train/surprise/15_image0034901.jpg,7
9827,train/surprise/15_image0034903.jpg,7
9828,train/surprise/15_image0034957.jpg,7
9829,train/surprise/15_image0034977.jpg,7
9830,train/surprise/5_ffhq_109.png,7
9831,train/surprise/5_ffhq_144.png,7
9832,train/surprise/5_ffhq_154.png,7
9833,train/surprise/5_ffhq_157.png,7
9834,train/surprise/5_ffhq_169.png,7
9835,train/surprise/5_ffhq_210.png,7
9836,train/surprise/5_ffhq_213.png,7
9837,train/surprise/5_ffhq_218.png,7
9838,train/surprise/5_ffhq_23.png,7
9839,train/surprise/5_ffhq_241.png,7
9840,train/surprise/5_ffhq_244.png,7
9841,train/surprise/5_ffhq_252.png,7
9842,train/surprise/5_ffhq_28.png,7
9843,train/surprise/5_ffhq_292.png,7
9844,train/surprise/5_ffhq_302.png,7
9845,train/surprise/5_ffhq_311.png,7
9846,train/surprise/5_ffhq_321.png,7
9847,train/surprise/5_ffhq_332.png,7
9848,train/surprise/5_ffhq_36.png,7
9849,train/surprise/5_ffhq_375.png,7
9850,train/surprise/5_ffhq_379.png,7
9851,train/surprise/5_ffhq_396.png,7
9852,train/surprise/5_ffhq_406.png,7
9853,train/surprise/5_ffhq_413.png,7
9854,train/surprise/5_ffhq_418.png,7
9855,train/surprise/5_ffhq_419.png,7
9856,train/surprise/5_ffhq_422.png,7
9857,train/surprise/5_ffhq_434.png,7
9858,train/surprise/5_ffhq_46.png,7
9859,train/surprise/5_ffhq_463.png,7
9860,train/surprise/5_ffhq_471.png,7
9861,train/surprise/5_ffhq_495.png,7
9862,train/surprise/5_ffhq_500.png,7
9863,train/surprise/5_ffhq_502.png,7
9864,train/surprise/5_ffhq_53.png,7
9865,train/surprise/5_ffhq_540.png,7
9866,train/surprise/5_ffhq_545.png,7
9867,train/surprise/5_ffhq_548.png,7
9868,train/surprise/5_ffhq_57.png,7
9869,train/surprise/5_ffhq_570.png,7
9870,train/surprise/5_ffhq_579.png,7
9871,train/surprise/5_ffhq_580.png,7
9872,train/surprise/5_ffhq_585.png,7
9873,train/surprise/5_ffhq_589.png,7
9874,train/surprise/5_ffhq_597.png,7
9875,train/surprise/5_ffhq_621.png,7
9876,train/surprise/5_ffhq_641.png,7
9877,train/surprise/5_ffhq_645.png,7
9878,train/surprise/5_ffhq_656.png,7
9879,train/surprise/5_ffhq_69.png,7
9880,train/surprise/5_ffhq_82.png,7
9881,train/surprise/5_image0000038.jpg,7
9882,train/surprise/5_image0000592.jpg,7
9883,train/surprise/5_image0000826.jpg,7
9884,train/surprise/5_image0000993.jpg,7
9885,train/surprise/5_image0001279.jpg,7
9886,train/surprise/5_image0001847.jpg,7
9887,train/surprise/5_image0001924.jpg,7
9888,train/surprise/5_image0002003.jpg,7
9889,train/surprise/5_image0003441.jpg,7
9890,train/surprise/5_image0003927.jpg,7
9891,train/surprise/5_image0004058.jpg,7
9892,train/surprise/5_image0004133.jpg,7
9893,train/surprise/5_image0004583.jpg,7
9894,train/surprise/5_image0005240.jpg,7
9895,train/surprise/5_image0005353.jpg,7
9896,train/surprise/5_image0005599.jpg,7
9897,train/surprise/5_image0005691.jpg,7
9898,train/surprise/5_image0005692.jpg,7
9899,train/surprise/5_image0005954.jpg,7
9900,train/surprise/5_image0006344.jpg,7
9901,train/surprise/5_image0006399.jpg,7
9902,train/surprise/5_image0006573.jpg,7
9903,train/surprise/5_image0007580.jpg,7
9904,train/surprise/5_image0007586.jpg,7
9905,train/surprise/5_image0007774.jpg,7
9906,train/surprise/5_image0007874.jpg,7
9907,train/surprise/5_image0007902.jpg,7
9908,train/surprise/5_image0007978.jpg,7
9909,train/surprise/5_image0008005.jpg,7
9910,train/surprise/5_image0008128.jpg,7
9911,train/surprise/5_image0008531.jpg,7
9912,train/surprise/5_image0008953.jpg,7
9913,train/surprise/5_image0008986.jpg,7
9914,train/surprise/5_image0009136.jpg,7
9915,train/surprise/5_image0009521.jpg,7
9916,train/surprise/5_image0009650.jpg,7
9917,train/surprise/5_image0009825.jpg,7
9918,train/surprise/5_image0010137.jpg,7
9919,train/surprise/5_image0010328.jpg,7
9920,train/surprise/5_image0010932.jpg,7
9921,train/surprise/5_image0010960.jpg,7
9922,train/surprise/5_image0011146.jpg,7
9923,train/surprise/5_image0011211.jpg,7
9924,train/surprise/5_image0011493.jpg,7
9925,train/surprise/5_image0011600.jpg,7
9926,train/surprise/5_image0011936.jpg,7
9927,train/surprise/5_image0012128.jpg,7
9928,train/surprise/5_image0012219.jpg,7
9929,train/surprise/5_image0012254.jpg,7
9930,train/surprise/5_image0012517.jpg,7
9931,train/surprise/5_image0012865.jpg,7
9932,train/surprise/5_image0013351.jpg,7
9933,train/surprise/5_image0013365.jpg,7
9934,train/surprise/5_image0013604.jpg,7
9935,train/surprise/5_image0013932.jpg,7
9936,train/surprise/5_image0014149.jpg,7
9937,train/surprise/5_image0014502.jpg,7
9938,train/surprise/5_image0014925.jpg,7
9939,train/surprise/5_image0015199.jpg,7
9940,train/surprise/5_image0015257.jpg,7
9941,train/surprise/5_image0015288.jpg,7
9942,train/surprise/5_image0015425.jpg,7
9943,train/surprise/5_image0015775.jpg,7
9944,train/surprise/5_image0015847.jpg,7
9945,train/surprise/5_image0015993.jpg,7
9946,train/surprise/5_image0016432.jpg,7
9947,train/surprise/5_image0016694.jpg,7
9948,train/surprise/5_image0017285.jpg,7
9949,train/surprise/5_image0017338.jpg,7
9950,train/surprise/5_image0017506.jpg,7
9951,train/surprise/5_image0017512.jpg,7
9952,train/surprise/5_image0017533.jpg,7
9953,train/surprise/5_image0017538.jpg,7
9954,train/surprise/5_image0017592.jpg,7
9955,train/surprise/5_image0017770.jpg,7
9956,train/surprise/5_image0017867.jpg,7
9957,train/surprise/5_image0017872.jpg,7
9958,train/surprise/5_image0017923.jpg,7
9959,train/surprise/5_image0017965.jpg,7
9960,train/surprise/5_image0018101.jpg,7
9961,train/surprise/5_image0018160.jpg,7
9962,train/surprise/5_image0018169.jpg,7
9963,train/surprise/5_image0018351.jpg,7
9964,train/surprise/5_image0018365.jpg,7
9965,train/surprise/5_image0018399.jpg,7
9966,train/surprise/5_image0018467.jpg,7
9967,train/surprise/5_image0018546.jpg,7
9968,train/surprise/5_image0018689.jpg,7
9969,train/surprise/5_image0018883.jpg,7
9970,train/surprise/5_image0018890.jpg,7
9971,train/surprise/5_image0018938.jpg,7
9972,train/surprise/5_image0018965.jpg,7
9973,train/surprise/5_image0019158.jpg,7
9974,train/surprise/5_image0019297.jpg,7
9975,train/surprise/5_image0019453.jpg,7
9976,train/surprise/5_image0019704.jpg,7
9977,train/surprise/5_image0019828.jpg,7
9978,train/surprise/5_image0020061.jpg,7
9979,train/surprise/5_image0020263.jpg,7
9980,train/surprise/5_image0020426.jpg,7
9981,train/surprise/5_image0020542.jpg,7
9982,train/surprise/5_image0020547.jpg,7
9983,train/surprise/5_image0020623.jpg,7
9984,train/surprise/5_image0020645.jpg,7
9985,train/surprise/5_image0020675.jpg,7
9986,train/surprise/5_image0020676.jpg,7
9987,train/surprise/5_image0020724.jpg,7
9988,train/surprise/5_image0020744.jpg,7
9989,train/surprise/5_image0020803.jpg,7
9990,train/surprise/5_image0020869.jpg,7
9991,train/surprise/5_image0020949.jpg,7
9992,train/surprise/5_image0020994.jpg,7
9993,train/surprise/5_image0021014.jpg,7
9994,train/surprise/5_image0021123.jpg,7
9995,train/surprise/5_image0021135.jpg,7
9996,train/surprise/5_image0021311.jpg,7
9997,train/surprise/5_image0021431.jpg,7
9998,train/surprise/5_image0021517.jpg,7
9999,train/surprise/5_image0021576.jpg,7
10000,train/surprise/5_image0021643.jpg,7
10001,train/surprise/5_image0021683.jpg,7
10002,train/surprise/5_image0021814.jpg,7
10003,train/surprise/5_image0022261.jpg,7
10004,train/surprise/5_image0022482.jpg,7
10005,train/surprise/5_image0022599.jpg,7
10006,train/surprise/5_image0022645.jpg,7
10007,train/surprise/5_image0022659.jpg,7
10008,train/surprise/5_image0022845.jpg,7
10009,train/surprise/5_image0022874.jpg,7
10010,train/surprise/5_image0022882.jpg,7
10011,train/surprise/5_image0022939.jpg,7
10012,train/surprise/5_image0023078.jpg,7
10013,train/surprise/5_image0023145.jpg,7
10014,train/surprise/5_image0023166.jpg,7
10015,train/surprise/5_image0023170.jpg,7
10016,train/surprise/5_image0023334.jpg,7
10017,train/surprise/5_image0023340.jpg,7
10018,train/surprise/5_image0023390.jpg,7
10019,train/surprise/5_image0023495.jpg,7
10020,train/surprise/5_image0023497.jpg,7
10021,train/surprise/5_image0023863.jpg,7
10022,train/surprise/5_image0023917.jpg,7
10023,train/surprise/5_image0023995.jpg,7
10024,train/surprise/5_image0024122.jpg,7
10025,train/surprise/5_image0024151.jpg,7
10026,train/surprise/5_image0024356.jpg,7
10027,train/surprise/5_image0024487.jpg,7
10028,train/surprise/5_image0024494.jpg,7
10029,train/surprise/5_image0024597.jpg,7
10030,train/surprise/5_image0024887.jpg,7
10031,train/surprise/5_image0025012.jpg,7
10032,train/surprise/5_image0025091.jpg,7
10033,train/surprise/5_image0025105.jpg,7
10034,train/surprise/5_image0025111.jpg,7
10035,train/surprise/5_image0025457.jpg,7
10036,train/surprise/5_image0025507.jpg,7
10037,train/surprise/5_image0025572.jpg,7
10038,train/surprise/5_image0025750.jpg,7
10039,train/surprise/5_image0025903.jpg,7
10040,train/surprise/5_image0025981.jpg,7
10041,train/surprise/5_image0026168.jpg,7
10042,train/surprise/5_image0026265.jpg,7
10043,train/surprise/5_image0026408.jpg,7
10044,train/surprise/5_image0026535.jpg,7
10045,train/surprise/5_image0026633.jpg,7
10046,train/surprise/5_image0026669.jpg,7
10047,train/surprise/5_image0026694.jpg,7
10048,train/surprise/5_image0026697.jpg,7
10049,train/surprise/5_image0026756.jpg,7
10050,train/surprise/5_image0026828.jpg,7
10051,train/surprise/5_image0026871.jpg,7
10052,train/surprise/5_image0027086.jpg,7
10053,train/surprise/5_image0027176.jpg,7
10054,train/surprise/5_image0027192.jpg,7
10055,train/surprise/5_image0027292.jpg,7
10056,train/surprise/5_image0027329.jpg,7
10057,train/surprise/5_image0027378.jpg,7
10058,train/surprise/5_image0027390.jpg,7
10059,train/surprise/5_image0027417.jpg,7
10060,train/surprise/5_image0027460.jpg,7
10061,train/surprise/5_image0027578.jpg,7
10062,train/surprise/5_image0027645.jpg,7
10063,train/surprise/5_image0027697.jpg,7
10064,train/surprise/5_image0027729.jpg,7
10065,train/surprise/5_image0027836.jpg,7
10066,train/surprise/5_image0027844.jpg,7
10067,train/surprise/5_image0027938.jpg,7
10068,train/surprise/5_image0027950.jpg,7
10069,train/surprise/5_image0027989.jpg,7
10070,train/surprise/5_image0028050.jpg,7
10071,train/surprise/5_image0028090.jpg,7
10072,train/surprise/5_image0028137.jpg,7
10073,train/surprise/5_image0028218.jpg,7
10074,train/surprise/5_image0028314.jpg,7
10075,train/surprise/5_image0028327.jpg,7
10076,train/surprise/5_image0028477.jpg,7
10077,train/surprise/5_image0028519.jpg,7
10078,train/surprise/5_image0028541.jpg,7
10079,train/surprise/5_image0028564.jpg,7
10080,train/surprise/5_image0028625.jpg,7
10081,train/surprise/5_image0028637.jpg,7
10082,train/surprise/5_image0028639.jpg,7
10083,train/surprise/5_image0028649.jpg,7
10084,train/surprise/5_image0028704.jpg,7
10085,train/surprise/5_image0028801.jpg,7
10086,train/surprise/5_image0028847.jpg,7
10087,train/surprise/5_image0028921.jpg,7
10088,train/surprise/5_image0028949.jpg,7
10089,train/surprise/5_image0029047.jpg,7
10090,train/surprise/5_image0029052.jpg,7
10091,train/surprise/5_image0029073.jpg,7
10092,train/surprise/5_image0029187.jpg,7
10093,train/surprise/5_image0029218.jpg,7
10094,train/surprise/5_image0029240.jpg,7
10095,train/surprise/5_image0029266.jpg,7
10096,train/surprise/5_image0029279.jpg,7
10097,train/surprise/5_image0029300.jpg,7
10098,train/surprise/5_image0029644.jpg,7
10099,train/surprise/5_image0029692.jpg,7
10100,train/surprise/5_image0029722.jpg,7
10101,train/surprise/5_image0029821.jpg,7
10102,train/surprise/5_image0030005.jpg,7
10103,train/surprise/5_image0030042.jpg,7
10104,train/surprise/5_image0030203.jpg,7
10105,train/surprise/5_image0030296.jpg,7
10106,train/surprise/5_image0030324.jpg,7
10107,train/surprise/5_image0030454.jpg,7
10108,train/surprise/5_image0030611.jpg,7
10109,train/surprise/5_image0030650.jpg,7
10110,train/surprise/5_image0030744.jpg,7
10111,train/surprise/5_image0030761.jpg,7
10112,train/surprise/5_image0030800.jpg,7
10113,train/surprise/5_image0030825.jpg,7
10114,train/surprise/5_image0030828.jpg,7
10115,train/surprise/5_image0030859.jpg,7
10116,train/surprise/5_image0030860.jpg,7
10117,train/surprise/5_image0030913.jpg,7
10118,train/surprise/5_image0030915.jpg,7
10119,train/surprise/5_image0030917.jpg,7
10120,train/surprise/5_image0030965.jpg,7
10121,train/surprise/5_image0030973.jpg,7
10122,train/surprise/5_image0030982.jpg,7
10123,train/surprise/5_image0031011.jpg,7
10124,train/surprise/5_image0031075.jpg,7
10125,train/surprise/5_image0031085.jpg,7
10126,train/surprise/5_image0031140.jpg,7
10127,train/surprise/5_image0031150.jpg,7
10128,train/surprise/5_image0031159.jpg,7
10129,train/surprise/5_image0031171.jpg,7
10130,train/surprise/5_image0031178.jpg,7
10131,train/surprise/5_image0031192.jpg,7
10132,train/surprise/5_image0031196.jpg,7
10133,train/surprise/5_image0031250.jpg,7
10134,train/surprise/5_image0031260.jpg,7
10135,train/surprise/5_image0031264.jpg,7
10136,train/surprise/5_image0031334.jpg,7
10137,train/surprise/5_image0031419.jpg,7
10138,train/surprise/5_image0031446.jpg,7
10139,train/surprise/5_image0031541.jpg,7
10140,train/surprise/5_image0031558.jpg,7
10141,train/surprise/5_image0031713.jpg,7
10142,train/surprise/5_image0031722.jpg,7
10143,train/surprise/5_image0031763.jpg,7
10144,train/surprise/5_image0031774.jpg,7
10145,train/surprise/5_image0031836.jpg,7
10146,train/surprise/5_image0031916.jpg,7
10147,train/surprise/5_image0031932.jpg,7
10148,train/surprise/5_image0031945.jpg,7
10149,train/surprise/5_image0031970.jpg,7
10150,train/surprise/5_image0032011.jpg,7
10151,train/surprise/5_image0032016.jpg,7
10152,train/surprise/5_image0032020.jpg,7
10153,train/surprise/5_image0032026.jpg,7
10154,train/surprise/5_image0032067.jpg,7
10155,train/surprise/5_image0032136.jpg,7
10156,train/surprise/5_image0032173.jpg,7
10157,train/surprise/5_image0032238.jpg,7
10158,train/surprise/5_image0032255.jpg,7
10159,train/surprise/5_image0032268.jpg,7
10160,train/surprise/5_image0032373.jpg,7
10161,train/surprise/5_image0032417.jpg,7
10162,train/surprise/5_image0032426.jpg,7
10163,train/surprise/5_image0032476.jpg,7
10164,train/surprise/5_image0032482.jpg,7
10165,train/surprise/5_image0032508.jpg,7
10166,train/surprise/5_image0032565.jpg,7
10167,train/surprise/5_image0032612.jpg,7
10168,train/surprise/5_image0032645.jpg,7
10169,train/surprise/5_image0032668.jpg,7
10170,train/surprise/5_image0032669.jpg,7
10171,train/surprise/5_image0032727.jpg,7
10172,train/surprise/5_image0032765.jpg,7
10173,train/surprise/5_image0032785.jpg,7
10174,train/surprise/5_image0032852.jpg,7
10175,train/surprise/5_image0032853.jpg,7
10176,train/surprise/5_image0032860.jpg,7
10177,train/surprise/5_image0032875.jpg,7
10178,train/surprise/5_image0032896.jpg,7
10179,train/surprise/5_image0032898.jpg,7
10180,train/surprise/5_image0032924.jpg,7
10181,train/surprise/5_image0032928.jpg,7
10182,train/surprise/5_image0033004.jpg,7
10183,train/surprise/5_image0033099.jpg,7
10184,train/surprise/5_image0033148.jpg,7
10185,train/surprise/5_image0033161.jpg,7
10186,train/surprise/5_image0033181.jpg,7
10187,train/surprise/5_image0033214.jpg,7
10188,train/surprise/5_image0033235.jpg,7
10189,train/surprise/5_image0033239.jpg,7
10190,train/surprise/5_image0033273.jpg,7
10191,train/surprise/5_image0033299.jpg,7
10192,train/surprise/5_image0033302.jpg,7
10193,train/surprise/5_image0033352.jpg,7
10194,train/surprise/5_image0033353.jpg,7
10195,train/surprise/5_image0033415.jpg,7
10196,train/surprise/5_image0033475.jpg,7
10197,train/surprise/5_image0033518.jpg,7
10198,train/surprise/5_image0033530.jpg,7
10199,train/surprise/5_image0033548.jpg,7
10200,train/surprise/5_image0033566.jpg,7
10201,train/surprise/5_image0033656.jpg,7
10202,train/surprise/5_image0033662.jpg,7
10203,train/surprise/5_image0033674.jpg,7
10204,train/surprise/5_image0033704.jpg,7
10205,train/surprise/5_image0033719.jpg,7
10206,train/surprise/5_image0033726.jpg,7
10207,train/surprise/5_image0033730.jpg,7
10208,train/surprise/5_image0033782.jpg,7
10209,train/surprise/5_image0033801.jpg,7
10210,train/surprise/5_image0033810.jpg,7
10211,train/surprise/5_image0033851.jpg,7
10212,train/surprise/5_image0033873.jpg,7
10213,train/surprise/5_image0033922.jpg,7
10214,train/surprise/5_image0033931.jpg,7
10215,train/surprise/5_image0033983.jpg,7
10216,train/surprise/5_image0034036.jpg,7
10217,train/surprise/5_image0034114.jpg,7
10218,train/surprise/5_image0034151.jpg,7
10219,train/surprise/5_image0034152.jpg,7
10220,train/surprise/5_image0034201.jpg,7
10221,train/surprise/5_image0034209.jpg,7
10222,train/surprise/5_image0034238.jpg,7
10223,train/surprise/5_image0034242.jpg,7
10224,train/surprise/5_image0034294.jpg,7
10225,train/surprise/5_image0034299.jpg,7
10226,train/surprise/5_image0034301.jpg,7
10227,train/surprise/5_image0034303.jpg,7
10228,train/surprise/5_image0034327.jpg,7
10229,train/surprise/5_image0034336.jpg,7
10230,train/surprise/5_image0034362.jpg,7
10231,train/surprise/5_image0034369.jpg,7
10232,train/surprise/5_image0034456.jpg,7
10233,train/surprise/5_image0034465.jpg,7
10234,train/surprise/5_image0034499.jpg,7
10235,train/surprise/5_image0034528.jpg,7
10236,train/surprise/5_image0034597.jpg,7
10237,train/surprise/5_image0034635.jpg,7
10238,train/surprise/5_image0034644.jpg,7
10239,train/surprise/5_image0034704.jpg,7
10240,train/surprise/5_image0034722.jpg,7
10241,train/surprise/5_image0034731.jpg,7
10242,train/surprise/5_image0034759.jpg,7
10243,train/surprise/5_image0034767.jpg,7
10244,train/surprise/5_image0034772.jpg,7
10245,train/surprise/5_image0034778.jpg,7
10246,train/surprise/5_image0034788.jpg,7
10247,train/surprise/5_image0034846.jpg,7
10248,train/surprise/5_image0034892.jpg,7
10249,train/surprise/5_image0034903.jpg,7
10250,train/surprise/5_image0034931.jpg,7
